sample_unix_ns,timestamp,gpu_utilization_percent,memory_controller_utilization_percent,vram_used_mib,vram_total_mib,power_w,sm_clock_mhz,memory_clock_mhz
1786575501877579800,2026/08/13 08:58:21.908,0.0,0.0,1978.0,32607.0,39.64,292.0,7001.0
1786575502623171200,2026/08/13 08:58:22.654,0.0,0.0,1979.0,32607.0,38.95,307.0,7001.0
1786575503172136900,2026/08/13 08:58:23.204,0.0,0.0,1979.0,32607.0,39.15,352.0,7001.0
1786575503862729000,2026/08/13 08:58:23.897,0.0,0.0,1971.0,32607.0,39.7,390.0,7001.0
1786575504447596200,2026/08/13 08:58:24.478,0.0,0.0,2468.0,32607.0,49.94,2137.0,14001.0
1786575504994451200,2026/08/13 08:58:25.026,0.0,0.0,2468.0,32607.0,66.88,2482.0,14001.0
1786575505540271800,2026/08/13 08:58:25.571,0.0,0.0,2467.0,32607.0,72.64,2482.0,14001.0
1786575506089836900,2026/08/13 08:58:26.120,0.0,0.0,2513.0,32607.0,72.65,2482.0,14001.0
1786575506640524800,2026/08/13 08:58:26.672,0.0,0.0,2512.0,32607.0,73.71,2497.0,14001.0
1786575507191309000,2026/08/13 08:58:27.223,2.0,0.0,2531.0,32607.0,74.55,2490.0,14001.0
1786575507736440500,2026/08/13 08:58:27.767,0.0,0.0,2521.0,32607.0,75.07,2505.0,14001.0
1786575508286876400,2026/08/13 08:58:28.318,0.0,0.0,2563.0,32607.0,74.66,2482.0,14001.0
1786575508835443700,2026/08/13 08:58:28.865,0.0,0.0,2551.0,32607.0,73.7,2482.0,14001.0
1786575509372861700,2026/08/13 08:58:29.404,0.0,0.0,2547.0,32607.0,73.55,2482.0,14001.0
1786575509923529900,2026/08/13 08:58:29.955,0.0,0.0,2594.0,32607.0,73.79,2490.0,14001.0
1786575510472526900,2026/08/13 08:58:30.504,0.0,1.0,2584.0,32607.0,66.82,1372.0,7001.0
1786575511021965900,2026/08/13 08:58:31.053,0.0,1.0,2580.0,32607.0,49.33,555.0,7001.0
1786575511560618800,2026/08/13 08:58:31.590,2.0,1.0,2624.0,32607.0,40.49,480.0,7001.0
1786575512106412600,2026/08/13 08:58:32.137,0.0,1.0,2588.0,32607.0,40.21,420.0,7001.0
1786575512653824300,2026/08/13 08:58:32.685,0.0,1.0,2588.0,32607.0,39.84,367.0,7001.0
1786575513202806400,2026/08/13 08:58:33.233,0.0,1.0,2588.0,32607.0,39.32,315.0,7001.0
1786575513751811900,2026/08/13 08:58:33.783,0.0,1.0,2646.0,32607.0,39.0,307.0,7001.0
1786575514295777500,2026/08/13 08:58:34.327,1.0,1.0,2676.0,32607.0,38.87,315.0,7001.0
1786575514842275400,2026/08/13 08:58:34.873,0.0,1.0,2692.0,32607.0,39.06,307.0,7001.0
1786575515391984800,2026/08/13 08:58:35.423,0.0,1.0,2708.0,32607.0,38.72,322.0,7001.0
1786575515941536500,2026/08/13 08:58:35.973,0.0,1.0,2734.0,32607.0,38.61,292.0,7001.0
1786575516485580800,2026/08/13 08:58:36.517,0.0,1.0,2734.0,32607.0,38.55,315.0,7001.0
1786575517035721800,2026/08/13 08:58:37.065,1.0,1.0,2760.0,32607.0,38.55,292.0,7001.0
1786575517581576500,2026/08/13 08:58:37.612,0.0,1.0,2786.0,32607.0,38.32,292.0,7001.0
1786575518127620800,2026/08/13 08:58:38.159,0.0,1.0,2836.0,32607.0,38.45,360.0,7001.0
1786575518673825200,2026/08/13 08:58:38.705,1.0,1.0,2880.0,32607.0,38.54,345.0,7001.0
1786575519220214000,2026/08/13 08:58:39.250,0.0,1.0,2930.0,32607.0,38.6,337.0,7001.0
1786575519766414500,2026/08/13 08:58:39.798,0.0,1.0,2968.0,32607.0,38.38,345.0,7001.0
1786575520310190100,2026/08/13 08:58:40.341,0.0,1.0,3006.0,32607.0,38.15,322.0,7001.0
1786575520859637300,2026/08/13 08:58:40.890,0.0,1.0,3050.0,32607.0,37.92,322.0,7001.0
1786575521406124300,2026/08/13 08:58:41.437,0.0,1.0,3096.0,32607.0,37.65,315.0,7001.0
1786575521951444800,2026/08/13 08:58:41.983,0.0,1.0,3140.0,32607.0,37.57,322.0,7001.0
1786575522501024000,2026/08/13 08:58:42.532,1.0,1.0,3190.0,32607.0,37.43,315.0,7001.0
1786575523048462400,2026/08/13 08:58:43.080,1.0,1.0,3234.0,32607.0,37.17,315.0,7001.0
1786575523600433600,2026/08/13 08:58:43.631,1.0,1.0,3278.0,32607.0,37.24,345.0,7001.0
1786575524146323700,2026/08/13 08:58:44.177,0.0,1.0,3330.0,32607.0,37.08,337.0,7001.0
1786575524693937000,2026/08/13 08:58:44.725,0.0,1.0,3380.0,32607.0,37.09,337.0,7001.0
1786575525240811000,2026/08/13 08:58:45.272,1.0,1.0,3424.0,32607.0,37.14,352.0,7001.0
1786575525787600500,2026/08/13 08:58:45.818,0.0,1.0,3468.0,32607.0,36.87,330.0,7001.0
1786575526332237900,2026/08/13 08:58:46.363,0.0,1.0,3514.0,32607.0,36.9,322.0,7001.0
1786575526877652100,2026/08/13 08:58:46.908,0.0,1.0,3558.0,32607.0,36.94,352.0,7001.0
1786575527422793500,2026/08/13 08:58:47.453,0.0,1.0,3602.0,32607.0,36.77,322.0,7001.0
1786575527967487700,2026/08/13 08:58:47.999,0.0,1.0,3646.0,32607.0,36.47,330.0,7001.0
1786575528511201300,2026/08/13 08:58:48.542,1.0,1.0,3684.0,32607.0,36.46,315.0,7001.0
1786575529055629500,2026/08/13 08:58:49.086,0.0,1.0,3722.0,32607.0,36.28,330.0,7001.0
1786575529601244400,2026/08/13 08:58:49.631,1.0,1.0,3766.0,32607.0,36.36,322.0,7001.0
1786575530145498000,2026/08/13 08:58:50.176,0.0,1.0,3810.0,32607.0,36.41,330.0,7001.0
1786575530695184800,2026/08/13 08:58:50.725,0.0,1.0,3856.0,32607.0,36.08,337.0,7001.0
1786575531241195200,2026/08/13 08:58:51.273,0.0,1.0,3900.0,32607.0,35.86,337.0,7001.0
1786575531791166000,2026/08/13 08:58:51.822,0.0,1.0,3944.0,32607.0,36.08,337.0,7001.0
1786575532341683500,2026/08/13 08:58:52.373,0.0,1.0,3988.0,32607.0,36.1,330.0,7001.0
1786575532889406800,2026/08/13 08:58:52.921,1.0,1.0,4026.0,32607.0,35.67,337.0,7001.0
1786575533435871500,2026/08/13 08:58:53.466,1.0,1.0,4070.0,32607.0,35.29,322.0,7001.0
1786575533982449800,2026/08/13 08:58:54.014,0.0,1.0,4122.0,32607.0,35.04,330.0,7001.0
1786575534527132000,2026/08/13 08:58:54.559,0.0,1.0,4166.0,32607.0,35.28,322.0,7001.0
1786575535075961800,2026/08/13 08:58:55.107,0.0,1.0,4210.0,32607.0,35.42,352.0,7001.0
1786575535626012200,2026/08/13 08:58:55.657,1.0,1.0,4254.0,32607.0,35.48,322.0,7001.0
1786575536171642100,2026/08/13 08:58:56.203,0.0,1.0,4292.0,32607.0,35.44,352.0,7001.0
1786575536720099400,2026/08/13 08:58:56.752,0.0,1.0,4336.0,32607.0,35.63,330.0,7001.0
1786575537267837400,2026/08/13 08:58:57.299,0.0,1.0,4380.0,32607.0,35.31,315.0,7001.0
1786575537817566200,2026/08/13 08:58:57.849,0.0,1.0,4426.0,32607.0,35.26,337.0,7001.0
1786575538362968500,2026/08/13 08:58:58.393,0.0,1.0,4470.0,32607.0,35.29,352.0,7001.0
1786575538909386400,2026/08/13 08:58:58.940,0.0,1.0,4514.0,32607.0,35.05,337.0,7001.0
1786575539455862800,2026/08/13 08:58:59.487,0.0,1.0,4564.0,32607.0,35.09,360.0,7001.0
1786575540001050700,2026/08/13 08:59:00.032,0.0,1.0,4608.0,32607.0,35.05,345.0,7001.0
1786575540547103900,2026/08/13 08:59:00.578,0.0,1.0,4654.0,32607.0,34.98,322.0,7001.0
1786575541093979100,2026/08/13 08:59:01.125,1.0,1.0,4692.0,32607.0,35.22,337.0,7001.0
1786575541641206200,2026/08/13 08:59:01.673,0.0,1.0,4742.0,32607.0,35.12,337.0,7001.0
1786575542191079900,2026/08/13 08:59:02.221,0.0,1.0,4792.0,32607.0,35.15,367.0,7001.0
1786575542737551200,2026/08/13 08:59:02.768,0.0,1.0,4838.0,32607.0,34.8,360.0,7001.0
1786575543279925200,2026/08/13 08:59:03.311,0.0,1.0,4888.0,32607.0,34.49,337.0,7001.0
1786575543823955000,2026/08/13 08:59:03.854,0.0,1.0,4938.0,32607.0,34.48,345.0,7001.0
1786575544367750800,2026/08/13 08:59:04.399,0.0,1.0,4988.0,32607.0,34.76,337.0,7001.0
1786575544915783300,2026/08/13 08:59:04.947,0.0,1.0,5020.0,32607.0,34.53,315.0,7001.0
1786575545461043700,2026/08/13 08:59:05.492,0.0,1.0,5080.0,32607.0,34.59,360.0,7001.0
1786575546006952400,2026/08/13 08:59:06.038,1.0,1.0,5124.0,32607.0,34.47,330.0,7001.0
1786575546553042800,2026/08/13 08:59:06.584,1.0,1.0,5168.0,32607.0,34.47,337.0,7001.0
1786575547100211500,2026/08/13 08:59:07.131,0.0,1.0,5218.0,32607.0,34.61,322.0,7001.0
1786575547644902600,2026/08/13 08:59:07.676,0.0,1.0,5264.0,32607.0,34.54,345.0,7001.0
1786575548190725900,2026/08/13 08:59:08.222,0.0,1.0,5314.0,32607.0,34.68,337.0,7001.0
1786575548737062900,2026/08/13 08:59:08.767,0.0,1.0,5358.0,32607.0,34.6,375.0,7001.0
1786575549284656600,2026/08/13 08:59:09.316,0.0,1.0,5398.0,32607.0,34.32,322.0,7001.0
1786575549828507200,2026/08/13 08:59:09.860,0.0,1.0,5448.0,32607.0,34.01,315.0,7001.0
1786575550373379800,2026/08/13 08:59:10.404,1.0,1.0,5490.0,32607.0,34.17,315.0,7001.0
1786575550920925700,2026/08/13 08:59:10.952,0.0,1.0,5534.0,32607.0,34.1,337.0,7001.0
1786575551467985900,2026/08/13 08:59:11.498,1.0,1.0,5584.0,32607.0,34.18,337.0,7001.0
1786575552011416300,2026/08/13 08:59:12.042,1.0,1.0,5628.0,32607.0,34.19,330.0,7001.0
1786575552556985800,2026/08/13 08:59:12.589,1.0,1.0,5680.0,32607.0,34.15,352.0,7001.0
1786575553102341500,2026/08/13 08:59:13.133,0.0,1.0,5710.0,32607.0,34.08,337.0,7001.0
1786575553649397800,2026/08/13 08:59:13.680,0.0,1.0,5762.0,32607.0,34.03,345.0,7001.0
1786575554195334700,2026/08/13 08:59:14.226,0.0,1.0,5812.0,32607.0,34.3,352.0,7001.0
1786575554742521400,2026/08/13 08:59:14.773,0.0,1.0,5856.0,32607.0,34.28,322.0,7001.0
1786575555288833000,2026/08/13 08:59:15.320,0.0,1.0,5908.0,32607.0,34.22,322.0,7001.0
1786575555837338300,2026/08/13 08:59:15.869,1.0,1.0,5958.0,32607.0,34.34,352.0,7001.0
1786575556383436500,2026/08/13 08:59:16.414,0.0,1.0,6002.0,32607.0,33.98,345.0,7001.0
1786575556930009800,2026/08/13 08:59:16.961,0.0,1.0,6052.0,32607.0,34.02,352.0,7001.0
1786575557476851300,2026/08/13 08:59:17.508,0.0,1.0,6104.0,32607.0,34.01,322.0,7001.0
1786575558021397300,2026/08/13 08:59:18.053,1.0,1.0,6154.0,32607.0,34.01,352.0,7001.0
1786575558567574600,2026/08/13 08:59:18.598,1.0,1.0,6198.0,32607.0,33.83,352.0,7001.0
1786575559112230300,2026/08/13 08:59:19.143,0.0,1.0,6250.0,32607.0,33.84,345.0,7001.0
1786575559659889900,2026/08/13 08:59:19.690,0.0,1.0,6300.0,32607.0,33.89,360.0,7001.0
1786575560203883000,2026/08/13 08:59:20.235,0.0,1.0,6344.0,32607.0,33.81,345.0,7001.0
1786575560750752900,2026/08/13 08:59:20.782,1.0,1.0,6388.0,32607.0,33.65,337.0,7001.0
1786575561296169200,2026/08/13 08:59:21.327,0.0,1.0,6426.0,32607.0,33.58,337.0,7001.0
1786575561840888900,2026/08/13 08:59:21.872,0.0,1.0,6478.0,32607.0,33.58,330.0,7001.0
1786575562386048700,2026/08/13 08:59:22.417,1.0,1.0,6528.0,32607.0,33.53,337.0,7001.0
1786575562928747000,2026/08/13 08:59:22.960,0.0,1.0,6578.0,32607.0,33.51,352.0,7001.0
1786575563477798700,2026/08/13 08:59:23.509,1.0,1.0,6630.0,32607.0,33.61,360.0,7001.0
1786575564026318700,2026/08/13 08:59:24.057,0.0,1.0,6680.0,32607.0,33.71,330.0,7001.0
1786575564577252200,2026/08/13 08:59:24.608,1.0,1.0,6724.0,32607.0,33.76,337.0,7001.0
1786575565119616800,2026/08/13 08:59:25.150,1.0,1.0,6774.0,32607.0,33.74,337.0,7001.0
1786575565667573500,2026/08/13 08:59:25.698,0.0,1.0,6826.0,32607.0,33.57,337.0,7001.0
1786575566212992500,2026/08/13 08:59:26.244,0.0,1.0,6870.0,32607.0,33.53,337.0,7001.0
1786575566756354100,2026/08/13 08:59:26.788,0.0,1.0,6920.0,32607.0,33.37,352.0,7001.0
1786575567299949300,2026/08/13 08:59:27.331,1.0,1.0,6966.0,32607.0,33.35,315.0,7001.0
1786575567848771200,2026/08/13 08:59:27.880,0.0,1.0,7016.0,32607.0,33.59,337.0,7001.0
1786575568393898100,2026/08/13 08:59:28.423,1.0,1.0,7066.0,32607.0,33.1,337.0,7001.0
1786575568941721000,2026/08/13 08:59:28.973,0.0,1.0,7104.0,32607.0,33.03,345.0,7001.0
1786575569485691300,2026/08/13 08:59:29.517,0.0,1.0,7142.0,32607.0,32.91,352.0,7001.0
1786575570032122700,2026/08/13 08:59:30.063,0.0,1.0,7186.0,32607.0,32.87,330.0,7001.0
1786575570578106300,2026/08/13 08:59:30.609,0.0,1.0,7230.0,32607.0,32.99,345.0,7001.0
1786575571123341400,2026/08/13 08:59:31.154,0.0,1.0,7276.0,32607.0,33.09,352.0,7001.0
1786575571670406800,2026/08/13 08:59:31.702,0.0,1.0,7326.0,32607.0,32.96,322.0,7001.0
1786575572215232600,2026/08/13 08:59:32.246,0.0,1.0,7370.0,32607.0,32.99,337.0,7001.0
1786575572764316200,2026/08/13 08:59:32.794,0.0,1.0,7414.0,32607.0,33.08,352.0,7001.0
1786575573310144600,2026/08/13 08:59:33.342,0.0,1.0,7466.0,32607.0,32.73,315.0,7001.0
1786575573857754900,2026/08/13 08:59:33.889,1.0,1.0,7510.0,32607.0,32.73,337.0,7001.0
1786575574404935700,2026/08/13 08:59:34.436,0.0,1.0,7560.0,32607.0,33.01,352.0,7001.0
1786575574955224600,2026/08/13 08:59:34.986,1.0,1.0,7610.0,32607.0,32.96,352.0,7001.0
1786575575501266400,2026/08/13 08:59:35.532,1.0,1.0,7656.0,32607.0,32.96,352.0,7001.0
1786575576044627500,2026/08/13 08:59:36.076,0.0,1.0,7706.0,32607.0,33.1,360.0,7001.0
1786575576585872100,2026/08/13 08:59:36.617,0.0,1.0,7750.0,32607.0,33.11,352.0,7001.0
1786575577132769400,2026/08/13 08:59:37.164,1.0,1.0,7794.0,32607.0,33.16,330.0,7001.0
1786575577680366300,2026/08/13 08:59:37.711,0.0,1.0,7832.0,32607.0,33.0,322.0,7001.0
1786575578225112100,2026/08/13 08:59:38.255,1.0,1.0,7884.0,32607.0,32.9,337.0,7001.0
1786575578767908600,2026/08/13 08:59:38.799,1.0,1.0,7928.0,32607.0,32.76,352.0,7001.0
1786575579313229000,2026/08/13 08:59:39.344,0.0,1.0,7972.0,32607.0,32.83,352.0,7001.0
1786575579858137400,2026/08/13 08:59:39.889,0.0,1.0,8022.0,32607.0,32.85,345.0,7001.0
1786575580404192200,2026/08/13 08:59:40.435,0.0,1.0,8074.0,32607.0,32.84,337.0,7001.0
1786575580949264200,2026/08/13 08:59:40.996,1.0,1.0,8124.0,32607.0,32.76,337.0,7001.0
1786575581512277200,2026/08/13 08:59:41.544,0.0,1.0,8168.0,32607.0,32.84,352.0,7001.0
1786575582059467800,2026/08/13 08:59:42.091,0.0,1.0,8218.0,32607.0,32.88,352.0,7001.0
1786575582606153000,2026/08/13 08:59:42.637,0.0,1.0,8264.0,32607.0,32.84,330.0,7001.0
1786575583151744500,2026/08/13 08:59:43.183,0.0,1.0,8314.0,32607.0,32.69,330.0,7001.0
1786575583695590900,2026/08/13 08:59:43.727,0.0,1.0,8364.0,32607.0,32.56,352.0,7001.0
1786575584241965800,2026/08/13 08:59:44.273,1.0,1.0,8408.0,32607.0,32.72,337.0,7001.0
1786575584788971000,2026/08/13 08:59:44.821,1.0,1.0,8460.0,32607.0,32.86,322.0,7001.0
1786575585335670300,2026/08/13 08:59:45.367,0.0,1.0,8504.0,32607.0,32.52,360.0,7001.0
1786575585882412400,2026/08/13 08:59:45.913,0.0,1.0,8536.0,32607.0,32.47,330.0,7001.0
1786575586427814700,2026/08/13 08:59:46.458,0.0,1.0,8586.0,32607.0,32.56,375.0,7001.0
1786575586974524100,2026/08/13 08:59:47.005,1.0,1.0,8636.0,32607.0,32.59,352.0,7001.0
1786575587520233500,2026/08/13 08:59:47.552,0.0,1.0,8688.0,32607.0,32.57,337.0,7001.0
1786575588068790500,2026/08/13 08:59:48.099,0.0,1.0,8732.0,32607.0,32.52,352.0,7001.0
1786575588614655200,2026/08/13 08:59:48.645,0.0,1.0,8776.0,32607.0,32.45,330.0,7001.0
1786575589160414900,2026/08/13 08:59:49.192,0.0,1.0,8826.0,32607.0,32.66,330.0,7001.0
1786575589705821900,2026/08/13 08:59:49.737,1.0,1.0,8872.0,32607.0,32.91,337.0,7001.0
1786575590249857200,2026/08/13 08:59:50.281,1.0,1.0,8916.0,32607.0,32.66,337.0,7001.0
1786575590799150800,2026/08/13 08:59:50.830,0.0,1.0,8966.0,32607.0,32.6,352.0,7001.0
1786575591344910300,2026/08/13 08:59:51.375,0.0,1.0,9004.0,32607.0,32.59,330.0,7001.0
1786575591889877900,2026/08/13 08:59:51.921,0.0,1.0,9048.0,32607.0,32.45,330.0,7001.0
1786575592438865600,2026/08/13 08:59:52.470,0.0,1.0,9092.0,32607.0,32.53,375.0,7001.0
1786575592984162000,2026/08/13 08:59:53.015,0.0,1.0,9144.0,32607.0,32.49,337.0,7001.0
1786575593531081000,2026/08/13 08:59:53.562,0.0,1.0,9188.0,32607.0,32.52,330.0,7001.0
1786575594077734600,2026/08/13 08:59:54.109,0.0,1.0,9226.0,32607.0,32.57,337.0,7001.0
1786575594623918000,2026/08/13 08:59:54.655,1.0,1.0,9270.0,32607.0,32.61,352.0,7001.0
1786575595170092900,2026/08/13 08:59:55.201,1.0,1.0,9314.0,32607.0,32.62,330.0,7001.0
1786575595717528800,2026/08/13 08:59:55.749,0.0,1.0,9366.0,32607.0,32.6,330.0,7001.0
1786575596264577900,2026/08/13 08:59:56.295,0.0,1.0,9416.0,32607.0,32.77,337.0,7001.0
1786575596810749900,2026/08/13 08:59:56.842,0.0,1.0,9466.0,32607.0,32.71,330.0,7001.0
1786575597356620900,2026/08/13 08:59:57.387,0.0,1.0,9510.0,32607.0,32.68,352.0,7001.0
1786575597903463400,2026/08/13 08:59:57.934,0.0,1.0,9556.0,32607.0,32.65,307.0,7001.0
1786575598448852700,2026/08/13 08:59:58.480,0.0,1.0,9606.0,32607.0,32.56,337.0,7001.0
1786575598995767500,2026/08/13 08:59:59.026,0.0,1.0,9650.0,32607.0,32.65,330.0,7001.0
1786575599541566900,2026/08/13 08:59:59.572,0.0,1.0,9694.0,32607.0,32.63,330.0,7001.0
1786575600086835400,2026/08/13 09:00:00.118,0.0,1.0,9732.0,32607.0,32.35,337.0,7001.0
1786575600634127700,2026/08/13 09:00:00.665,0.0,1.0,9784.0,32607.0,32.54,360.0,7001.0
1786575601180504200,2026/08/13 09:00:01.212,1.0,1.0,9828.0,32607.0,33.08,412.0,7001.0
1786575601725673100,2026/08/13 09:00:01.757,1.0,1.0,9880.0,32607.0,32.99,337.0,7001.0
1786575602273222200,2026/08/13 09:00:02.304,1.0,1.0,9930.0,32607.0,33.35,427.0,7001.0
1786575602818707900,2026/08/13 09:00:02.849,1.0,1.0,9968.0,32607.0,33.84,397.0,7001.0
1786575603365896400,2026/08/13 09:00:03.397,0.0,1.0,10006.0,32607.0,33.48,360.0,7001.0
1786575603914623300,2026/08/13 09:00:03.945,1.0,1.0,10055.0,32607.0,33.44,382.0,7001.0
1786575604460441400,2026/08/13 09:00:04.491,1.0,1.0,10101.0,32607.0,33.54,390.0,7001.0
1786575605007748700,2026/08/13 09:00:05.038,0.0,1.0,10149.0,32607.0,33.38,375.0,7001.0
1786575605556284700,2026/08/13 09:00:05.587,1.0,1.0,10193.0,32607.0,33.51,397.0,7001.0
1786575606099193500,2026/08/13 09:00:06.130,4.0,1.0,10243.0,32607.0,35.98,540.0,7001.0
1786575606647465200,2026/08/13 09:00:06.678,2.0,1.0,10298.0,32607.0,38.79,585.0,7001.0
1786575607194831400,2026/08/13 09:00:07.225,2.0,1.0,10344.0,32607.0,37.42,450.0,7001.0
1786575607739575400,2026/08/13 09:00:07.770,3.0,1.0,10394.0,32607.0,36.78,457.0,7001.0
1786575608284285300,2026/08/13 09:00:08.315,1.0,1.0,10440.0,32607.0,35.54,352.0,7001.0
1786575608832821100,2026/08/13 09:00:08.863,1.0,1.0,10485.0,32607.0,33.06,322.0,7001.0
1786575609377703300,2026/08/13 09:00:09.409,0.0,1.0,10539.0,32607.0,35.99,472.0,7001.0
1786575609921725300,2026/08/13 09:00:09.953,1.0,1.0,10582.0,32607.0,33.89,352.0,7001.0
1786575610468831900,2026/08/13 09:00:10.500,0.0,1.0,10625.0,32607.0,33.05,360.0,7001.0
1786575611014866400,2026/08/13 09:00:11.046,1.0,1.0,10677.0,32607.0,34.05,382.0,7001.0
1786575611562271000,2026/08/13 09:00:11.593,1.0,1.0,10724.0,32607.0,34.38,375.0,7001.0
1786575612107569400,2026/08/13 09:00:12.139,1.0,1.0,10746.0,32607.0,34.26,367.0,7001.0
1786575612654389500,2026/08/13 09:00:12.685,1.0,1.0,10785.0,32607.0,34.27,442.0,7001.0
1786575613200435900,2026/08/13 09:00:13.231,1.0,1.0,10831.0,32607.0,34.24,405.0,7001.0
1786575613744109900,2026/08/13 09:00:13.774,1.0,1.0,10881.0,32607.0,34.16,457.0,7001.0
1786575614289884500,2026/08/13 09:00:14.321,1.0,1.0,10922.0,32607.0,34.52,405.0,7001.0
1786575614836743300,2026/08/13 09:00:14.868,1.0,1.0,10960.0,32607.0,34.45,382.0,7001.0
1786575615381510800,2026/08/13 09:00:15.412,1.0,1.0,11006.0,32607.0,33.65,337.0,7001.0
1786575615929492700,2026/08/13 09:00:15.960,0.0,1.0,11052.0,32607.0,33.57,412.0,7001.0
1786575616474650200,2026/08/13 09:00:16.506,1.0,1.0,11096.0,32607.0,33.47,345.0,7001.0
1786575617022180000,2026/08/13 09:00:17.053,0.0,1.0,11140.0,32607.0,33.06,367.0,7001.0
1786575617570658900,2026/08/13 09:00:17.601,0.0,1.0,11190.0,32607.0,33.36,337.0,7001.0
1786575618115693700,2026/08/13 09:00:18.147,1.0,1.0,11236.0,32607.0,33.73,382.0,7001.0
1786575618662571900,2026/08/13 09:00:18.694,1.0,1.0,11280.0,32607.0,33.8,352.0,7001.0
1786575619209429100,2026/08/13 09:00:19.240,1.0,1.0,11324.0,32607.0,33.72,352.0,7001.0
1786575619755837300,2026/08/13 09:00:19.787,1.0,1.0,11368.0,32607.0,33.61,375.0,7001.0
1786575620303224700,2026/08/13 09:00:20.334,1.0,1.0,11412.0,32607.0,33.47,360.0,7001.0
1786575620849057200,2026/08/13 09:00:20.880,0.0,1.0,11452.0,32607.0,33.63,382.0,7001.0
1786575621396411600,2026/08/13 09:00:21.427,1.0,1.0,11498.0,32607.0,34.12,405.0,7001.0
1786575621943532400,2026/08/13 09:00:21.975,1.0,1.0,11548.0,32607.0,34.57,412.0,7001.0
1786575622489723100,2026/08/13 09:00:22.520,1.0,1.0,11592.0,32607.0,34.68,367.0,7001.0
1786575623033736000,2026/08/13 09:00:23.065,1.0,1.0,11642.0,32607.0,34.8,427.0,7001.0
1786575623578174500,2026/08/13 09:00:23.609,0.0,1.0,11680.0,32607.0,34.72,397.0,7001.0
1786575624125356000,2026/08/13 09:00:24.156,0.0,1.0,11726.0,32607.0,34.05,337.0,7001.0
1786575624672414400,2026/08/13 09:00:24.703,1.0,1.0,11770.0,32607.0,33.85,330.0,7001.0
1786575625216418500,2026/08/13 09:00:25.248,3.0,1.0,11876.0,32607.0,35.75,435.0,7001.0
1786575625762849200,2026/08/13 09:00:25.794,1.0,1.0,11926.0,32607.0,37.44,517.0,7001.0
1786575626309755400,2026/08/13 09:00:26.341,1.0,1.0,11959.0,32607.0,36.37,442.0,7001.0
1786575626859119500,2026/08/13 09:00:26.890,1.0,1.0,12009.0,32607.0,35.24,367.0,7001.0
1786575627411317500,2026/08/13 09:00:27.442,1.0,1.0,12022.0,32607.0,34.99,397.0,7001.0
1786575627955730800,2026/08/13 09:00:27.987,1.0,1.0,12065.0,32607.0,34.85,390.0,7001.0
1786575628503471500,2026/08/13 09:00:28.534,1.0,1.0,12096.0,32607.0,34.34,367.0,7001.0
1786575629048096700,2026/08/13 09:00:29.078,1.0,1.0,12149.0,32607.0,34.74,412.0,7001.0
1786575629594921300,2026/08/13 09:00:29.626,1.0,1.0,12195.0,32607.0,35.42,435.0,7001.0
1786575630140199600,2026/08/13 09:00:30.172,1.0,1.0,12243.0,32607.0,34.96,330.0,7001.0
1786575630686062800,2026/08/13 09:00:30.717,1.0,1.0,12293.0,32607.0,35.0,442.0,7001.0
1786575631232618900,2026/08/13 09:00:31.263,1.0,1.0,12336.0,32607.0,34.66,352.0,7001.0
1786575631778493500,2026/08/13 09:00:31.810,1.0,1.0,12388.0,32607.0,34.35,352.0,7001.0
1786575632328261000,2026/08/13 09:00:32.358,1.0,1.0,12432.0,32607.0,35.01,390.0,7001.0
1786575632876009700,2026/08/13 09:00:32.907,1.0,1.0,12482.0,32607.0,34.76,375.0,7001.0
1786575633420244000,2026/08/13 09:00:33.451,1.0,1.0,12520.0,32607.0,34.4,375.0,7001.0
1786575633965994700,2026/08/13 09:00:33.997,1.0,1.0,12568.0,32607.0,34.72,442.0,7001.0
1786575634514159600,2026/08/13 09:00:34.545,1.0,1.0,12610.0,32607.0,34.58,360.0,7001.0
1786575635062444800,2026/08/13 09:00:35.094,0.0,1.0,12656.0,32607.0,33.71,337.0,7001.0
1786575635609523400,2026/08/13 09:00:35.640,1.0,1.0,12700.0,32607.0,33.93,345.0,7001.0
1786575636157191900,2026/08/13 09:00:36.188,1.0,1.0,12744.0,32607.0,34.64,420.0,7001.0
1786575636705322300,2026/08/13 09:00:36.737,1.0,1.0,12796.0,32607.0,35.03,405.0,7001.0
1786575637250688800,2026/08/13 09:00:37.281,1.0,1.0,12840.0,32607.0,34.49,352.0,7001.0
1786575637800105800,2026/08/13 09:00:37.831,1.0,1.0,12890.0,32607.0,33.88,360.0,7001.0
1786575638344373500,2026/08/13 09:00:38.376,0.0,1.0,12936.0,32607.0,33.8,360.0,7001.0
1786575638893141000,2026/08/13 09:00:38.924,1.0,1.0,12986.0,32607.0,34.01,375.0,7001.0
1786575639439526100,2026/08/13 09:00:39.470,1.0,1.0,13036.0,32607.0,34.25,367.0,7001.0
1786575639983858300,2026/08/13 09:00:40.015,1.0,1.0,13080.0,32607.0,35.13,420.0,7001.0
1786575640532356200,2026/08/13 09:00:40.564,1.0,1.0,13132.0,32607.0,35.01,375.0,7001.0
1786575641075376700,2026/08/13 09:00:41.106,1.0,1.0,13182.0,32607.0,34.75,457.0,7001.0
1786575641621887200,2026/08/13 09:00:41.653,1.0,1.0,13232.0,32607.0,35.11,390.0,7001.0
1786575642167512400,2026/08/13 09:00:42.199,1.0,1.0,13278.0,32607.0,34.99,382.0,7001.0
1786575642713160300,2026/08/13 09:00:42.745,0.0,1.0,13328.0,32607.0,34.83,405.0,7001.0
1786575643258889500,2026/08/13 09:00:43.290,1.0,1.0,13378.0,32607.0,34.71,345.0,7001.0
1786575643806652100,2026/08/13 09:00:43.837,2.0,1.0,13428.0,32607.0,34.85,450.0,7001.0
1786575644350739300,2026/08/13 09:00:44.381,1.0,1.0,13474.0,32607.0,34.91,375.0,7001.0
1786575644899827100,2026/08/13 09:00:44.931,1.0,1.0,13524.0,32607.0,34.52,412.0,7001.0
1786575645446646600,2026/08/13 09:00:45.477,1.0,1.0,13568.0,32607.0,34.56,397.0,7001.0
1786575645993405100,2026/08/13 09:00:46.024,1.0,1.0,13629.0,32607.0,34.31,390.0,7001.0
1786575646537697700,2026/08/13 09:00:46.569,0.0,1.0,13675.0,32607.0,34.59,427.0,7001.0
1786575647085583500,2026/08/13 09:00:47.117,1.0,1.0,13725.0,32607.0,34.49,405.0,7001.0
1786575647634975200,2026/08/13 09:00:47.666,0.0,1.0,13769.0,32607.0,34.13,352.0,7001.0
1786575648178907700,2026/08/13 09:00:48.210,1.0,1.0,13813.0,32607.0,34.11,337.0,7001.0
1786575648726794200,2026/08/13 09:00:48.757,0.0,1.0,13856.0,32607.0,33.88,345.0,7001.0
1786575649273328700,2026/08/13 09:00:49.304,1.0,1.0,13896.0,32607.0,34.05,337.0,7001.0
1786575649821880700,2026/08/13 09:00:49.853,1.0,1.0,13946.0,32607.0,34.48,390.0,7001.0
1786575650365115100,2026/08/13 09:00:50.395,1.0,1.0,13984.0,32607.0,34.31,345.0,7001.0
1786575650909360500,2026/08/13 09:00:50.940,1.0,1.0,14028.0,32607.0,34.83,412.0,7001.0
1786575651454982400,2026/08/13 09:00:51.486,1.0,1.0,14075.0,32607.0,34.88,405.0,7001.0
1786575652001373900,2026/08/13 09:00:52.033,1.0,1.0,14116.0,32607.0,34.84,427.0,7001.0
1786575652546634800,2026/08/13 09:00:52.578,1.0,1.0,14162.0,32607.0,34.86,390.0,7001.0
1786575653091724400,2026/08/13 09:00:53.122,1.0,1.0,14206.0,32607.0,34.97,412.0,7001.0
1786575653638125500,2026/08/13 09:00:53.669,1.0,1.0,14256.0,32607.0,35.64,435.0,7001.0
1786575654185078600,2026/08/13 09:00:54.216,1.0,1.0,14300.0,32607.0,35.11,352.0,7001.0
1786575654729733700,2026/08/13 09:00:54.761,1.0,1.0,14352.0,32607.0,34.26,352.0,7001.0
1786575655278757600,2026/08/13 09:00:55.309,0.0,1.0,14396.0,32607.0,34.07,367.0,7001.0
1786575655824193800,2026/08/13 09:00:55.856,1.0,1.0,14446.0,32607.0,34.21,412.0,7001.0
1786575656369847300,2026/08/13 09:00:56.400,1.0,1.0,14490.0,32607.0,34.49,397.0,7001.0
1786575656911777200,2026/08/13 09:00:56.943,1.0,1.0,14536.0,32607.0,34.6,382.0,7001.0
1786575657450974000,2026/08/13 09:00:57.482,1.0,1.0,14586.0,32607.0,34.91,360.0,7001.0
1786575657997162100,2026/08/13 09:00:58.029,1.0,1.0,14626.0,32607.0,35.08,375.0,7001.0
1786575658543251200,2026/08/13 09:00:58.573,1.0,1.0,14676.0,32607.0,35.26,375.0,7001.0
1786575659088230700,2026/08/13 09:00:59.119,1.0,1.0,14720.0,32607.0,34.75,360.0,7001.0
1786575659635843600,2026/08/13 09:00:59.666,1.0,1.0,14766.0,32607.0,34.8,397.0,7001.0
1786575660181190800,2026/08/13 09:01:00.212,0.0,1.0,14816.0,32607.0,34.69,360.0,7001.0
1786575660727697900,2026/08/13 09:01:00.759,0.0,1.0,14860.0,32607.0,34.12,352.0,7001.0
1786575661273984600,2026/08/13 09:01:01.305,1.0,1.0,14904.0,32607.0,34.67,367.0,7001.0
1786575661817967800,2026/08/13 09:01:01.849,1.0,1.0,14950.0,32607.0,34.69,427.0,7001.0
1786575662361529200,2026/08/13 09:01:02.392,1.0,1.0,15000.0,32607.0,35.06,420.0,7001.0
1786575662911361700,2026/08/13 09:01:02.941,0.0,1.0,15050.0,32607.0,34.76,382.0,7001.0
1786575663455924500,2026/08/13 09:01:03.487,1.0,1.0,15094.0,32607.0,34.75,412.0,7001.0
1786575664001271000,2026/08/13 09:01:04.033,1.0,1.0,15138.0,32607.0,34.52,390.0,7001.0
1786575664548823000,2026/08/13 09:01:04.580,1.0,1.0,15184.0,32607.0,34.57,382.0,7001.0
1786575665093767800,2026/08/13 09:01:05.124,0.0,1.0,15236.0,32607.0,34.39,360.0,7001.0
1786575665640242700,2026/08/13 09:01:05.671,1.0,1.0,15286.0,32607.0,34.68,382.0,7001.0
1786575666184466900,2026/08/13 09:01:06.215,1.0,1.0,15330.0,32607.0,34.5,367.0,7001.0
1786575666729793600,2026/08/13 09:01:06.760,0.0,1.0,15376.0,32607.0,34.4,390.0,7001.0
1786575667276577300,2026/08/13 09:01:07.308,0.0,1.0,15417.0,32607.0,34.3,375.0,7001.0
1786575667820435200,2026/08/13 09:01:07.851,1.0,1.0,15461.0,32607.0,34.68,360.0,7001.0
1786575668369330000,2026/08/13 09:01:08.401,1.0,1.0,15511.0,32607.0,35.04,405.0,7001.0
1786575668916014800,2026/08/13 09:01:08.946,1.0,1.0,15559.0,32607.0,35.34,397.0,7001.0
1786575669462616100,2026/08/13 09:01:09.493,1.0,1.0,15603.0,32607.0,35.53,390.0,7001.0
1786575670009603400,2026/08/13 09:01:10.041,1.0,1.0,15657.0,32607.0,35.1,337.0,7001.0
1786575670556709000,2026/08/13 09:01:10.587,1.0,1.0,15698.0,32607.0,35.63,405.0,7001.0
1786575671096619900,2026/08/13 09:01:11.128,0.0,1.0,15748.0,32607.0,35.59,390.0,7001.0
1786575671643362600,2026/08/13 09:01:11.674,1.0,1.0,15824.0,32607.0,34.83,382.0,7001.0
1786575672188204700,2026/08/13 09:01:12.219,3.0,1.0,15874.0,32607.0,37.59,712.0,7001.0
1786575672732517700,2026/08/13 09:01:12.764,2.0,1.0,15912.0,32607.0,40.15,525.0,7001.0
1786575673280205500,2026/08/13 09:01:13.311,3.0,1.0,15954.0,32607.0,39.05,525.0,7001.0
1786575673827641700,2026/08/13 09:01:13.859,3.0,1.0,16001.0,32607.0,39.08,525.0,7001.0
1786575674372944500,2026/08/13 09:01:14.404,3.0,1.0,16051.0,32607.0,40.0,652.0,7001.0
1786575674917884200,2026/08/13 09:01:14.949,3.0,1.0,16086.0,32607.0,40.97,577.0,7001.0
1786575675463420800,2026/08/13 09:01:15.495,3.0,1.0,16130.0,32607.0,40.86,607.0,7001.0
1786575676008920700,2026/08/13 09:01:16.040,3.0,1.0,16168.0,32607.0,41.15,630.0,7001.0
1786575676553604100,2026/08/13 09:01:16.585,3.0,1.0,16210.0,32607.0,41.38,630.0,7001.0
1786575677099174600,2026/08/13 09:01:17.130,3.0,1.0,16253.0,32607.0,41.24,600.0,7001.0
1786575677644394200,2026/08/13 09:01:17.676,3.0,1.0,16297.0,32607.0,41.04,645.0,7001.0
1786575678190514800,2026/08/13 09:01:18.222,3.0,1.0,16341.0,32607.0,41.09,622.0,7001.0
1786575678736311000,2026/08/13 09:01:18.767,3.0,1.0,16394.0,32607.0,41.05,630.0,7001.0
1786575679283328500,2026/08/13 09:01:19.314,3.0,1.0,16445.0,32607.0,41.63,675.0,7001.0
1786575679829034700,2026/08/13 09:01:19.861,3.0,1.0,16488.0,32607.0,42.32,712.0,7001.0
1786575680375239800,2026/08/13 09:01:20.406,2.0,1.0,16538.0,32607.0,41.68,637.0,7001.0
1786575680924647300,2026/08/13 09:01:20.955,2.0,1.0,16568.0,32607.0,40.81,615.0,7001.0
1786575681470775800,2026/08/13 09:01:21.501,3.0,1.0,16623.0,32607.0,41.07,660.0,7001.0
1786575682016446900,2026/08/13 09:01:22.047,3.0,1.0,16669.0,32607.0,40.84,600.0,7001.0
1786575682563242800,2026/08/13 09:01:22.593,3.0,1.0,16719.0,32607.0,40.67,615.0,7001.0
1786575683108666300,2026/08/13 09:01:23.140,3.0,1.0,16763.0,32607.0,40.56,577.0,7001.0
1786575683658016800,2026/08/13 09:01:23.689,3.0,1.0,16797.0,32607.0,40.6,622.0,7001.0
1786575684203772600,2026/08/13 09:01:24.235,3.0,1.0,16849.0,32607.0,40.83,600.0,7001.0
1786575684749444400,2026/08/13 09:01:24.780,2.0,1.0,16893.0,32607.0,40.87,637.0,7001.0
1786575685293719900,2026/08/13 09:01:25.325,3.0,1.0,16942.0,32607.0,40.77,600.0,7001.0
1786575685840658800,2026/08/13 09:01:25.871,3.0,1.0,16986.0,32607.0,40.66,600.0,7001.0
1786575686389820400,2026/08/13 09:01:26.420,3.0,1.0,17038.0,32607.0,40.98,607.0,7001.0
1786575686935431100,2026/08/13 09:01:26.966,3.0,1.0,17082.0,32607.0,40.77,585.0,7001.0
1786575687481366400,2026/08/13 09:01:27.512,3.0,1.0,17132.0,32607.0,40.67,585.0,7001.0
1786575688028066500,2026/08/13 09:01:28.059,3.0,1.0,17182.0,32607.0,40.68,622.0,7001.0
1786575688575450900,2026/08/13 09:01:28.606,3.0,1.0,17226.0,32607.0,40.82,630.0,7001.0
1786575689120620600,2026/08/13 09:01:29.152,2.0,1.0,17270.0,32607.0,40.88,645.0,7001.0
1786575689664304100,2026/08/13 09:01:29.696,3.0,1.0,17308.0,32607.0,40.86,592.0,7001.0
1786575690209529100,2026/08/13 09:01:30.240,2.0,1.0,17358.0,32607.0,40.95,630.0,7001.0
1786575690755679300,2026/08/13 09:01:30.786,2.0,1.0,17402.0,32607.0,41.05,607.0,7001.0
1786575691302644500,2026/08/13 09:01:31.333,3.0,1.0,17454.0,32607.0,41.26,622.0,7001.0
1786575691849935000,2026/08/13 09:01:31.880,2.0,1.0,17498.0,32607.0,41.09,600.0,7001.0
1786575692393707300,2026/08/13 09:01:32.425,2.0,1.0,17548.0,32607.0,40.93,607.0,7001.0
1786575692937917600,2026/08/13 09:01:32.969,3.0,1.0,17592.0,32607.0,41.15,630.0,7001.0
1786575693483113200,2026/08/13 09:01:33.515,2.0,1.0,17638.0,32607.0,41.17,607.0,7001.0
1786575694032469500,2026/08/13 09:01:34.062,3.0,1.0,17688.0,32607.0,41.06,600.0,7001.0
1786575694576956200,2026/08/13 09:01:34.608,3.0,1.0,17732.0,32607.0,41.03,607.0,7001.0
1786575695126846700,2026/08/13 09:01:35.158,3.0,1.0,17776.0,32607.0,41.06,607.0,7001.0
1786575695671122600,2026/08/13 09:01:35.703,2.0,1.0,17820.0,32607.0,41.08,645.0,7001.0
1786575696215498900,2026/08/13 09:01:36.247,3.0,1.0,17864.0,32607.0,41.16,607.0,7001.0
1786575696762513600,2026/08/13 09:01:36.794,3.0,1.0,17916.0,32607.0,41.12,607.0,7001.0
1786575697305916600,2026/08/13 09:01:37.338,3.0,1.0,17961.0,32607.0,41.05,622.0,7001.0
1786575697853788300,2026/08/13 09:01:37.885,3.0,1.0,18007.0,32607.0,41.11,637.0,7001.0
1786575698398039900,2026/08/13 09:01:38.429,3.0,1.0,18051.0,32607.0,39.72,555.0,7001.0
1786575698945372800,2026/08/13 09:01:38.977,3.0,1.0,18095.0,32607.0,39.74,540.0,7001.0
1786575699494190700,2026/08/13 09:01:39.524,2.0,1.0,18147.0,32607.0,39.55,540.0,7001.0
1786575700038190900,2026/08/13 09:01:40.069,2.0,1.0,18191.0,32607.0,39.6,517.0,7001.0
1786575700584898500,2026/08/13 09:01:40.616,2.0,1.0,18235.0,32607.0,39.6,532.0,7001.0
1786575701128104100,2026/08/13 09:01:41.160,2.0,1.0,18279.0,32607.0,39.48,510.0,7001.0
1786575701676810600,2026/08/13 09:01:41.708,2.0,1.0,18331.0,32607.0,39.25,510.0,7001.0
1786575702221358600,2026/08/13 09:01:42.252,3.0,1.0,18375.0,32607.0,39.18,525.0,7001.0
1786575702769911200,2026/08/13 09:01:42.801,3.0,1.0,18423.0,32607.0,39.2,525.0,7001.0
1786575703315211800,2026/08/13 09:01:43.346,3.0,1.0,18467.0,32607.0,39.4,532.0,7001.0
1786575703858579600,2026/08/13 09:01:43.888,3.0,1.0,18519.0,32607.0,39.72,510.0,7001.0
1786575704406492800,2026/08/13 09:01:44.438,3.0,1.0,18563.0,32607.0,39.38,502.0,7001.0
1786575704950757900,2026/08/13 09:01:44.981,3.0,1.0,18613.0,32607.0,39.16,525.0,7001.0
1786575705496749700,2026/08/13 09:01:45.528,3.0,1.0,18657.0,32607.0,39.51,540.0,7001.0
1786575706041152200,2026/08/13 09:01:46.073,3.0,1.0,18709.0,32607.0,39.48,532.0,7001.0
1786575706588576300,2026/08/13 09:01:46.619,3.0,1.0,18759.0,32607.0,39.61,532.0,7001.0
1786575707133036900,2026/08/13 09:01:47.164,3.0,1.0,18803.0,32607.0,39.71,547.0,7001.0
1786575707680282500,2026/08/13 09:01:47.711,3.0,1.0,18853.0,32607.0,39.74,540.0,7001.0
1786575708226464300,2026/08/13 09:01:48.258,3.0,1.0,18899.0,32607.0,39.72,525.0,7001.0
1786575708774119600,2026/08/13 09:01:48.804,2.0,1.0,18943.0,32607.0,39.76,532.0,7001.0
1786575709319035900,2026/08/13 09:01:49.350,3.0,1.0,18993.0,32607.0,39.74,547.0,7001.0
1786575709866275800,2026/08/13 09:01:49.898,2.0,1.0,19037.0,32607.0,39.69,532.0,7001.0
1786575710414186800,2026/08/13 09:01:50.445,3.0,1.0,19089.0,32607.0,39.41,517.0,7001.0
1786575710963528400,2026/08/13 09:01:50.994,3.0,1.0,19133.0,32607.0,39.27,510.0,7001.0
1786575711511693400,2026/08/13 09:01:51.542,2.0,1.0,19177.0,32607.0,39.52,510.0,7001.0
1786575712055776200,2026/08/13 09:01:52.087,3.0,1.0,19227.0,32607.0,39.6,532.0,7001.0
1786575712601965100,2026/08/13 09:01:52.633,2.0,1.0,19271.0,32607.0,39.82,532.0,7001.0
1786575713147276400,2026/08/13 09:01:53.178,2.0,1.0,19317.0,32607.0,39.88,532.0,7001.0
1786575713694384300,2026/08/13 09:01:53.725,2.0,1.0,19361.0,32607.0,39.6,540.0,7001.0
1786575714240150500,2026/08/13 09:01:54.271,2.0,1.0,19405.0,32607.0,39.69,510.0,7001.0
1786575714785487400,2026/08/13 09:01:54.816,2.0,1.0,19455.0,32607.0,39.6,525.0,7001.0
1786575715329760900,2026/08/13 09:01:55.361,3.0,1.0,19501.0,32607.0,39.48,525.0,7001.0
1786575715872149500,2026/08/13 09:01:55.903,3.0,1.0,19551.0,32607.0,39.68,510.0,7001.0
1786575716416370400,2026/08/13 09:01:56.447,3.0,1.0,19595.0,32607.0,40.0,532.0,7001.0
1786575716962323400,2026/08/13 09:01:56.993,2.0,1.0,19639.0,32607.0,39.85,547.0,7001.0
1786575717509095000,2026/08/13 09:01:57.540,2.0,1.0,19689.0,32607.0,39.56,532.0,7001.0
1786575718056266300,2026/08/13 09:01:58.087,3.0,1.0,19735.0,32607.0,39.65,525.0,7001.0
1786575718604165400,2026/08/13 09:01:58.635,3.0,1.0,19787.0,32607.0,39.9,540.0,7001.0
1786575719154043100,2026/08/13 09:01:59.186,2.0,1.0,19787.0,32607.0,39.51,487.0,7001.0
1786575719711496800,2026/08/13 09:01:59.751,3.0,1.0,19795.0,32607.0,46.85,540.0,7001.0
1786575720272342100,2026/08/13 09:02:00.300,2.0,1.0,19795.0,32607.0,46.64,742.0,7001.0
1786575720825601000,2026/08/13 09:02:00.864,2.0,1.0,19795.0,32607.0,39.98,675.0,7001.0
1786575721378258000,2026/08/13 09:02:01.409,2.0,1.0,19795.0,32607.0,39.84,645.0,7001.0
1786575721943184000,2026/08/13 09:02:01.971,2.0,1.0,19795.0,32607.0,39.47,555.0,7001.0
1786575722504608600,2026/08/13 09:02:02.534,2.0,1.0,19816.0,32607.0,39.18,517.0,7001.0
1786575723051501300,2026/08/13 09:02:03.083,33.0,10.0,19816.0,32607.0,45.96,450.0,7001.0
1786575723602869800,2026/08/13 09:02:03.634,79.0,14.0,19816.0,32607.0,167.23,2692.0,14001.0
1786575724142807900,2026/08/13 09:02:04.173,77.0,9.0,12704.0,32607.0,281.26,2805.0,14001.0
1786575724747555900,2026/08/13 09:02:04.790,4.0,0.0,2367.0,32607.0,219.39,2872.0,14001.0
1786575725330077800,2026/08/13 09:02:05.361,2.0,0.0,2375.0,32607.0,116.83,2880.0,14001.0
1786575725868082100,2026/08/13 09:02:05.899,2.0,0.0,2377.0,32607.0,89.05,2880.0,14001.0
1786575726412499800,2026/08/13 09:02:06.443,1.0,1.0,2398.0,32607.0,59.35,997.0,7001.0
1786575726958745300,2026/08/13 09:02:06.989,3.0,1.0,2430.0,32607.0,42.92,960.0,7001.0
1786575727503275200,2026/08/13 09:02:07.534,2.0,1.0,2447.0,32607.0,43.22,907.0,7001.0
1786575728051421900,2026/08/13 09:02:08.082,2.0,1.0,2450.0,32607.0,41.88,742.0,7001.0
1786575728602142600,2026/08/13 09:02:08.634,2.0,1.0,2453.0,32607.0,41.35,750.0,7001.0
1786575729152461100,2026/08/13 09:02:09.184,2.0,1.0,2446.0,32607.0,41.51,735.0,7001.0
1786575729703757100,2026/08/13 09:02:09.735,3.0,1.0,2446.0,32607.0,41.78,690.0,7001.0
1786575730252308800,2026/08/13 09:02:10.284,3.0,1.0,2520.0,32607.0,42.38,690.0,7001.0
1786575730800591800,2026/08/13 09:02:10.832,2.0,1.0,2520.0,32607.0,42.5,705.0,7001.0
1786575731346586200,2026/08/13 09:02:11.377,3.0,1.0,2526.0,32607.0,41.79,622.0,7001.0
1786575731894961000,2026/08/13 09:02:11.926,3.0,1.0,2526.0,32607.0,41.05,577.0,7001.0
1786575732446079400,2026/08/13 09:02:12.478,2.0,1.0,2521.0,32607.0,40.95,577.0,7001.0
1786575732996596100,2026/08/13 09:02:13.027,3.0,1.0,2626.0,32607.0,41.35,637.0,7001.0
1786575733548574700,2026/08/13 09:02:13.580,2.0,1.0,2639.0,32607.0,41.65,630.0,7001.0
1786575734098520300,2026/08/13 09:02:14.129,3.0,1.0,2648.0,32607.0,41.54,592.0,7001.0
1786575734648663900,2026/08/13 09:02:14.680,2.0,1.0,2647.0,32607.0,40.89,592.0,7001.0
1786575735201657300,2026/08/13 09:02:15.233,2.0,1.0,2673.0,32607.0,40.88,577.0,7001.0
1786575735754275200,2026/08/13 09:02:15.786,1.0,1.0,2699.0,32607.0,41.01,622.0,7001.0
1786575736301424800,2026/08/13 09:02:16.332,2.0,1.0,2699.0,32607.0,40.68,607.0,7001.0
1786575736850253100,2026/08/13 09:02:16.882,2.0,1.0,2731.0,32607.0,40.45,577.0,7001.0
1786575737397533700,2026/08/13 09:02:17.428,1.0,1.0,2769.0,32607.0,39.5,547.0,7001.0
1786575737940330700,2026/08/13 09:02:17.971,2.0,1.0,2808.0,32607.0,39.46,547.0,7001.0
1786575738485073300,2026/08/13 09:02:18.517,1.0,1.0,2852.0,32607.0,39.93,652.0,7001.0
1786575739033464500,2026/08/13 09:02:19.064,2.0,1.0,2917.0,32607.0,40.65,547.0,7001.0
1786575739579441700,2026/08/13 09:02:19.610,0.0,1.0,2966.0,32607.0,38.78,480.0,7001.0
1786575740125978900,2026/08/13 09:02:20.157,1.0,1.0,3017.0,32607.0,39.08,517.0,7001.0
1786575740667940300,2026/08/13 09:02:20.699,0.0,1.0,3061.0,32607.0,37.34,337.0,7001.0
1786575741215619700,2026/08/13 09:02:21.246,1.0,1.0,3107.0,32607.0,37.23,547.0,7001.0
1786575741759610600,2026/08/13 09:02:21.790,0.0,1.0,3157.0,32607.0,37.17,360.0,7001.0
1786575742307803000,2026/08/13 09:02:22.337,1.0,1.0,3201.0,32607.0,35.21,360.0,7001.0
1786575742853304900,2026/08/13 09:02:22.884,1.0,1.0,3251.0,32607.0,34.81,337.0,7001.0
1786575743399592000,2026/08/13 09:02:23.431,1.0,1.0,3297.0,32607.0,34.82,337.0,7001.0
1786575743944210100,2026/08/13 09:02:23.975,1.0,1.0,3341.0,32607.0,34.75,315.0,7001.0
1786575744489106300,2026/08/13 09:02:24.520,0.0,1.0,3391.0,32607.0,34.96,322.0,7001.0
1786575745039237500,2026/08/13 09:02:25.070,0.0,1.0,3435.0,32607.0,35.07,337.0,7001.0
1786575745581992100,2026/08/13 09:02:25.613,1.0,1.0,3479.0,32607.0,34.85,322.0,7001.0
1786575746128460700,2026/08/13 09:02:26.159,0.0,1.0,3531.0,32607.0,34.88,337.0,7001.0
1786575746674607700,2026/08/13 09:02:26.705,0.0,1.0,3575.0,32607.0,35.19,330.0,7001.0
1786575747221347000,2026/08/13 09:02:27.251,0.0,1.0,3619.0,32607.0,35.03,345.0,7001.0
1786575747767887500,2026/08/13 09:02:27.800,0.0,1.0,3663.0,32607.0,34.88,337.0,7001.0
1786575748316276900,2026/08/13 09:02:28.347,0.0,1.0,3705.0,32607.0,35.02,352.0,7001.0
1786575748861259400,2026/08/13 09:02:28.892,0.0,1.0,3747.0,32607.0,35.16,360.0,7001.0
1786575749408627800,2026/08/13 09:02:29.440,2.0,1.0,3803.0,32607.0,39.1,525.0,7001.0
1786575749949768700,2026/08/13 09:02:29.980,1.0,1.0,3842.0,32607.0,38.73,367.0,7001.0
1786575750495328900,2026/08/13 09:02:30.526,1.0,1.0,3885.0,32607.0,36.11,352.0,7001.0
1786575751040963200,2026/08/13 09:02:31.071,1.0,1.0,3929.0,32607.0,36.06,375.0,7001.0
1786575751587864100,2026/08/13 09:02:31.619,1.0,1.0,3972.0,32607.0,36.43,420.0,7001.0
1786575752134840100,2026/08/13 09:02:32.165,0.0,1.0,4014.0,32607.0,36.46,397.0,7001.0
1786575752682089300,2026/08/13 09:02:32.713,0.0,1.0,4058.0,32607.0,36.62,412.0,7001.0
1786575753229256400,2026/08/13 09:02:33.260,0.0,1.0,4102.0,32607.0,36.15,360.0,7001.0
1786575753776310500,2026/08/13 09:02:33.808,1.0,1.0,4146.0,32607.0,35.97,360.0,7001.0
1786575754324399800,2026/08/13 09:02:34.355,1.0,1.0,4184.0,32607.0,35.94,360.0,7001.0
1786575754869768900,2026/08/13 09:02:34.901,0.0,1.0,4227.0,32607.0,35.8,375.0,7001.0
1786575755413506100,2026/08/13 09:02:35.445,1.0,1.0,4266.0,32607.0,36.57,375.0,7001.0
1786575755954754300,2026/08/13 09:02:35.986,1.0,1.0,4316.0,32607.0,36.81,390.0,7001.0
1786575756501211500,2026/08/13 09:02:36.533,1.0,1.0,4360.0,32607.0,36.54,375.0,7001.0
1786575757048614700,2026/08/13 09:02:37.079,1.0,1.0,4404.0,32607.0,36.22,375.0,7001.0
1786575757596501800,2026/08/13 09:02:37.627,1.0,1.0,4448.0,32607.0,36.22,360.0,7001.0
1786575758142235700,2026/08/13 09:02:38.173,1.0,1.0,4494.0,32607.0,36.23,360.0,7001.0
1786575758687646600,2026/08/13 09:02:38.718,1.0,1.0,4544.0,32607.0,36.04,375.0,7001.0
1786575759232614700,2026/08/13 09:02:39.263,0.0,1.0,4588.0,32607.0,36.22,360.0,7001.0
1786575759778993400,2026/08/13 09:02:39.810,1.0,1.0,4632.0,32607.0,36.28,360.0,7001.0
1786575760323346700,2026/08/13 09:02:40.354,1.0,1.0,4672.0,32607.0,36.11,375.0,7001.0
1786575760871502000,2026/08/13 09:02:40.902,1.0,1.0,4724.0,32607.0,36.08,322.0,7001.0
1786575761418730000,2026/08/13 09:02:41.449,2.0,1.0,4808.0,32607.0,37.41,427.0,7001.0
1786575761963979100,2026/08/13 09:02:41.996,1.0,1.0,4854.0,32607.0,38.83,615.0,7001.0
1786575762512085600,2026/08/13 09:02:42.543,1.0,1.0,4904.0,32607.0,38.85,375.0,7001.0
1786575763059204000,2026/08/13 09:02:43.091,1.0,1.0,4950.0,32607.0,36.61,390.0,7001.0
1786575763603851900,2026/08/13 09:02:43.634,1.0,1.0,4999.0,32607.0,36.54,397.0,7001.0
1786575764148038600,2026/08/13 09:02:44.179,0.0,1.0,5049.0,32607.0,36.54,375.0,7001.0
1786575764694459000,2026/08/13 09:02:44.726,0.0,1.0,5092.0,32607.0,36.33,352.0,7001.0
1786575765240801400,2026/08/13 09:02:45.271,1.0,1.0,5134.0,32607.0,35.98,352.0,7001.0
1786575765787775100,2026/08/13 09:02:45.819,0.0,1.0,5269.0,32607.0,35.88,322.0,7001.0
1786575766336556700,2026/08/13 09:02:46.368,3.0,1.0,5310.0,32607.0,39.99,787.0,7001.0
1786575766884142700,2026/08/13 09:02:46.915,3.0,1.0,5359.0,32607.0,41.44,525.0,7001.0
1786575767433400300,2026/08/13 09:02:47.465,3.0,1.0,5411.0,32607.0,40.83,547.0,7001.0
1786575767979281000,2026/08/13 09:02:48.010,3.0,1.0,5441.0,32607.0,40.59,487.0,7001.0
1786575768525153800,2026/08/13 09:02:48.556,3.0,1.0,5406.0,32607.0,40.4,510.0,7001.0
1786575769070607000,2026/08/13 09:02:49.102,3.0,1.0,5456.0,32607.0,40.78,525.0,7001.0
1786575769618657700,2026/08/13 09:02:49.650,3.0,1.0,5503.0,32607.0,40.63,517.0,7001.0
1786575770163923400,2026/08/13 09:02:50.195,3.0,1.0,5547.0,32607.0,40.44,510.0,7001.0
1786575770709476100,2026/08/13 09:02:50.741,3.0,1.0,5597.0,32607.0,40.6,510.0,7001.0
1786575771255799100,2026/08/13 09:02:51.287,1.0,1.0,5638.0,32607.0,39.41,405.0,7001.0
1786575771803422900,2026/08/13 09:02:51.834,1.0,1.0,5692.0,32607.0,38.69,487.0,7001.0
1786575772349748200,2026/08/13 09:02:52.381,2.0,1.0,5732.0,32607.0,38.79,480.0,7001.0
1786575772898367500,2026/08/13 09:02:52.929,1.0,1.0,5782.0,32607.0,38.79,427.0,7001.0
1786575773447353100,2026/08/13 09:02:53.478,1.0,1.0,5829.0,32607.0,38.8,472.0,7001.0
1786575773996972100,2026/08/13 09:02:54.028,1.0,1.0,5884.0,32607.0,38.91,480.0,7001.0
1786575774542213200,2026/08/13 09:02:54.572,1.0,1.0,5930.0,32607.0,38.3,487.0,7001.0
1786575775089388100,2026/08/13 09:02:55.120,1.0,1.0,5972.0,32607.0,38.13,472.0,7001.0
1786575775636263600,2026/08/13 09:02:55.667,2.0,1.0,6017.0,32607.0,38.82,495.0,7001.0
1786575776183748600,2026/08/13 09:02:56.215,2.0,1.0,6068.0,32607.0,39.14,517.0,7001.0
1786575776729789900,2026/08/13 09:02:56.760,1.0,1.0,6111.0,32607.0,38.76,472.0,7001.0
1786575777279897500,2026/08/13 09:02:57.311,2.0,1.0,6156.0,32607.0,38.69,472.0,7001.0
1786575777829028700,2026/08/13 09:02:57.859,2.0,1.0,6206.0,32607.0,40.2,630.0,7001.0
1786575778375799100,2026/08/13 09:02:58.407,2.0,1.0,6249.0,32607.0,41.1,577.0,7001.0
1786575778923039200,2026/08/13 09:02:58.954,3.0,1.0,6292.0,32607.0,41.31,600.0,7001.0
1786575779470053100,2026/08/13 09:02:59.502,2.0,1.0,6340.0,32607.0,41.44,615.0,7001.0
1786575780019904800,2026/08/13 09:03:00.051,3.0,1.0,6382.0,32607.0,41.32,570.0,7001.0
1786575780567809300,2026/08/13 09:03:00.599,2.0,1.0,6432.0,32607.0,41.38,607.0,7001.0
1786575781120484000,2026/08/13 09:03:01.151,3.0,1.0,6476.0,32607.0,41.5,532.0,7001.0
1786575781669954400,2026/08/13 09:03:01.701,2.0,1.0,6527.0,32607.0,40.74,510.0,7001.0
1786575782219486400,2026/08/13 09:03:02.250,3.0,1.0,6577.0,32607.0,40.69,555.0,7001.0
1786575782767845900,2026/08/13 09:03:02.799,1.0,1.0,6621.0,32607.0,41.18,592.0,7001.0
1786575783314885500,2026/08/13 09:03:03.346,3.0,1.0,6671.0,32607.0,41.25,600.0,7001.0
1786575783860796500,2026/08/13 09:03:03.892,1.0,1.0,6712.0,32607.0,40.49,547.0,7001.0
1786575784406441100,2026/08/13 09:03:04.438,4.0,1.0,6851.0,32607.0,41.39,585.0,7001.0
1786575784953692000,2026/08/13 09:03:04.985,0.0,1.0,6900.0,32607.0,39.65,382.0,7001.0
1786575785501568000,2026/08/13 09:03:05.533,0.0,1.0,6954.0,32607.0,36.59,412.0,7001.0
1786575786048727000,2026/08/13 09:03:06.080,1.0,1.0,7004.0,32607.0,36.04,375.0,7001.0
1786575786597796200,2026/08/13 09:03:06.628,1.0,1.0,7054.0,32607.0,35.79,375.0,7001.0
1786575787141467600,2026/08/13 09:03:07.172,1.0,1.0,7033.0,32607.0,35.73,375.0,7001.0
1786575787687402400,2026/08/13 09:03:07.719,0.0,1.0,7084.0,32607.0,35.76,360.0,7001.0
1786575788234875100,2026/08/13 09:03:08.266,1.0,1.0,7130.0,32607.0,35.93,360.0,7001.0
1786575788783662500,2026/08/13 09:03:08.814,1.0,1.0,7180.0,32607.0,35.95,360.0,7001.0
1786575789328947600,2026/08/13 09:03:09.360,1.0,1.0,7223.0,32607.0,35.74,352.0,7001.0
1786575789876080800,2026/08/13 09:03:09.907,1.0,1.0,7263.0,32607.0,35.86,322.0,7001.0
1786575790423586700,2026/08/13 09:03:10.455,0.0,1.0,7302.0,32607.0,35.67,322.0,7001.0
1786575790968024800,2026/08/13 09:03:10.999,0.0,1.0,7342.0,32607.0,35.63,345.0,7001.0
1786575791514459900,2026/08/13 09:03:11.545,0.0,1.0,7392.0,32607.0,35.79,375.0,7001.0
1786575792061767700,2026/08/13 09:03:12.093,0.0,1.0,7444.0,32607.0,35.78,345.0,7001.0
1786575792608685800,2026/08/13 09:03:12.640,0.0,1.0,7484.0,32607.0,35.61,375.0,7001.0
1786575793155574800,2026/08/13 09:03:13.186,1.0,1.0,7524.0,32607.0,35.79,375.0,7001.0
1786575793702785300,2026/08/13 09:03:13.734,1.0,1.0,7573.0,32607.0,35.81,360.0,7001.0
1786575794247261300,2026/08/13 09:03:14.278,0.0,1.0,7616.0,32607.0,35.94,352.0,7001.0
1786575794796665100,2026/08/13 09:03:14.828,0.0,1.0,7666.0,32607.0,35.69,352.0,7001.0
1786575795344427600,2026/08/13 09:03:15.376,0.0,1.0,7710.0,32607.0,35.7,352.0,7001.0
1786575795892613400,2026/08/13 09:03:15.924,0.0,1.0,7754.0,32607.0,35.97,367.0,7001.0
1786575796439845100,2026/08/13 09:03:16.471,0.0,1.0,7800.0,32607.0,36.03,360.0,7001.0
1786575796988441800,2026/08/13 09:03:17.020,1.0,1.0,7850.0,32607.0,35.9,345.0,7001.0
1786575797532585700,2026/08/13 09:03:17.564,1.0,1.0,7900.0,32607.0,35.69,360.0,7001.0
1786575798079851000,2026/08/13 09:03:18.111,1.0,1.0,7944.0,32607.0,35.56,330.0,7001.0
1786575798628417300,2026/08/13 09:03:18.658,1.0,1.0,7996.0,32607.0,35.65,345.0,7001.0
1786575799174126800,2026/08/13 09:03:19.204,1.0,1.0,8049.0,32607.0,35.96,352.0,7001.0
1786575799720543800,2026/08/13 09:03:19.752,0.0,1.0,8176.0,32607.0,36.29,397.0,7001.0
1786575800267361200,2026/08/13 09:03:20.298,1.0,1.0,8243.0,32607.0,38.65,607.0,7001.0
1786575800810500100,2026/08/13 09:03:20.842,3.0,1.0,8296.0,32607.0,39.81,382.0,7001.0
1786575801353289300,2026/08/13 09:03:21.384,0.0,1.0,8346.0,32607.0,37.8,352.0,7001.0
1786575801900116000,2026/08/13 09:03:21.931,1.0,1.0,8335.0,32607.0,35.8,337.0,7001.0
1786575802445523600,2026/08/13 09:03:22.477,0.0,1.0,8381.0,32607.0,35.71,360.0,7001.0
1786575802993213400,2026/08/13 09:03:23.024,0.0,1.0,8431.0,32607.0,35.51,337.0,7001.0
1786575803537325800,2026/08/13 09:03:23.568,1.0,1.0,8481.0,32607.0,35.37,337.0,7001.0
1786575804080183200,2026/08/13 09:03:24.110,1.0,1.0,8525.0,32607.0,35.2,345.0,7001.0
1786575804625350800,2026/08/13 09:03:24.655,0.0,1.0,8563.0,32607.0,35.1,337.0,7001.0
1786575805168892000,2026/08/13 09:03:25.200,0.0,1.0,8615.0,32607.0,35.32,337.0,7001.0
1786575805715914600,2026/08/13 09:03:25.746,0.0,1.0,8659.0,32607.0,35.4,337.0,7001.0
1786575806262158700,2026/08/13 09:03:26.293,0.0,1.0,8709.0,32607.0,35.45,352.0,7001.0
1786575806809445500,2026/08/13 09:03:26.840,0.0,1.0,8753.0,32607.0,35.49,330.0,7001.0
1786575807358269700,2026/08/13 09:03:27.389,1.0,1.0,8801.0,32607.0,35.46,337.0,7001.0
1786575807905622800,2026/08/13 09:03:27.936,0.0,1.0,8851.0,32607.0,37.29,337.0,7001.0
1786575808448895400,2026/08/13 09:03:28.480,0.0,1.0,8897.0,32607.0,37.08,585.0,7001.0
1786575808996171000,2026/08/13 09:03:29.027,0.0,1.0,8943.0,32607.0,37.32,352.0,7001.0
1786575809540546800,2026/08/13 09:03:29.571,0.0,1.0,8993.0,32607.0,35.51,337.0,7001.0
1786575810088909000,2026/08/13 09:03:30.120,1.0,1.0,9037.0,32607.0,35.33,322.0,7001.0
1786575810635232600,2026/08/13 09:03:30.666,1.0,1.0,9081.0,32607.0,35.38,360.0,7001.0
1786575811180281100,2026/08/13 09:03:31.211,1.0,1.0,9131.0,32607.0,35.4,330.0,7001.0
1786575811726989900,2026/08/13 09:03:31.758,0.0,1.0,9177.0,32607.0,35.48,337.0,7001.0
1786575812274796500,2026/08/13 09:03:32.306,0.0,1.0,9227.0,32607.0,35.64,360.0,7001.0
1786575812816068200,2026/08/13 09:03:32.861,1.0,1.0,9277.0,32607.0,35.62,345.0,7001.0
1786575813378613900,2026/08/13 09:03:33.409,0.0,1.0,9329.0,32607.0,35.53,337.0,7001.0
1786575813921903000,2026/08/13 09:03:33.953,0.0,1.0,9373.0,32607.0,35.6,330.0,7001.0
1786575814467669200,2026/08/13 09:03:34.499,2.0,1.0,9386.0,32607.0,36.17,352.0,7001.0
1786575815015188000,2026/08/13 09:03:35.046,0.0,1.0,9436.0,32607.0,37.22,465.0,7001.0
1786575815560740000,2026/08/13 09:03:35.592,0.0,1.0,9482.0,32607.0,36.45,352.0,7001.0
1786575816108029900,2026/08/13 09:03:36.139,0.0,1.0,9526.0,32607.0,35.46,345.0,7001.0
1786575816653820200,2026/08/13 09:03:36.684,0.0,1.0,9570.0,32607.0,35.42,337.0,7001.0
1786575817199332000,2026/08/13 09:03:37.231,0.0,1.0,9614.0,32607.0,35.55,352.0,7001.0
1786575817748712100,2026/08/13 09:03:37.780,0.0,1.0,9658.0,32607.0,35.67,352.0,7001.0
1786575818297906700,2026/08/13 09:03:38.329,0.0,1.0,9710.0,32607.0,35.63,337.0,7001.0
1786575818846566800,2026/08/13 09:03:38.877,0.0,1.0,9754.0,32607.0,35.53,337.0,7001.0
1786575819392257400,2026/08/13 09:03:39.423,0.0,1.0,9804.0,32607.0,35.46,352.0,7001.0
1786575819937480600,2026/08/13 09:03:39.968,0.0,1.0,9854.0,32607.0,35.71,375.0,7001.0
1786575820482653900,2026/08/13 09:03:40.514,3.0,1.0,9907.0,32607.0,37.37,345.0,7001.0
1786575821029987500,2026/08/13 09:03:41.060,0.0,1.0,9957.0,32607.0,38.33,487.0,7001.0
1786575821572848200,2026/08/13 09:03:41.604,1.0,1.0,10001.0,32607.0,38.96,615.0,7001.0
1786575822118754000,2026/08/13 09:03:42.150,0.0,1.0,10045.0,32607.0,37.69,322.0,7001.0
1786575822668025000,2026/08/13 09:03:42.699,1.0,1.0,10093.0,32607.0,35.99,360.0,7001.0
1786575823211491400,2026/08/13 09:03:43.244,1.0,1.0,10143.0,32607.0,36.01,360.0,7001.0
1786575823757700600,2026/08/13 09:03:43.788,1.0,1.0,10187.0,32607.0,36.07,397.0,7001.0
1786575824299965300,2026/08/13 09:03:44.331,1.0,1.0,10231.0,32607.0,36.2,360.0,7001.0
1786575824845995100,2026/08/13 09:03:44.877,1.0,1.0,10283.0,32607.0,36.01,352.0,7001.0
1786575825393561300,2026/08/13 09:03:45.425,1.0,1.0,10333.0,32607.0,36.29,352.0,7001.0
1786575825938623800,2026/08/13 09:03:45.970,0.0,1.0,10377.0,32607.0,35.96,360.0,7001.0
1786575826485220400,2026/08/13 09:03:46.516,0.0,1.0,10427.0,32607.0,35.65,352.0,7001.0
1786575827031958600,2026/08/13 09:03:47.063,0.0,1.0,10467.0,32607.0,35.9,345.0,7001.0
1786575827579041100,2026/08/13 09:03:47.610,1.0,1.0,10517.0,32607.0,36.19,352.0,7001.0
1786575828127819800,2026/08/13 09:03:48.159,0.0,1.0,10561.0,32607.0,36.11,330.0,7001.0
1786575828674025200,2026/08/13 09:03:48.704,1.0,1.0,10611.0,32607.0,36.09,352.0,7001.0
1786575829220387500,2026/08/13 09:03:49.250,0.0,1.0,10663.0,32607.0,35.98,345.0,7001.0
1786575829764497900,2026/08/13 09:03:49.795,0.0,1.0,10713.0,32607.0,35.82,345.0,7001.0
1786575830308899000,2026/08/13 09:03:50.340,0.0,1.0,10757.0,32607.0,35.87,352.0,7001.0
1786575830858207300,2026/08/13 09:03:50.888,0.0,1.0,10807.0,32607.0,35.7,352.0,7001.0
1786575831406733600,2026/08/13 09:03:51.438,0.0,1.0,10859.0,32607.0,35.74,337.0,7001.0
1786575831950340700,2026/08/13 09:03:51.982,0.0,1.0,10909.0,32607.0,35.64,337.0,7001.0
1786575832497340000,2026/08/13 09:03:52.528,0.0,1.0,10953.0,32607.0,35.67,337.0,7001.0
1786575833043424900,2026/08/13 09:03:53.074,2.0,1.0,11009.0,32607.0,36.41,352.0,7001.0
1786575833590214500,2026/08/13 09:03:53.621,3.0,1.0,11176.0,32607.0,38.35,547.0,7001.0
1786575834136702800,2026/08/13 09:03:54.168,1.0,1.0,11226.0,32607.0,40.28,615.0,7001.0
1786575834677909900,2026/08/13 09:03:54.709,0.0,1.0,11270.0,32607.0,38.14,337.0,7001.0
1786575835226151600,2026/08/13 09:03:55.257,1.0,1.0,11296.0,32607.0,35.78,330.0,7001.0
1786575835771086600,2026/08/13 09:03:55.802,1.0,1.0,11351.0,32607.0,38.4,562.0,7001.0
1786575836316890700,2026/08/13 09:03:56.347,1.0,1.0,11402.0,32607.0,38.65,405.0,7001.0
1786575836861882400,2026/08/13 09:03:56.893,1.0,1.0,11446.0,32607.0,36.49,345.0,7001.0
1786575837409606800,2026/08/13 09:03:57.441,1.0,1.0,11490.0,32607.0,36.94,390.0,7001.0
1786575837953344500,2026/08/13 09:03:57.984,1.0,1.0,11536.0,32607.0,37.1,390.0,7001.0
1786575838500935500,2026/08/13 09:03:58.532,1.0,1.0,11494.0,32607.0,37.41,435.0,7001.0
1786575839045929500,2026/08/13 09:03:59.076,1.0,1.0,11538.0,32607.0,37.04,352.0,7001.0
1786575839587739500,2026/08/13 09:03:59.619,1.0,1.0,11584.0,32607.0,36.62,375.0,7001.0
1786575840136535300,2026/08/13 09:04:00.167,0.0,1.0,11634.0,32607.0,36.62,375.0,7001.0
1786575840683074200,2026/08/13 09:04:00.714,0.0,1.0,11676.0,32607.0,36.43,367.0,7001.0
1786575841232441000,2026/08/13 09:04:01.263,2.0,1.0,11726.0,32607.0,36.91,382.0,7001.0
1786575841779160800,2026/08/13 09:04:01.810,1.0,1.0,11769.0,32607.0,36.85,337.0,7001.0
1786575842322471700,2026/08/13 09:04:02.353,1.0,1.0,11814.0,32607.0,36.92,375.0,7001.0
1786575842871055700,2026/08/13 09:04:02.901,1.0,1.0,11852.0,32607.0,37.05,405.0,7001.0
1786575843417191100,2026/08/13 09:04:03.448,0.0,1.0,11902.0,32607.0,36.65,367.0,7001.0
1786575843961043800,2026/08/13 09:04:03.993,1.0,1.0,11946.0,32607.0,36.5,352.0,7001.0
1786575844508676200,2026/08/13 09:04:04.540,1.0,1.0,11998.0,32607.0,36.76,382.0,7001.0
1786575845054300200,2026/08/13 09:04:05.085,1.0,1.0,12049.0,32607.0,36.38,352.0,7001.0
1786575845603127700,2026/08/13 09:04:05.634,1.0,1.0,12100.0,32607.0,36.12,345.0,7001.0
1786575846147881100,2026/08/13 09:04:06.178,1.0,1.0,12140.0,32607.0,36.97,420.0,7001.0
1786575846693815900,2026/08/13 09:04:06.724,1.0,1.0,12192.0,32607.0,37.69,420.0,7001.0
1786575847240109100,2026/08/13 09:04:07.271,1.0,1.0,12236.0,32607.0,37.3,375.0,7001.0
1786575847783139000,2026/08/13 09:04:07.814,1.0,1.0,12286.0,32607.0,36.98,375.0,7001.0
1786575848332286000,2026/08/13 09:04:08.363,0.0,1.0,12372.0,32607.0,36.69,382.0,7001.0
1786575848879083000,2026/08/13 09:04:08.911,2.0,1.0,12423.0,32607.0,36.84,352.0,7001.0
1786575849426025100,2026/08/13 09:04:09.457,1.0,1.0,12466.0,32607.0,39.92,435.0,7001.0
1786575849972417200,2026/08/13 09:04:10.004,0.0,1.0,12516.0,32607.0,37.1,375.0,7001.0
1786575850519031000,2026/08/13 09:04:10.550,0.0,1.0,12557.0,32607.0,36.42,352.0,7001.0
1786575851069209800,2026/08/13 09:04:11.101,0.0,1.0,12602.0,32607.0,36.19,375.0,7001.0
1786575851617322300,2026/08/13 09:04:11.648,3.0,1.0,12721.0,32607.0,38.64,592.0,7001.0
1786575852164850900,2026/08/13 09:04:12.195,3.0,1.0,12765.0,32607.0,41.5,540.0,7001.0
1786575852710841300,2026/08/13 09:04:12.742,3.0,1.0,12809.0,32607.0,41.35,532.0,7001.0
1786575853259656200,2026/08/13 09:04:13.290,3.0,1.0,12833.0,32607.0,41.5,525.0,7001.0
1786575853807072800,2026/08/13 09:04:13.838,3.0,1.0,12885.0,32607.0,41.46,555.0,7001.0
1786575854353063700,2026/08/13 09:04:14.384,3.0,1.0,12845.0,32607.0,41.09,510.0,7001.0
1786575854902469000,2026/08/13 09:04:14.933,2.0,1.0,12897.0,32607.0,41.15,517.0,7001.0
1786575855454054100,2026/08/13 09:04:15.485,1.0,1.0,12939.0,32607.0,39.93,450.0,7001.0
1786575856001979600,2026/08/13 09:04:16.033,1.0,1.0,12984.0,32607.0,39.04,510.0,7001.0
1786575856550215700,2026/08/13 09:04:16.581,1.0,1.0,13031.0,32607.0,39.29,465.0,7001.0
1786575857098934300,2026/08/13 09:04:17.130,1.0,1.0,13076.0,32607.0,39.37,442.0,7001.0
1786575857646808300,2026/08/13 09:04:17.678,1.0,1.0,13127.0,32607.0,38.92,465.0,7001.0
1786575858197611000,2026/08/13 09:04:18.229,1.0,1.0,13175.0,32607.0,38.89,457.0,7001.0
1786575858744021200,2026/08/13 09:04:18.776,1.0,1.0,13223.0,32607.0,38.92,442.0,7001.0
1786575859294230600,2026/08/13 09:04:19.324,1.0,1.0,13271.0,32607.0,38.86,525.0,7001.0
1786575859839154700,2026/08/13 09:04:19.869,2.0,1.0,13317.0,32607.0,39.3,435.0,7001.0
1786575860387040400,2026/08/13 09:04:20.418,2.0,1.0,13368.0,32607.0,39.42,465.0,7001.0
1786575860938882500,2026/08/13 09:04:20.970,1.0,1.0,13411.0,32607.0,39.48,502.0,7001.0
1786575861485512600,2026/08/13 09:04:21.516,3.0,1.0,13461.0,32607.0,40.23,502.0,7001.0
1786575862036005300,2026/08/13 09:04:22.067,3.0,1.0,13510.0,32607.0,41.85,630.0,7001.0
1786575862582880200,2026/08/13 09:04:22.614,2.0,1.0,13548.0,32607.0,42.95,570.0,7001.0
1786575863128778000,2026/08/13 09:04:23.159,3.0,1.0,13595.0,32607.0,42.3,562.0,7001.0
1786575863674786600,2026/08/13 09:04:23.705,2.0,1.0,13638.0,32607.0,42.38,622.0,7001.0
1786575864223489000,2026/08/13 09:04:24.253,3.0,1.0,13680.0,32607.0,42.56,570.0,7001.0
1786575864768904700,2026/08/13 09:04:24.799,2.0,1.0,13730.0,32607.0,42.22,630.0,7001.0
1786575865317064400,2026/08/13 09:04:25.348,3.0,1.0,13774.0,32607.0,42.42,570.0,7001.0
1786575865864763500,2026/08/13 09:04:25.896,2.0,1.0,13817.0,32607.0,42.52,630.0,7001.0
1786575866412985300,2026/08/13 09:04:26.444,2.0,1.0,13861.0,32607.0,41.94,615.0,7001.0
1786575866961097200,2026/08/13 09:04:26.992,3.0,1.0,13907.0,32607.0,41.56,532.0,7001.0
1786575867508548000,2026/08/13 09:04:27.540,2.0,1.0,13951.0,32607.0,41.54,600.0,7001.0
1786575868054658000,2026/08/13 09:04:28.086,2.0,1.0,14001.0,32607.0,41.85,570.0,7001.0
1786575868601011700,2026/08/13 09:04:28.632,1.0,1.0,14040.0,32607.0,41.14,555.0,7001.0
1786575869144528900,2026/08/13 09:04:29.176,3.0,1.0,14086.0,32607.0,41.15,562.0,7001.0
1786575869690383900,2026/08/13 09:04:29.721,1.0,1.0,14209.0,32607.0,41.2,615.0,7001.0
1786575870234105400,2026/08/13 09:04:30.265,0.0,1.0,14247.0,32607.0,40.17,555.0,7001.0
1786575870778403100,2026/08/13 09:04:30.810,0.0,1.0,14293.0,32607.0,37.26,322.0,7001.0
1786575871324889200,2026/08/13 09:04:31.356,1.0,1.0,14343.0,32607.0,36.11,337.0,7001.0
1786575871867495700,2026/08/13 09:04:31.898,0.0,1.0,14325.0,32607.0,36.36,360.0,7001.0
1786575872412851600,2026/08/13 09:04:32.443,1.0,1.0,14368.0,32607.0,36.4,330.0,7001.0
1786575872960306500,2026/08/13 09:04:32.990,1.0,1.0,14419.0,32607.0,35.98,360.0,7001.0
1786575873506751200,2026/08/13 09:04:33.538,1.0,1.0,14463.0,32607.0,36.11,345.0,7001.0
1786575874055946400,2026/08/13 09:04:34.087,1.0,1.0,14500.0,32607.0,36.25,330.0,7001.0
1786575874606508700,2026/08/13 09:04:34.638,1.0,1.0,14552.0,32607.0,36.68,352.0,7001.0
1786575875152713800,2026/08/13 09:04:35.184,3.0,1.0,14679.0,32607.0,37.87,337.0,7001.0
1786575875699842400,2026/08/13 09:04:35.731,2.0,1.0,14728.0,32607.0,38.78,412.0,7001.0
1786575876246742800,2026/08/13 09:04:36.277,0.0,1.0,14772.0,32607.0,39.58,540.0,7001.0
1786575876792171300,2026/08/13 09:04:36.824,1.0,1.0,14816.0,32607.0,37.95,337.0,7001.0
1786575877340482900,2026/08/13 09:04:37.372,0.0,1.0,14852.0,32607.0,36.35,352.0,7001.0
1786575877886238400,2026/08/13 09:04:37.917,1.0,1.0,14826.0,32607.0,36.61,345.0,7001.0
1786575878432460800,2026/08/13 09:04:38.463,1.0,1.0,14870.0,32607.0,37.31,390.0,7001.0
1786575878978344200,2026/08/13 09:04:39.009,1.0,1.0,14914.0,32607.0,37.32,397.0,7001.0
1786575879525777000,2026/08/13 09:04:39.557,0.0,1.0,14971.0,32607.0,37.24,397.0,7001.0
1786575880070750900,2026/08/13 09:04:40.101,3.0,1.0,15019.0,32607.0,39.91,660.0,7001.0
1786575880618751900,2026/08/13 09:04:40.649,2.0,1.0,15057.0,32607.0,42.61,615.0,7001.0
1786575881165465500,2026/08/13 09:04:41.211,3.0,1.0,15095.0,32607.0,41.74,495.0,7001.0
1786575881729703600,2026/08/13 09:04:41.760,2.0,1.0,15138.0,32607.0,40.97,510.0,7001.0
1786575882276801100,2026/08/13 09:04:42.308,3.0,1.0,15188.0,32607.0,40.81,532.0,7001.0
1786575882821864800,2026/08/13 09:04:42.853,2.0,1.0,15229.0,32607.0,40.79,525.0,7001.0
1786575883366399800,2026/08/13 09:04:43.397,3.0,1.0,15275.0,32607.0,40.81,525.0,7001.0
1786575883913045200,2026/08/13 09:04:43.945,1.0,1.0,15315.0,32607.0,39.95,480.0,7001.0
1786575884459631500,2026/08/13 09:04:44.491,1.0,1.0,15354.0,32607.0,39.06,420.0,7001.0
1786575885006145000,2026/08/13 09:04:45.038,2.0,1.0,15390.0,32607.0,39.26,450.0,7001.0
1786575885552571800,2026/08/13 09:04:45.584,1.0,1.0,15436.0,32607.0,39.41,487.0,7001.0
1786575886098389500,2026/08/13 09:04:46.130,2.0,1.0,15493.0,32607.0,39.51,457.0,7001.0
1786575886647421900,2026/08/13 09:04:46.678,2.0,1.0,15542.0,32607.0,39.53,465.0,7001.0
1786575887193434100,2026/08/13 09:04:47.225,1.0,1.0,15589.0,32607.0,39.54,465.0,7001.0
1786575887742124400,2026/08/13 09:04:47.773,1.0,1.0,15632.0,32607.0,39.36,495.0,7001.0
1786575888287772600,2026/08/13 09:04:48.319,1.0,1.0,15684.0,32607.0,39.01,465.0,7001.0
1786575888830938500,2026/08/13 09:04:48.863,1.0,1.0,15727.0,32607.0,38.81,480.0,7001.0
1786575889378046700,2026/08/13 09:04:49.409,1.0,1.0,15771.0,32607.0,38.76,457.0,7001.0
1786575889924996200,2026/08/13 09:04:49.956,0.0,1.0,15815.0,32607.0,36.59,337.0,7001.0
1786575890471892200,2026/08/13 09:04:50.503,1.0,1.0,15858.0,32607.0,36.07,352.0,7001.0
1786575891015025200,2026/08/13 09:04:51.046,0.0,1.0,15918.0,32607.0,36.15,367.0,7001.0
1786575891560402900,2026/08/13 09:04:51.591,3.0,1.0,15967.0,32607.0,38.75,495.0,7001.0
1786575892105246300,2026/08/13 09:04:52.136,3.0,1.0,16007.0,32607.0,40.75,532.0,7001.0
1786575892648643900,2026/08/13 09:04:52.679,3.0,1.0,16051.0,32607.0,41.19,525.0,7001.0
1786575893195230800,2026/08/13 09:04:53.226,0.0,1.0,16095.0,32607.0,39.02,345.0,7001.0
1786575893738969000,2026/08/13 09:04:53.770,1.0,1.0,16139.0,32607.0,37.01,337.0,7001.0
1786575894288289900,2026/08/13 09:04:54.319,1.0,1.0,16177.0,32607.0,35.98,337.0,7001.0
1786575894834150500,2026/08/13 09:04:54.866,1.0,1.0,16228.0,32607.0,36.11,352.0,7001.0
1786575895377632700,2026/08/13 09:04:55.409,1.0,1.0,16269.0,32607.0,36.45,330.0,7001.0
1786575895924201800,2026/08/13 09:04:55.955,1.0,1.0,16311.0,32607.0,36.16,337.0,7001.0
1786575896469908500,2026/08/13 09:04:56.501,0.0,1.0,16355.0,32607.0,36.2,337.0,7001.0
1786575897016407300,2026/08/13 09:04:57.046,1.0,1.0,16407.0,32607.0,36.09,345.0,7001.0
1786575897562709400,2026/08/13 09:04:57.594,0.0,1.0,16446.0,32607.0,36.33,360.0,7001.0
1786575898108876800,2026/08/13 09:04:58.139,0.0,1.0,16490.0,32607.0,36.6,345.0,7001.0
1786575898655170300,2026/08/13 09:04:58.686,0.0,1.0,16526.0,32607.0,36.33,345.0,7001.0
1786575899202256600,2026/08/13 09:04:59.233,0.0,1.0,16564.0,32607.0,36.34,367.0,7001.0
1786575899747297100,2026/08/13 09:04:59.778,1.0,1.0,16614.0,32607.0,36.55,337.0,7001.0
1786575900297002300,2026/08/13 09:05:00.328,1.0,1.0,16660.0,32607.0,36.51,352.0,7001.0
1786575900842465700,2026/08/13 09:05:00.873,1.0,1.0,16710.0,32607.0,36.54,367.0,7001.0
1786575901390784700,2026/08/13 09:05:01.421,1.0,1.0,16754.0,32607.0,36.51,352.0,7001.0
1786575901939255000,2026/08/13 09:05:01.970,1.0,1.0,16798.0,32607.0,36.31,345.0,7001.0
1786575902482830200,2026/08/13 09:05:02.514,1.0,1.0,16850.0,32607.0,36.46,330.0,7001.0
1786575903028301000,2026/08/13 09:05:03.060,1.0,1.0,16894.0,32607.0,36.51,382.0,7001.0
1786575903574039200,2026/08/13 09:05:03.606,1.0,1.0,16938.0,32607.0,36.49,337.0,7001.0
1786575904118791800,2026/08/13 09:05:04.149,1.0,1.0,16988.0,32607.0,36.01,330.0,7001.0
1786575904667712700,2026/08/13 09:05:04.698,0.0,1.0,17032.0,32607.0,35.76,352.0,7001.0
1786575905214071800,2026/08/13 09:05:05.245,0.0,1.0,17086.0,32607.0,36.07,337.0,7001.0
1786575905758336900,2026/08/13 09:05:05.789,0.0,1.0,17124.0,32607.0,36.24,360.0,7001.0
1786575906306041400,2026/08/13 09:05:06.337,0.0,1.0,17168.0,32607.0,36.18,345.0,7001.0
1786575906852110600,2026/08/13 09:05:06.883,0.0,1.0,17218.0,32607.0,36.23,360.0,7001.0
1786575907398712300,2026/08/13 09:05:07.429,0.0,1.0,17262.0,32607.0,36.29,367.0,7001.0
1786575907945637600,2026/08/13 09:05:07.976,0.0,1.0,17308.0,32607.0,36.21,367.0,7001.0
1786575908490086800,2026/08/13 09:05:08.522,0.0,1.0,17352.0,32607.0,36.43,382.0,7001.0
1786575909037302800,2026/08/13 09:05:09.068,0.0,1.0,17392.0,32607.0,36.32,345.0,7001.0
1786575909582936600,2026/08/13 09:05:09.614,1.0,1.0,17442.0,32607.0,36.4,367.0,7001.0
1786575910127740000,2026/08/13 09:05:10.159,1.0,1.0,17482.0,32607.0,36.51,352.0,7001.0
1786575910671891600,2026/08/13 09:05:10.702,1.0,1.0,17534.0,32607.0,36.53,337.0,7001.0
1786575911214412700,2026/08/13 09:05:11.245,1.0,1.0,17578.0,32607.0,36.47,337.0,7001.0
1786575911761334100,2026/08/13 09:05:11.792,1.0,1.0,17622.0,32607.0,36.27,337.0,7001.0
1786575912307916300,2026/08/13 09:05:12.339,1.0,1.0,17676.0,32607.0,36.33,337.0,7001.0
1786575912852422300,2026/08/13 09:05:12.883,1.0,1.0,17722.0,32607.0,36.91,390.0,7001.0
1786575913398358100,2026/08/13 09:05:13.429,1.0,1.0,17766.0,32607.0,37.65,375.0,7001.0
1786575913943320000,2026/08/13 09:05:13.974,1.0,1.0,17810.0,32607.0,37.67,412.0,7001.0
1786575914485718600,2026/08/13 09:05:14.516,1.0,1.0,17854.0,32607.0,37.58,390.0,7001.0
1786575915029587300,2026/08/13 09:05:15.060,1.0,1.0,17904.0,32607.0,37.33,390.0,7001.0
1786575915575409100,2026/08/13 09:05:15.607,1.0,1.0,17949.0,32607.0,37.88,442.0,7001.0
1786575916121321100,2026/08/13 09:05:16.152,1.0,1.0,17995.0,32607.0,38.11,360.0,7001.0
1786575916668954300,2026/08/13 09:05:16.701,0.0,1.0,18045.0,32607.0,37.67,405.0,7001.0
1786575917213644100,2026/08/13 09:05:17.244,1.0,1.0,18089.0,32607.0,37.67,382.0,7001.0
1786575917758801200,2026/08/13 09:05:17.790,1.0,1.0,18139.0,32607.0,37.7,367.0,7001.0
1786575918308396000,2026/08/13 09:05:18.339,1.0,1.0,18205.0,32607.0,37.36,367.0,7001.0
1786575918856584800,2026/08/13 09:05:18.887,3.0,1.0,18263.0,32607.0,38.61,367.0,7001.0
1786575919401480000,2026/08/13 09:05:19.432,3.0,1.0,18307.0,32607.0,44.47,607.0,7001.0
1786575919949026800,2026/08/13 09:05:19.980,2.0,1.0,18351.0,32607.0,42.92,517.0,7001.0
1786575920495617700,2026/08/13 09:05:20.527,3.0,1.0,18402.0,32607.0,42.22,532.0,7001.0
1786575921043408700,2026/08/13 09:05:21.075,3.0,1.0,18446.0,32607.0,42.2,532.0,7001.0
1786575921588971700,2026/08/13 09:05:21.620,2.0,1.0,18490.0,32607.0,42.26,517.0,7001.0
1786575922138134400,2026/08/13 09:05:22.169,3.0,1.0,18534.0,32607.0,42.1,487.0,7001.0
1786575922685282100,2026/08/13 09:05:22.717,0.0,1.0,18582.0,32607.0,41.32,517.0,7001.0
1786575923232465700,2026/08/13 09:05:23.264,2.0,1.0,18633.0,32607.0,40.5,502.0,7001.0
1786575923780080600,2026/08/13 09:05:23.810,1.0,1.0,18666.0,32607.0,40.46,585.0,7001.0
1786575924329366500,2026/08/13 09:05:24.360,1.0,1.0,18716.0,32607.0,40.22,480.0,7001.0
1786575924878711900,2026/08/13 09:05:24.910,2.0,1.0,18764.0,32607.0,39.97,510.0,7001.0
1786575925423881800,2026/08/13 09:05:25.455,1.0,1.0,18808.0,32607.0,40.24,450.0,7001.0
1786575925970712200,2026/08/13 09:05:26.001,1.0,1.0,18854.0,32607.0,40.28,525.0,7001.0
1786575926518200200,2026/08/13 09:05:26.550,1.0,1.0,18901.0,32607.0,39.91,427.0,7001.0
1786575927066937200,2026/08/13 09:05:27.098,1.0,1.0,18953.0,32607.0,39.47,457.0,7001.0
1786575927612895600,2026/08/13 09:05:27.644,1.0,1.0,18996.0,32607.0,39.63,480.0,7001.0
1786575928161391000,2026/08/13 09:05:28.192,1.0,1.0,19040.0,32607.0,39.17,427.0,7001.0
1786575928704820500,2026/08/13 09:05:28.736,1.0,1.0,19084.0,32607.0,38.28,337.0,7001.0
1786575929248210200,2026/08/13 09:05:29.280,1.0,1.0,19146.0,32607.0,37.37,337.0,7001.0
1786575929798689500,2026/08/13 09:05:29.830,3.0,1.0,19188.0,32607.0,38.37,367.0,7001.0
1786575930347793600,2026/08/13 09:05:30.379,3.0,1.0,19232.0,32607.0,40.98,510.0,7001.0
1786575930895172800,2026/08/13 09:05:30.927,3.0,1.0,19272.0,32607.0,42.13,525.0,7001.0
1786575931441931600,2026/08/13 09:05:31.487,1.0,1.0,19316.0,32607.0,39.29,345.0,7001.0
1786575931999003300,2026/08/13 09:05:32.029,1.0,1.0,19366.0,32607.0,37.12,375.0,7001.0
1786575932544959600,2026/08/13 09:05:32.577,0.0,1.0,19395.0,32607.0,36.88,360.0,7001.0
1786575933090780900,2026/08/13 09:05:33.122,0.0,1.0,19445.0,32607.0,36.67,352.0,7001.0
1786575933637491600,2026/08/13 09:05:33.668,1.0,1.0,19488.0,32607.0,36.69,367.0,7001.0
1786575934182355000,2026/08/13 09:05:34.212,0.0,1.0,19538.0,32607.0,36.73,360.0,7001.0
1786575934725223600,2026/08/13 09:05:34.757,0.0,1.0,19582.0,32607.0,36.64,352.0,7001.0
1786575935270746500,2026/08/13 09:05:35.301,0.0,1.0,19627.0,32607.0,36.6,337.0,7001.0
1786575935818198600,2026/08/13 09:05:35.849,0.0,1.0,19667.0,32607.0,36.8,345.0,7001.0
1786575936367207900,2026/08/13 09:05:36.399,1.0,1.0,19716.0,32607.0,36.84,337.0,7001.0
1786575936915185700,2026/08/13 09:05:36.947,1.0,1.0,19772.0,32607.0,37.03,352.0,7001.0
1786575937486551400,2026/08/13 09:05:37.518,1.0,1.0,19772.0,32607.0,36.89,307.0,7001.0
1786575938034296600,2026/08/13 09:05:38.080,1.0,1.0,19772.0,32607.0,41.94,607.0,7001.0
1786575938611748200,2026/08/13 09:05:38.642,0.0,1.0,19772.0,32607.0,41.9,390.0,7001.0
1786575939157725300,2026/08/13 09:05:39.189,0.0,1.0,19772.0,32607.0,36.43,360.0,7001.0
1786575939709847400,2026/08/13 09:05:39.741,0.0,1.0,19772.0,32607.0,36.72,352.0,7001.0
1786575940259507100,2026/08/13 09:05:40.302,0.0,0.0,19772.0,32607.0,36.69,330.0,7001.0
1786575940820106600,2026/08/13 09:05:40.852,0.0,1.0,19772.0,32607.0,36.17,345.0,7001.0
1786575941396337700,2026/08/13 09:05:41.428,0.0,1.0,19772.0,32607.0,35.85,330.0,7001.0
1786575941972867100,2026/08/13 09:05:42.007,0.0,1.0,19772.0,32607.0,35.98,322.0,7001.0
1786575942528690500,2026/08/13 09:05:42.555,0.0,1.0,19772.0,32607.0,36.07,322.0,7001.0
1786575943072293700,2026/08/13 09:05:43.119,0.0,1.0,19772.0,32607.0,36.55,360.0,7001.0
1786575943629036400,2026/08/13 09:05:43.661,74.0,14.0,19788.0,32607.0,115.93,1905.0,14001.0
1786575944178946700,2026/08/13 09:05:44.210,74.0,9.0,11178.0,32607.0,237.99,2842.0,14001.0
1786575944718019800,2026/08/13 09:05:44.750,4.0,0.0,2398.0,32607.0,213.46,2865.0,14001.0
1786575945306024600,2026/08/13 09:05:45.337,2.0,1.0,2402.0,32607.0,98.33,2872.0,14001.0
1786575945858435900,2026/08/13 09:05:45.889,2.0,0.0,2399.0,32607.0,91.67,2872.0,14001.0
1786575946407819600,2026/08/13 09:05:46.438,3.0,1.0,2413.0,32607.0,61.55,772.0,7001.0
1786575946957546400,2026/08/13 09:05:46.988,2.0,1.0,2563.0,32607.0,43.08,855.0,7001.0
1786575947505534100,2026/08/13 09:05:47.537,2.0,1.0,2580.0,32607.0,44.61,892.0,7001.0
1786575948057339000,2026/08/13 09:05:48.088,3.0,1.0,2579.0,32607.0,44.58,840.0,7001.0
1786575948606596700,2026/08/13 09:05:48.638,1.0,1.0,2579.0,32607.0,43.33,615.0,7001.0
1786575949152382000,2026/08/13 09:05:49.183,2.0,1.0,2571.0,32607.0,41.84,502.0,7001.0
1786575949699335800,2026/08/13 09:05:49.730,2.0,1.0,2613.0,32607.0,41.9,682.0,7001.0
1786575950249049500,2026/08/13 09:05:50.281,1.0,1.0,2613.0,32607.0,42.4,592.0,7001.0
1786575950796713800,2026/08/13 09:05:50.828,1.0,1.0,2542.0,32607.0,40.02,427.0,7001.0
1786575951345202200,2026/08/13 09:05:51.376,0.0,1.0,2544.0,32607.0,37.69,292.0,7001.0
1786575951893337100,2026/08/13 09:05:51.925,1.0,1.0,2548.0,32607.0,37.05,337.0,7001.0
1786575952445948300,2026/08/13 09:05:52.477,1.0,1.0,2654.0,32607.0,41.97,562.0,7001.0
1786575952985953100,2026/08/13 09:05:53.018,0.0,1.0,2667.0,32607.0,41.27,517.0,7001.0
1786575953527402100,2026/08/13 09:05:53.559,1.0,1.0,2680.0,32607.0,38.03,292.0,7001.0
1786575954079510200,2026/08/13 09:05:54.110,4.0,1.0,2666.0,32607.0,39.17,315.0,7001.0
1786575954630661300,2026/08/13 09:05:54.662,3.0,1.0,2687.0,32607.0,42.08,600.0,7001.0
1786575955182259400,2026/08/13 09:05:55.214,2.0,1.0,2691.0,32607.0,42.65,562.0,7001.0
1786575955735658200,2026/08/13 09:05:55.767,1.0,1.0,2761.0,32607.0,41.75,547.0,7001.0
1786575956289165300,2026/08/13 09:05:56.320,4.0,0.0,2832.0,32607.0,52.22,1860.0,14001.0
1786575956836335700,2026/08/13 09:05:56.868,7.0,1.0,2869.0,32607.0,67.38,2542.0,14001.0
1786575957381990800,2026/08/13 09:05:57.413,0.0,0.0,2909.0,32607.0,73.32,2520.0,14001.0
1786575957927088100,2026/08/13 09:05:57.959,0.0,0.0,2952.0,32607.0,69.19,2482.0,14001.0
1786575958471390200,2026/08/13 09:05:58.503,0.0,0.0,2996.0,32607.0,69.31,2482.0,14001.0
1786575959018470200,2026/08/13 09:05:59.049,0.0,0.0,3040.0,32607.0,69.3,2482.0,14001.0
1786575959566674200,2026/08/13 09:05:59.598,1.0,1.0,3078.0,32607.0,60.5,1567.0,7001.0
1786575960111068300,2026/08/13 09:06:00.142,0.0,1.0,3122.0,32607.0,46.3,637.0,7001.0
1786575960658710500,2026/08/13 09:06:00.689,0.0,1.0,3166.0,32607.0,38.11,555.0,7001.0
1786575961206221500,2026/08/13 09:06:01.252,1.0,1.0,3210.0,32607.0,37.93,465.0,7001.0
1786575961769630800,2026/08/13 09:06:01.800,0.0,1.0,3256.0,32607.0,37.78,412.0,7001.0
1786575962314124600,2026/08/13 09:06:02.345,0.0,1.0,3300.0,32607.0,37.37,390.0,7001.0
1786575962861667800,2026/08/13 09:06:02.893,1.0,1.0,3344.0,32607.0,37.06,322.0,7001.0
1786575963408361800,2026/08/13 09:06:03.439,0.0,1.0,3388.0,32607.0,37.01,352.0,7001.0
1786575963956038800,2026/08/13 09:06:03.988,0.0,1.0,3438.0,32607.0,36.8,337.0,7001.0
1786575964500383500,2026/08/13 09:06:04.531,0.0,1.0,3476.0,32607.0,37.08,322.0,7001.0
1786575965045385300,2026/08/13 09:06:05.077,1.0,1.0,3530.0,32607.0,37.27,330.0,7001.0
1786575965594747700,2026/08/13 09:06:05.626,1.0,1.0,3580.0,32607.0,37.04,322.0,7001.0
1786575966140887300,2026/08/13 09:06:06.172,0.0,1.0,3617.0,32607.0,37.0,352.0,7001.0
1786575966691022700,2026/08/13 09:06:06.721,1.0,1.0,3661.0,32607.0,36.78,360.0,7001.0
1786575967233742600,2026/08/13 09:06:07.264,1.0,1.0,3705.0,32607.0,36.71,337.0,7001.0
1786575967780694000,2026/08/13 09:06:07.811,1.0,1.0,3751.0,32607.0,36.91,337.0,7001.0
1786575968326797500,2026/08/13 09:06:08.358,1.0,1.0,3801.0,32607.0,37.13,337.0,7001.0
1786575968874431400,2026/08/13 09:06:08.906,0.0,1.0,3839.0,32607.0,37.0,322.0,7001.0
1786575969425819600,2026/08/13 09:06:09.457,0.0,1.0,3885.0,32607.0,37.25,360.0,7001.0
1786575969976551000,2026/08/13 09:06:10.008,0.0,1.0,3929.0,32607.0,37.18,337.0,7001.0
1786575970523336000,2026/08/13 09:06:10.554,0.0,1.0,3969.0,32607.0,36.99,352.0,7001.0
1786575971069598700,2026/08/13 09:06:11.100,0.0,1.0,4015.0,32607.0,37.11,352.0,7001.0
1786575971614753300,2026/08/13 09:06:11.646,0.0,1.0,4059.0,32607.0,37.19,345.0,7001.0
1786575972165876100,2026/08/13 09:06:12.197,0.0,1.0,4103.0,32607.0,37.21,352.0,7001.0
1786575972714075300,2026/08/13 09:06:12.745,0.0,1.0,4147.0,32607.0,37.17,352.0,7001.0
1786575973259949000,2026/08/13 09:06:13.291,0.0,1.0,4191.0,32607.0,37.08,352.0,7001.0
1786575973807477600,2026/08/13 09:06:13.839,0.0,1.0,4235.0,32607.0,37.13,360.0,7001.0
1786575974353343100,2026/08/13 09:06:14.384,1.0,1.0,4281.0,32607.0,37.16,322.0,7001.0
1786575974899328900,2026/08/13 09:06:14.931,0.0,1.0,4325.0,32607.0,37.06,352.0,7001.0
1786575975445253400,2026/08/13 09:06:15.475,1.0,1.0,4369.0,32607.0,36.75,322.0,7001.0
1786575975992729800,2026/08/13 09:06:16.024,0.0,1.0,4413.0,32607.0,36.86,352.0,7001.0
1786575976540833800,2026/08/13 09:06:16.572,0.0,1.0,4457.0,32607.0,36.8,322.0,7001.0
1786575977085768200,2026/08/13 09:06:17.116,0.0,1.0,4501.0,32607.0,37.0,337.0,7001.0
1786575977632184600,2026/08/13 09:06:17.663,0.0,1.0,4547.0,32607.0,37.11,337.0,7001.0
1786575978177567600,2026/08/13 09:06:18.209,0.0,1.0,4585.0,32607.0,36.95,330.0,7001.0
1786575978724192100,2026/08/13 09:06:18.756,0.0,1.0,4635.0,32607.0,36.92,337.0,7001.0
1786575979271736900,2026/08/13 09:06:19.303,0.0,1.0,4679.0,32607.0,36.82,360.0,7001.0
1786575979816836900,2026/08/13 09:06:19.848,0.0,1.0,4723.0,32607.0,36.81,337.0,7001.0
1786575980361573700,2026/08/13 09:06:20.392,0.0,1.0,4767.0,32607.0,37.11,360.0,7001.0
1786575980908806900,2026/08/13 09:06:20.940,1.0,1.0,4813.0,32607.0,36.77,337.0,7001.0
1786575981456112600,2026/08/13 09:06:21.487,2.0,1.0,4864.0,32607.0,37.65,337.0,7001.0
1786575981999346000,2026/08/13 09:06:22.030,1.0,1.0,4908.0,32607.0,37.88,337.0,7001.0
1786575982543716300,2026/08/13 09:06:22.573,0.0,1.0,4952.0,32607.0,37.32,345.0,7001.0
1786575983089878400,2026/08/13 09:06:23.137,0.0,1.0,5004.0,32607.0,37.38,360.0,7001.0
1786575983653782400,2026/08/13 09:06:23.685,0.0,1.0,5048.0,32607.0,37.2,330.0,7001.0
1786575984202892800,2026/08/13 09:06:24.234,1.0,1.0,5104.0,32607.0,37.34,337.0,7001.0
1786575984748747300,2026/08/13 09:06:24.779,6.0,2.0,5043.0,32607.0,39.3,352.0,7001.0
1786575985293308300,2026/08/13 09:06:25.325,3.0,1.0,5095.0,32607.0,41.45,547.0,7001.0
1786575985836580900,2026/08/13 09:06:25.868,1.0,1.0,5139.0,32607.0,42.89,585.0,7001.0
1786575986381607100,2026/08/13 09:06:26.412,2.0,1.0,5183.0,32607.0,41.36,480.0,7001.0
1786575986926532600,2026/08/13 09:06:26.957,2.0,1.0,5228.0,32607.0,41.43,547.0,7001.0
1786575987474042800,2026/08/13 09:06:27.505,1.0,1.0,5272.0,32607.0,41.68,630.0,7001.0
1786575988021120600,2026/08/13 09:06:28.051,2.0,1.0,5324.0,32607.0,42.05,525.0,7001.0
1786575988565581400,2026/08/13 09:06:28.597,1.0,1.0,5368.0,32607.0,41.93,585.0,7001.0
1786575989111391600,2026/08/13 09:06:29.143,2.0,1.0,5412.0,32607.0,41.83,525.0,7001.0
1786575989659034600,2026/08/13 09:06:29.690,1.0,1.0,5460.0,32607.0,41.63,592.0,7001.0
1786575990205155600,2026/08/13 09:06:30.236,2.0,1.0,5501.0,32607.0,42.12,525.0,7001.0
1786575990753794100,2026/08/13 09:06:30.785,1.0,1.0,5545.0,32607.0,41.85,562.0,7001.0
1786575991299566500,2026/08/13 09:06:31.330,3.0,1.0,5589.0,32607.0,41.95,510.0,7001.0
1786575991846384100,2026/08/13 09:06:31.878,1.0,1.0,5633.0,32607.0,41.63,577.0,7001.0
1786575992388281900,2026/08/13 09:06:32.419,2.0,1.0,5677.0,32607.0,41.7,532.0,7001.0
1786575992931169500,2026/08/13 09:06:32.960,2.0,1.0,5715.0,32607.0,41.83,540.0,7001.0
1786575993475278900,2026/08/13 09:06:33.506,1.0,1.0,5767.0,32607.0,41.54,577.0,7001.0
1786575994022687000,2026/08/13 09:06:34.053,2.0,1.0,5811.0,32607.0,42.3,570.0,7001.0
1786575994566745300,2026/08/13 09:06:34.598,1.0,1.0,5861.0,32607.0,42.37,592.0,7001.0
1786575995114328500,2026/08/13 09:06:35.145,3.0,1.0,5905.0,32607.0,42.25,517.0,7001.0
1786575995663379700,2026/08/13 09:06:35.694,1.0,1.0,5957.0,32607.0,41.81,570.0,7001.0
1786575996213048100,2026/08/13 09:06:36.244,3.0,1.0,6001.0,32607.0,42.02,562.0,7001.0
1786575996758297100,2026/08/13 09:06:36.789,1.0,1.0,6045.0,32607.0,42.01,585.0,7001.0
1786575997302710600,2026/08/13 09:06:37.333,2.0,1.0,6095.0,32607.0,42.28,517.0,7001.0
1786575997845985600,2026/08/13 09:06:37.876,1.0,1.0,6141.0,32607.0,42.2,592.0,7001.0
1786575998390009800,2026/08/13 09:06:38.420,3.0,1.0,6191.0,32607.0,42.7,540.0,7001.0
1786575998939566800,2026/08/13 09:06:38.971,2.0,1.0,6235.0,32607.0,42.15,540.0,7001.0
1786575999489320000,2026/08/13 09:06:39.520,1.0,1.0,6285.0,32607.0,41.92,577.0,7001.0
1786576000032215000,2026/08/13 09:06:40.064,2.0,1.0,6331.0,32607.0,42.16,540.0,7001.0
1786576000577706500,2026/08/13 09:06:40.609,1.0,1.0,6375.0,32607.0,42.06,577.0,7001.0
1786576001120728600,2026/08/13 09:06:41.152,3.0,1.0,6425.0,32607.0,41.97,555.0,7001.0
1786576001669721200,2026/08/13 09:06:41.701,1.0,1.0,6469.0,32607.0,41.69,577.0,7001.0
1786576002215068400,2026/08/13 09:06:42.246,2.0,1.0,6519.0,32607.0,41.96,525.0,7001.0
1786576002759851700,2026/08/13 09:06:42.791,1.0,1.0,6565.0,32607.0,41.8,600.0,7001.0
1786576003305135100,2026/08/13 09:06:43.336,3.0,1.0,6609.0,32607.0,42.2,532.0,7001.0
1786576003849353100,2026/08/13 09:06:43.880,1.0,1.0,6659.0,32607.0,42.28,585.0,7001.0
1786576004394520800,2026/08/13 09:06:44.426,2.0,1.0,6703.0,32607.0,42.51,570.0,7001.0
1786576004939909900,2026/08/13 09:06:44.971,2.0,1.0,6755.0,32607.0,42.06,517.0,7001.0
1786576005484956900,2026/08/13 09:06:45.516,1.0,1.0,6799.0,32607.0,42.02,592.0,7001.0
1786576006031032500,2026/08/13 09:06:46.063,3.0,1.0,6843.0,32607.0,42.34,495.0,7001.0
1786576006577350600,2026/08/13 09:06:46.608,1.0,1.0,6893.0,32607.0,42.17,570.0,7001.0
1786576007122255200,2026/08/13 09:06:47.153,3.0,1.0,6937.0,32607.0,42.44,547.0,7001.0
1786576007671200100,2026/08/13 09:06:47.702,1.0,1.0,6989.0,32607.0,42.01,600.0,7001.0
1786576008215591800,2026/08/13 09:06:48.246,3.0,1.0,7039.0,32607.0,42.08,547.0,7001.0
1786576008760448000,2026/08/13 09:06:48.792,1.0,1.0,7083.0,32607.0,42.27,585.0,7001.0
1786576009308090900,2026/08/13 09:06:49.340,2.0,1.0,7135.0,32607.0,42.45,562.0,7001.0
1786576009857281000,2026/08/13 09:06:49.888,1.0,1.0,7179.0,32607.0,42.18,585.0,7001.0
1786576010402629000,2026/08/13 09:06:50.433,2.0,1.0,7229.0,32607.0,42.41,540.0,7001.0
1786576010948776400,2026/08/13 09:06:50.979,2.0,1.0,7273.0,32607.0,42.08,532.0,7001.0
1786576011492667600,2026/08/13 09:06:51.524,1.0,1.0,7317.0,32607.0,41.71,577.0,7001.0
1786576012036800900,2026/08/13 09:06:52.067,3.0,1.0,7363.0,32607.0,42.18,547.0,7001.0
1786576012581091000,2026/08/13 09:06:52.612,1.0,1.0,7413.0,32607.0,42.42,615.0,7001.0
1786576013126916800,2026/08/13 09:06:53.157,2.0,1.0,7457.0,32607.0,42.56,517.0,7001.0
1786576013673736000,2026/08/13 09:06:53.705,1.0,1.0,7501.0,32607.0,42.28,577.0,7001.0
1786576014215028000,2026/08/13 09:06:54.246,3.0,1.0,7547.0,32607.0,42.27,502.0,7001.0
1786576014761027500,2026/08/13 09:06:54.792,1.0,1.0,7597.0,32607.0,42.36,577.0,7001.0
1786576015306823400,2026/08/13 09:06:55.338,3.0,1.0,7641.0,32607.0,42.75,540.0,7001.0
1786576015853976000,2026/08/13 09:06:55.886,1.0,1.0,7691.0,32607.0,42.22,607.0,7001.0
1786576016397342900,2026/08/13 09:06:56.428,2.0,1.0,7735.0,32607.0,42.58,555.0,7001.0
1786576016942988300,2026/08/13 09:06:56.974,3.0,1.0,7781.0,32607.0,42.86,555.0,7001.0
1786576017489781100,2026/08/13 09:06:57.520,1.0,1.0,7831.0,32607.0,42.81,577.0,7001.0
1786576018037653300,2026/08/13 09:06:58.068,2.0,1.0,7881.0,32607.0,42.65,540.0,7001.0
1786576018585661800,2026/08/13 09:06:58.617,1.0,1.0,7925.0,32607.0,42.45,600.0,7001.0
1786576019131636700,2026/08/13 09:06:59.163,3.0,1.0,7977.0,32607.0,43.15,577.0,7001.0
1786576019680369300,2026/08/13 09:06:59.711,1.0,1.0,8021.0,32607.0,42.99,592.0,7001.0
1786576020229273400,2026/08/13 09:07:00.260,2.0,1.0,8071.0,32607.0,42.66,525.0,7001.0
1786576020779789800,2026/08/13 09:07:00.811,1.0,1.0,8123.0,32607.0,42.35,570.0,7001.0
1786576021326354500,2026/08/13 09:07:01.358,3.0,1.0,8167.0,32607.0,43.0,562.0,7001.0
1786576021877309100,2026/08/13 09:07:01.923,2.0,1.0,8217.0,32607.0,42.56,510.0,7001.0
1786576022440655100,2026/08/13 09:07:02.472,1.0,1.0,8261.0,32607.0,41.96,517.0,7001.0
1786576022987883200,2026/08/13 09:07:03.019,2.0,1.0,8307.0,32607.0,42.16,532.0,7001.0
1786576023533206800,2026/08/13 09:07:03.564,1.0,1.0,8357.0,32607.0,42.18,600.0,7001.0
1786576024078813000,2026/08/13 09:07:04.110,3.0,1.0,8401.0,32607.0,42.43,555.0,7001.0
1786576024627811200,2026/08/13 09:07:04.658,1.0,1.0,8451.0,32607.0,42.34,540.0,7001.0
1786576025172786600,2026/08/13 09:07:05.204,2.0,1.0,8503.0,32607.0,42.38,525.0,7001.0
1786576025719933400,2026/08/13 09:07:05.750,1.0,1.0,8555.0,32607.0,42.8,637.0,7001.0
1786576026264884200,2026/08/13 09:07:06.296,2.0,1.0,8599.0,32607.0,42.82,532.0,7001.0
1786576026812204700,2026/08/13 09:07:06.843,1.0,1.0,8649.0,32607.0,42.28,555.0,7001.0
1786576027358020100,2026/08/13 09:07:07.389,2.0,1.0,8693.0,32607.0,42.26,532.0,7001.0
1786576027902056100,2026/08/13 09:07:07.933,2.0,1.0,8745.0,32607.0,41.88,510.0,7001.0
1786576028448048500,2026/08/13 09:07:08.480,2.0,1.0,8785.0,32607.0,42.44,465.0,7001.0
1786576028996371300,2026/08/13 09:07:09.027,2.0,1.0,8835.0,32607.0,42.34,585.0,7001.0
1786576029542930000,2026/08/13 09:07:09.575,2.0,1.0,8887.0,32607.0,42.04,450.0,7001.0
1786576030091827800,2026/08/13 09:07:10.123,3.0,1.0,8927.0,32607.0,42.42,592.0,7001.0
1786576030642075600,2026/08/13 09:07:10.673,2.0,1.0,8971.0,32607.0,42.76,480.0,7001.0
1786576031191017800,2026/08/13 09:07:11.221,3.0,1.0,9021.0,32607.0,43.04,577.0,7001.0
1786576031736220800,2026/08/13 09:07:11.767,2.0,1.0,9067.0,32607.0,42.58,465.0,7001.0
1786576032281612100,2026/08/13 09:07:12.313,3.0,1.0,9117.0,32607.0,42.82,630.0,7001.0
1786576032828914800,2026/08/13 09:07:12.860,2.0,1.0,9161.0,32607.0,42.66,450.0,7001.0
1786576033372494900,2026/08/13 09:07:13.403,2.0,1.0,9211.0,32607.0,42.62,577.0,7001.0
1786576033918844200,2026/08/13 09:07:13.950,2.0,1.0,9270.0,32607.0,42.76,622.0,7001.0
1786576034464894900,2026/08/13 09:07:14.496,3.0,1.0,9328.0,32607.0,43.82,607.0,7001.0
1786576035016313400,2026/08/13 09:07:15.048,2.0,1.0,9378.0,32607.0,42.6,435.0,7001.0
1786576035562010200,2026/08/13 09:07:15.592,1.0,1.0,9422.0,32607.0,40.42,397.0,7001.0
1786576036105591200,2026/08/13 09:07:16.137,1.0,1.0,9463.0,32607.0,39.57,412.0,7001.0
1786576036649944700,2026/08/13 09:07:16.681,1.0,1.0,9513.0,32607.0,39.41,405.0,7001.0
1786576037198640900,2026/08/13 09:07:17.229,1.0,1.0,9548.0,32607.0,39.14,397.0,7001.0
1786576037743950500,2026/08/13 09:07:17.775,1.0,1.0,9598.0,32607.0,38.94,405.0,7001.0
1786576038290413000,2026/08/13 09:07:18.321,0.0,1.0,9657.0,32607.0,39.18,397.0,7001.0
1786576038837880400,2026/08/13 09:07:18.869,3.0,1.0,9717.0,32607.0,39.96,600.0,7001.0
1786576039384436500,2026/08/13 09:07:19.415,2.0,1.0,9767.0,32607.0,41.97,540.0,7001.0
1786576039931355100,2026/08/13 09:07:19.962,3.0,1.0,9809.0,32607.0,42.58,525.0,7001.0
1786576040475973100,2026/08/13 09:07:20.507,3.0,1.0,9853.0,32607.0,42.77,532.0,7001.0
1786576041020878700,2026/08/13 09:07:21.052,3.0,1.0,9906.0,32607.0,43.22,525.0,7001.0
1786576041572898800,2026/08/13 09:07:21.604,3.0,1.0,9950.0,32607.0,43.34,562.0,7001.0
1786576042120935900,2026/08/13 09:07:22.152,3.0,1.0,10000.0,32607.0,43.0,532.0,7001.0
1786576042670106900,2026/08/13 09:07:22.702,3.0,1.0,10048.0,32607.0,42.86,547.0,7001.0
1786576043220836700,2026/08/13 09:07:23.252,3.0,1.0,10098.0,32607.0,43.58,540.0,7001.0
1786576043768049900,2026/08/13 09:07:23.800,2.0,1.0,10128.0,32607.0,43.71,525.0,7001.0
1786576044313969700,2026/08/13 09:07:24.345,3.0,1.0,10172.0,32607.0,43.07,495.0,7001.0
1786576044860642400,2026/08/13 09:07:24.892,3.0,1.0,10211.0,32607.0,42.86,517.0,7001.0
1786576045405630900,2026/08/13 09:07:25.437,3.0,1.0,10257.0,32607.0,42.76,525.0,7001.0
1786576045956849900,2026/08/13 09:07:26.003,3.0,1.0,10307.0,32607.0,43.03,525.0,7001.0
1786576046519405500,2026/08/13 09:07:26.551,3.0,1.0,10344.0,32607.0,43.22,532.0,7001.0
1786576047066549500,2026/08/13 09:07:27.097,3.0,1.0,10388.0,32607.0,43.12,540.0,7001.0
1786576047611617800,2026/08/13 09:07:27.642,2.0,1.0,10432.0,32607.0,43.0,532.0,7001.0
1786576048157423300,2026/08/13 09:07:28.189,3.0,1.0,10475.0,32607.0,42.89,525.0,7001.0
1786576048705090100,2026/08/13 09:07:28.736,3.0,1.0,10525.0,32607.0,43.05,532.0,7001.0
1786576049252031800,2026/08/13 09:07:29.283,3.0,1.0,10569.0,32607.0,43.15,547.0,7001.0
1786576049800498700,2026/08/13 09:07:29.831,3.0,1.0,10619.0,32607.0,43.13,495.0,7001.0
1786576050350258000,2026/08/13 09:07:30.382,3.0,1.0,10663.0,32607.0,43.09,532.0,7001.0
1786576050899944500,2026/08/13 09:07:30.930,3.0,1.0,10701.0,32607.0,43.19,540.0,7001.0
1786576051442996900,2026/08/13 09:07:31.474,3.0,1.0,10747.0,32607.0,42.94,547.0,7001.0
1786576051993307200,2026/08/13 09:07:32.025,3.0,1.0,10797.0,32607.0,43.69,570.0,7001.0
1786576052538699600,2026/08/13 09:07:32.570,3.0,1.0,10854.0,32607.0,43.74,562.0,7001.0
1786576053086539200,2026/08/13 09:07:33.118,3.0,1.0,10898.0,32607.0,43.34,577.0,7001.0
1786576053633801900,2026/08/13 09:07:33.665,3.0,1.0,10950.0,32607.0,43.26,547.0,7001.0
1786576054177260800,2026/08/13 09:07:34.208,3.0,1.0,10994.0,32607.0,42.74,525.0,7001.0
1786576054720646700,2026/08/13 09:07:34.751,3.0,1.0,11034.0,32607.0,42.86,532.0,7001.0
1786576055268065200,2026/08/13 09:07:35.299,3.0,1.0,11084.0,32607.0,43.12,502.0,7001.0
1786576055813420000,2026/08/13 09:07:35.844,3.0,1.0,11136.0,32607.0,43.15,555.0,7001.0
1786576056360202300,2026/08/13 09:07:36.391,3.0,1.0,11180.0,32607.0,43.11,547.0,7001.0
1786576056906768800,2026/08/13 09:07:36.938,3.0,1.0,11224.0,32607.0,43.05,525.0,7001.0
1786576057453844900,2026/08/13 09:07:37.485,3.0,1.0,11260.0,32607.0,42.91,525.0,7001.0
1786576058002190100,2026/08/13 09:07:38.033,3.0,1.0,11303.0,32607.0,43.01,517.0,7001.0
1786576058546325700,2026/08/13 09:07:38.577,3.0,1.0,11347.0,32607.0,42.96,517.0,7001.0
1786576059090324300,2026/08/13 09:07:39.122,3.0,1.0,11399.0,32607.0,42.92,525.0,7001.0
1786576059639708200,2026/08/13 09:07:39.671,3.0,1.0,11443.0,32607.0,42.7,517.0,7001.0
1786576060188593000,2026/08/13 09:07:40.220,3.0,1.0,11493.0,32607.0,42.83,555.0,7001.0
1786576060734054500,2026/08/13 09:07:40.764,2.0,1.0,11537.0,32607.0,42.84,532.0,7001.0
1786576061279805300,2026/08/13 09:07:41.311,2.0,1.0,11583.0,32607.0,42.59,517.0,7001.0
1786576061830003700,2026/08/13 09:07:41.876,3.0,1.0,11633.0,32607.0,42.89,540.0,7001.0
1786576062391137900,2026/08/13 09:07:42.422,3.0,1.0,11683.0,32607.0,43.3,555.0,7001.0
1786576062935802400,2026/08/13 09:07:42.967,3.0,1.0,11729.0,32607.0,42.99,510.0,7001.0
1786576063482721700,2026/08/13 09:07:43.514,3.0,1.0,11779.0,32607.0,42.75,555.0,7001.0
1786576064028125800,2026/08/13 09:07:44.059,3.0,1.0,11823.0,32607.0,42.94,540.0,7001.0
1786576064574789300,2026/08/13 09:07:44.606,3.0,1.0,11873.0,32607.0,43.09,540.0,7001.0
1786576065120469900,2026/08/13 09:07:45.152,3.0,1.0,11919.0,32607.0,42.82,532.0,7001.0
1786576065666308700,2026/08/13 09:07:45.697,3.0,1.0,11969.0,32607.0,42.79,510.0,7001.0
1786576066212970900,2026/08/13 09:07:46.244,3.0,1.0,12019.0,32607.0,42.87,517.0,7001.0
1786576066756985700,2026/08/13 09:07:46.788,3.0,1.0,12063.0,32607.0,42.92,540.0,7001.0
1786576067302955500,2026/08/13 09:07:47.349,3.0,1.0,12115.0,32607.0,43.1,540.0,7001.0
1786576067865819300,2026/08/13 09:07:47.897,3.0,1.0,12159.0,32607.0,43.19,547.0,7001.0
1786576068414266000,2026/08/13 09:07:48.445,3.0,1.0,12208.0,32607.0,43.03,510.0,7001.0
1786576068961318600,2026/08/13 09:07:48.992,3.0,1.0,12252.0,32607.0,43.05,532.0,7001.0
1786576069505623500,2026/08/13 09:07:49.537,2.0,1.0,12296.0,32607.0,42.86,525.0,7001.0
1786576070052948400,2026/08/13 09:07:50.084,3.0,1.0,12348.0,32607.0,42.75,517.0,7001.0
1786576070600612100,2026/08/13 09:07:50.631,3.0,1.0,12391.0,32607.0,42.99,532.0,7001.0
1786576071144960100,2026/08/13 09:07:51.176,3.0,1.0,12441.0,32607.0,42.96,502.0,7001.0
1786576071692329200,2026/08/13 09:07:51.723,3.0,1.0,12485.0,32607.0,42.95,517.0,7001.0
1786576072238212200,2026/08/13 09:07:52.269,3.0,1.0,12531.0,32607.0,43.22,532.0,7001.0
1786576072785355100,2026/08/13 09:07:52.816,3.0,1.0,12575.0,32607.0,43.2,517.0,7001.0
1786576073327693800,2026/08/13 09:07:53.359,3.0,1.0,12625.0,32607.0,43.15,495.0,7001.0
1786576073874739700,2026/08/13 09:07:53.905,3.0,1.0,12669.0,32607.0,43.01,517.0,7001.0
1786576074418030500,2026/08/13 09:07:54.449,3.0,1.0,12713.0,32607.0,42.94,502.0,7001.0
1786576074961488700,2026/08/13 09:07:54.992,3.0,1.0,12765.0,32607.0,43.15,547.0,7001.0
1786576075507686500,2026/08/13 09:07:55.538,2.0,1.0,12809.0,32607.0,43.19,540.0,7001.0
1786576076052339000,2026/08/13 09:07:56.083,3.0,1.0,12853.0,32607.0,43.12,510.0,7001.0
1786576076597193000,2026/08/13 09:07:56.629,3.0,1.0,12903.0,32607.0,43.31,532.0,7001.0
1786576077142993000,2026/08/13 09:07:57.174,3.0,1.0,12949.0,32607.0,43.43,562.0,7001.0
1786576077695439700,2026/08/13 09:07:57.727,3.0,1.0,12999.0,32607.0,43.65,547.0,7001.0
1786576078244875400,2026/08/13 09:07:58.276,3.0,1.0,13049.0,32607.0,43.88,532.0,7001.0
1786576078788898200,2026/08/13 09:07:58.820,3.0,1.0,13093.0,32607.0,43.68,540.0,7001.0
1786576079337537400,2026/08/13 09:07:59.369,3.0,1.0,13145.0,32607.0,43.13,517.0,7001.0
1786576079883664000,2026/08/13 09:07:59.914,3.0,1.0,13189.0,32607.0,43.09,532.0,7001.0
1786576080429129400,2026/08/13 09:08:00.461,3.0,1.0,13233.0,32607.0,43.09,525.0,7001.0
1786576080979489900,2026/08/13 09:08:01.010,3.0,1.0,13283.0,32607.0,43.23,585.0,7001.0
1786576081525501000,2026/08/13 09:08:01.556,3.0,1.0,13329.0,32607.0,43.54,517.0,7001.0
1786576082069424200,2026/08/13 09:08:02.116,3.0,1.0,13373.0,32607.0,43.41,525.0,7001.0
1786576082634656300,2026/08/13 09:08:02.666,3.0,1.0,13423.0,32607.0,43.33,517.0,7001.0
1786576083183623500,2026/08/13 09:08:03.215,3.0,1.0,13467.0,32607.0,43.35,540.0,7001.0
1786576083732372300,2026/08/13 09:08:03.764,3.0,1.0,13519.0,32607.0,43.37,555.0,7001.0
1786576084280219700,2026/08/13 09:08:04.311,2.0,1.0,13582.0,32607.0,43.63,525.0,7001.0
1786576084829033900,2026/08/13 09:08:04.860,3.0,1.0,13664.0,32607.0,43.43,547.0,7001.0
1786576085376514700,2026/08/13 09:08:05.424,3.0,1.0,13716.0,32607.0,43.26,532.0,7001.0
1786576085940787700,2026/08/13 09:08:05.972,3.0,1.0,13756.0,32607.0,43.31,525.0,7001.0
1786576086488525800,2026/08/13 09:08:06.535,3.0,1.0,13816.0,32607.0,43.28,510.0,7001.0
1786576087050258300,2026/08/13 09:08:07.082,3.0,1.0,13891.0,32607.0,43.08,502.0,7001.0
1786576087595673900,2026/08/13 09:08:07.643,3.0,1.0,13940.0,32607.0,45.41,697.0,7001.0
1786576088159882600,2026/08/13 09:08:08.191,3.0,1.0,13990.0,32607.0,45.79,570.0,7001.0
1786576088707403200,2026/08/13 09:08:08.754,2.0,1.0,14030.0,32607.0,43.81,517.0,7001.0
1786576089268159100,2026/08/13 09:08:09.314,3.0,1.0,14066.0,32607.0,43.06,502.0,7001.0
1786576089831001100,2026/08/13 09:08:09.877,3.0,1.0,14110.0,32607.0,42.75,517.0,7001.0
1786576090395733200,2026/08/13 09:08:10.426,3.0,1.0,14152.0,32607.0,43.12,502.0,7001.0
1786576090944723400,2026/08/13 09:08:10.976,2.0,1.0,14195.0,32607.0,42.9,510.0,7001.0
1786576091490773500,2026/08/13 09:08:11.522,0.0,1.0,14239.0,32607.0,40.92,337.0,7001.0
1786576092037005700,2026/08/13 09:08:12.082,0.0,1.0,14289.0,32607.0,38.37,345.0,7001.0
1786576092595522800,2026/08/13 09:08:12.626,0.0,1.0,14327.0,32607.0,37.89,360.0,7001.0
1786576093143087400,2026/08/13 09:08:13.174,1.0,1.0,14375.0,32607.0,38.23,360.0,7001.0
1786576093691886000,2026/08/13 09:08:13.739,0.0,1.0,14433.0,32607.0,38.28,390.0,7001.0
1786576094260727200,2026/08/13 09:08:14.308,0.0,1.0,14471.0,32607.0,38.41,337.0,7001.0
1786576094820955400,2026/08/13 09:08:14.868,1.0,1.0,14521.0,32607.0,38.12,307.0,7001.0
1786576095380526000,2026/08/13 09:08:15.427,0.0,1.0,14567.0,32607.0,37.71,322.0,7001.0
1786576095944103500,2026/08/13 09:08:15.991,1.0,1.0,14617.0,32607.0,37.61,352.0,7001.0
1786576096509678200,2026/08/13 09:08:16.555,1.0,1.0,14667.0,32607.0,37.89,375.0,7001.0
1786576097072576800,2026/08/13 09:08:17.119,0.0,1.0,14717.0,32607.0,38.33,345.0,7001.0
1786576097635528900,2026/08/13 09:08:17.680,1.0,1.0,14760.0,32607.0,38.39,367.0,7001.0
1786576098194893700,2026/08/13 09:08:18.241,4.0,1.0,14807.0,32607.0,41.12,780.0,7001.0
1786576098753868300,2026/08/13 09:08:18.800,1.0,1.0,14852.0,32607.0,42.16,397.0,7001.0
1786576099313850200,2026/08/13 09:08:19.360,0.0,1.0,14903.0,32607.0,40.31,360.0,7001.0
1786576099873975500,2026/08/13 09:08:19.920,1.0,1.0,14945.0,32607.0,38.84,337.0,7001.0
1786576100435869700,2026/08/13 09:08:20.482,0.0,1.0,14993.0,32607.0,39.58,397.0,7001.0
1786576100993917100,2026/08/13 09:08:21.041,1.0,1.0,15035.0,32607.0,39.85,405.0,7001.0
1786576101558496300,2026/08/13 09:08:21.604,1.0,1.0,15077.0,32607.0,39.39,420.0,7001.0
1786576102117458600,2026/08/13 09:08:22.164,1.0,1.0,15118.0,32607.0,39.2,390.0,7001.0
1786576102676435100,2026/08/13 09:08:22.723,0.0,1.0,15162.0,32607.0,39.32,382.0,7001.0
1786576103240060700,2026/08/13 09:08:23.272,1.0,1.0,15208.0,32607.0,39.42,367.0,7001.0
1786576103784590400,2026/08/13 09:08:23.816,1.0,1.0,15241.0,32607.0,39.0,322.0,7001.0
1786576104331593900,2026/08/13 09:08:24.363,1.0,1.0,15257.0,32607.0,39.0,405.0,7001.0
1786576104880998000,2026/08/13 09:08:24.912,1.0,1.0,15301.0,32607.0,39.05,420.0,7001.0
1786576105425279600,2026/08/13 09:08:25.456,1.0,1.0,15345.0,32607.0,38.8,405.0,7001.0
1786576105971884400,2026/08/13 09:08:26.003,1.0,1.0,15386.0,32607.0,39.02,352.0,7001.0
1786576106517818400,2026/08/13 09:08:26.549,1.0,1.0,15430.0,32607.0,39.28,382.0,7001.0
1786576107063975200,2026/08/13 09:08:27.096,1.0,1.0,15476.0,32607.0,39.5,397.0,7001.0
1786576107610713200,2026/08/13 09:08:27.642,0.0,1.0,15520.0,32607.0,38.93,322.0,7001.0
1786576108156596800,2026/08/13 09:08:28.203,1.0,1.0,15570.0,32607.0,38.73,405.0,7001.0
1786576108718576400,2026/08/13 09:08:28.750,1.0,1.0,15614.0,32607.0,39.14,442.0,7001.0
1786576109256356600,2026/08/13 09:08:29.303,1.0,1.0,15698.0,32607.0,39.65,435.0,7001.0
1786576109817523000,2026/08/13 09:08:29.849,3.0,1.0,15745.0,32607.0,41.15,787.0,7001.0
1786576110363454500,2026/08/13 09:08:30.394,1.0,1.0,15795.0,32607.0,42.58,397.0,7001.0
1786576110913948900,2026/08/13 09:08:30.960,1.0,1.0,15833.0,32607.0,38.83,382.0,7001.0
1786576111478596100,2026/08/13 09:08:31.510,1.0,1.0,15877.0,32607.0,38.96,442.0,7001.0
1786576112024213600,2026/08/13 09:08:32.055,0.0,1.0,15918.0,32607.0,39.26,360.0,7001.0
1786576112567989300,2026/08/13 09:08:32.599,1.0,1.0,15956.0,32607.0,39.49,397.0,7001.0
1786576113115057100,2026/08/13 09:08:33.146,0.0,1.0,15977.0,32607.0,39.08,367.0,7001.0
1786576113665665900,2026/08/13 09:08:33.696,1.0,1.0,16020.0,32607.0,39.08,390.0,7001.0
1786576114211906300,2026/08/13 09:08:34.243,0.0,1.0,16063.0,32607.0,39.15,337.0,7001.0
1786576114757231300,2026/08/13 09:08:34.788,1.0,1.0,16113.0,32607.0,39.16,382.0,7001.0
1786576115305990000,2026/08/13 09:08:35.352,1.0,1.0,16156.0,32607.0,38.8,360.0,7001.0
1786576115866256800,2026/08/13 09:08:35.897,1.0,1.0,16208.0,32607.0,38.61,360.0,7001.0
1786576116413748300,2026/08/13 09:08:36.445,1.0,1.0,16258.0,32607.0,38.54,397.0,7001.0
1786576116960857800,2026/08/13 09:08:36.991,1.0,1.0,16301.0,32607.0,38.73,367.0,7001.0
1786576117508299800,2026/08/13 09:08:37.540,1.0,1.0,16341.0,32607.0,38.98,427.0,7001.0
1786576118056454300,2026/08/13 09:08:38.102,0.0,1.0,16383.0,32607.0,39.27,337.0,7001.0
1786576118615847200,2026/08/13 09:08:38.646,1.0,1.0,16433.0,32607.0,39.28,352.0,7001.0
1786576119163111500,2026/08/13 09:08:39.193,0.0,1.0,16477.0,32607.0,39.02,412.0,7001.0
1786576119707751200,2026/08/13 09:08:39.739,1.0,1.0,16527.0,32607.0,39.29,420.0,7001.0
1786576120258048200,2026/08/13 09:08:40.303,1.0,1.0,16579.0,32607.0,39.27,420.0,7001.0
1786576120823812200,2026/08/13 09:08:40.854,1.0,1.0,16629.0,32607.0,39.26,367.0,7001.0
1786576121371209300,2026/08/13 09:08:41.401,1.0,1.0,16679.0,32607.0,39.1,405.0,7001.0
1786576121918669800,2026/08/13 09:08:41.950,1.0,1.0,16725.0,32607.0,39.27,397.0,7001.0
1786576122465716200,2026/08/13 09:08:42.497,1.0,1.0,16775.0,32607.0,39.23,352.0,7001.0
1786576123009412900,2026/08/13 09:08:43.041,1.0,1.0,16825.0,32607.0,38.88,390.0,7001.0
1786576123557558100,2026/08/13 09:08:43.589,0.0,1.0,16871.0,32607.0,38.8,375.0,7001.0
1786576124103482700,2026/08/13 09:08:44.135,1.0,1.0,16915.0,32607.0,39.16,397.0,7001.0
1786576124648830100,2026/08/13 09:08:44.680,1.0,1.0,16965.0,32607.0,39.28,375.0,7001.0
1786576125196960000,2026/08/13 09:08:45.227,1.0,1.0,17009.0,32607.0,39.52,427.0,7001.0
1786576125742729100,2026/08/13 09:08:45.773,1.0,1.0,17053.0,32607.0,39.35,367.0,7001.0
1786576126293408500,2026/08/13 09:08:46.324,2.0,1.0,17105.0,32607.0,39.08,427.0,7001.0
1786576126839994600,2026/08/13 09:08:46.871,1.0,1.0,17155.0,32607.0,38.6,337.0,7001.0
1786576127383344700,2026/08/13 09:08:47.413,1.0,1.0,17199.0,32607.0,38.75,382.0,7001.0
1786576127929032100,2026/08/13 09:08:47.960,1.0,1.0,17249.0,32607.0,39.43,412.0,7001.0
1786576128475638100,2026/08/13 09:08:48.506,1.0,1.0,17301.0,32607.0,39.92,397.0,7001.0
1786576129018530900,2026/08/13 09:08:49.050,0.0,1.0,17350.0,32607.0,39.62,405.0,7001.0
1786576129568197000,2026/08/13 09:08:49.599,0.0,1.0,17394.0,32607.0,39.14,367.0,7001.0
1786576130115847700,2026/08/13 09:08:50.147,1.0,1.0,17448.0,32607.0,39.05,390.0,7001.0
1786576130663906800,2026/08/13 09:08:50.695,0.0,1.0,17498.0,32607.0,38.82,322.0,7001.0
1786576131211849800,2026/08/13 09:08:51.243,1.0,1.0,17542.0,32607.0,38.59,397.0,7001.0
1786576131759082700,2026/08/13 09:08:51.791,0.0,1.0,17591.0,32607.0,38.81,367.0,7001.0
1786576132305195800,2026/08/13 09:08:52.336,1.0,1.0,17631.0,32607.0,39.15,337.0,7001.0
1786576132852723800,2026/08/13 09:08:52.884,1.0,1.0,17681.0,32607.0,38.74,427.0,7001.0
1786576133399851100,2026/08/13 09:08:53.430,1.0,1.0,17725.0,32607.0,39.17,397.0,7001.0
1786576133947640900,2026/08/13 09:08:53.978,1.0,1.0,17769.0,32607.0,39.4,352.0,7001.0
1786576134492589700,2026/08/13 09:08:54.523,1.0,1.0,17813.0,32607.0,39.34,397.0,7001.0
1786576135037599600,2026/08/13 09:08:55.085,1.0,1.0,17863.0,32607.0,39.44,382.0,7001.0
1786576135602130100,2026/08/13 09:08:55.634,1.0,1.0,17907.0,32607.0,39.58,382.0,7001.0
1786576136151891300,2026/08/13 09:08:56.182,1.0,1.0,17951.0,32607.0,38.99,352.0,7001.0
1786576136699855900,2026/08/13 09:08:56.731,1.0,1.0,17995.0,32607.0,39.21,420.0,7001.0
1786576137243569700,2026/08/13 09:08:57.275,1.0,1.0,18039.0,32607.0,39.94,427.0,7001.0
1786576137791514600,2026/08/13 09:08:57.822,1.0,1.0,18091.0,32607.0,40.46,427.0,7001.0
1786576138336617400,2026/08/13 09:08:58.368,1.0,1.0,18135.0,32607.0,39.91,412.0,7001.0
1786576138883836800,2026/08/13 09:08:58.915,1.0,1.0,18179.0,32607.0,39.52,367.0,7001.0
1786576139426411300,2026/08/13 09:08:59.457,0.0,1.0,18223.0,32607.0,39.12,420.0,7001.0
1786576139970486000,2026/08/13 09:09:00.002,0.0,1.0,18267.0,32607.0,38.63,307.0,7001.0
1786576140519321400,2026/08/13 09:09:00.549,1.0,1.0,18311.0,32607.0,38.7,427.0,7001.0
1786576141064570700,2026/08/13 09:09:01.096,1.0,1.0,18357.0,32607.0,39.55,367.0,7001.0
1786576141609497900,2026/08/13 09:09:01.641,1.0,1.0,18407.0,32607.0,39.21,382.0,7001.0
1786576142155039600,2026/08/13 09:09:02.187,0.0,1.0,18451.0,32607.0,38.56,367.0,7001.0
1786576142702549800,2026/08/13 09:09:02.733,1.0,1.0,18501.0,32607.0,38.66,360.0,7001.0
1786576143246855800,2026/08/13 09:09:03.278,1.0,1.0,18547.0,32607.0,38.96,367.0,7001.0
1786576143795024200,2026/08/13 09:09:03.826,1.0,1.0,18597.0,32607.0,39.2,397.0,7001.0
1786576144339834700,2026/08/13 09:09:04.371,1.0,1.0,18647.0,32607.0,39.26,360.0,7001.0
1786576144885720200,2026/08/13 09:09:04.932,1.0,1.0,18702.0,32607.0,39.37,360.0,7001.0
1786576145448028400,2026/08/13 09:09:05.479,1.0,1.0,18786.0,32607.0,39.76,510.0,7001.0
1786576145996625500,2026/08/13 09:09:06.028,3.0,1.0,18833.0,32607.0,43.69,570.0,7001.0
1786576146543156700,2026/08/13 09:09:06.575,3.0,1.0,18863.0,32607.0,45.41,555.0,7001.0
1786576147087077000,2026/08/13 09:09:07.133,3.0,1.0,18907.0,32607.0,43.44,517.0,7001.0
1786576147647583900,2026/08/13 09:09:07.678,3.0,1.0,18947.0,32607.0,43.31,562.0,7001.0
1786576148194403200,2026/08/13 09:09:08.225,3.0,1.0,18993.0,32607.0,43.35,510.0,7001.0
1786576148738475400,2026/08/13 09:09:08.770,3.0,1.0,19020.0,32607.0,43.46,517.0,7001.0
1786576149283256300,2026/08/13 09:09:09.315,3.0,1.0,19060.0,32607.0,43.22,502.0,7001.0
1786576149831581700,2026/08/13 09:09:09.862,2.0,1.0,19104.0,32607.0,43.3,510.0,7001.0
1786576150376698900,2026/08/13 09:09:10.407,3.0,1.0,19145.0,32607.0,43.74,525.0,7001.0
1786576150921874700,2026/08/13 09:09:10.952,3.0,1.0,19187.0,32607.0,43.96,547.0,7001.0
1786576151469376600,2026/08/13 09:09:11.501,3.0,1.0,19231.0,32607.0,44.04,562.0,7001.0
1786576152014724400,2026/08/13 09:09:12.045,3.0,1.0,19276.0,32607.0,45.23,712.0,7001.0
1786576152559290400,2026/08/13 09:09:12.590,3.0,1.0,19326.0,32607.0,46.49,667.0,7001.0
1786576153102440700,2026/08/13 09:09:13.133,3.0,1.0,19370.0,32607.0,46.58,600.0,7001.0
1786576153647545500,2026/08/13 09:09:13.679,3.0,1.0,19416.0,32607.0,45.84,615.0,7001.0
1786576154196564600,2026/08/13 09:09:14.228,3.0,1.0,19460.0,32607.0,45.76,622.0,7001.0
1786576154742939900,2026/08/13 09:09:14.774,2.0,1.0,19506.0,32607.0,45.7,600.0,7001.0
1786576155289005700,2026/08/13 09:09:15.320,3.0,1.0,19552.0,32607.0,45.58,630.0,7001.0
1786576155836291000,2026/08/13 09:09:15.867,2.0,1.0,19596.0,32607.0,45.53,577.0,7001.0
1786576156378146800,2026/08/13 09:09:16.409,3.0,1.0,19642.0,32607.0,45.52,607.0,7001.0
1786576156921436900,2026/08/13 09:09:16.953,2.0,1.0,19686.0,32607.0,45.53,600.0,7001.0
1786576157467493000,2026/08/13 09:09:17.499,3.0,1.0,19730.0,32607.0,45.45,607.0,7001.0
1786576158014060300,2026/08/13 09:09:18.045,2.0,1.0,19794.0,32607.0,45.67,637.0,7001.0
1786576158567288600,2026/08/13 09:09:18.598,2.0,1.0,19794.0,32607.0,45.76,577.0,7001.0
1786576159132317300,2026/08/13 09:09:19.161,6.0,2.0,19794.0,32607.0,51.2,885.0,7001.0
1786576159677216900,2026/08/13 09:09:19.708,2.0,1.0,19795.0,32607.0,51.18,787.0,7001.0
1786576160225125500,2026/08/13 09:09:20.257,2.0,1.0,19794.0,32607.0,46.42,727.0,7001.0
1786576160775118200,2026/08/13 09:09:20.806,2.0,1.0,19794.0,32607.0,45.76,682.0,7001.0
1786576161324778200,2026/08/13 09:09:21.356,3.0,1.0,19794.0,32607.0,45.43,660.0,7001.0
1786576161872530000,2026/08/13 09:09:21.902,3.0,1.0,19794.0,32607.0,45.48,645.0,7001.0
1786576162420753100,2026/08/13 09:09:22.468,2.0,1.0,19792.0,32607.0,45.33,982.0,7001.0
1786576162977148500,2026/08/13 09:09:23.009,79.0,13.0,19794.0,32607.0,157.1,2842.0,14001.0
1786576163515484100,2026/08/13 09:09:23.546,22.0,3.0,13716.0,32607.0,279.77,2842.0,14001.0
1786576164180402400,2026/08/13 09:09:24.209,4.0,0.0,2388.0,32607.0,208.72,2872.0,14001.0
1786576164760463600,2026/08/13 09:09:24.792,2.0,0.0,2388.0,32607.0,106.24,2872.0,14001.0
1786576165311510700,2026/08/13 09:09:25.342,2.0,0.0,2388.0,32607.0,97.23,2872.0,14001.0
1786576165854769400,2026/08/13 09:09:25.886,2.0,1.0,2390.0,32607.0,84.33,1087.0,7001.0
1786576166401805600,2026/08/13 09:09:26.433,2.0,1.0,2390.0,32607.0,62.65,975.0,7001.0
1786576166951627900,2026/08/13 09:09:26.983,2.0,1.0,2390.0,32607.0,47.27,825.0,7001.0
1786576167503773000,2026/08/13 09:09:27.534,2.0,1.0,2438.0,32607.0,46.71,795.0,7001.0
1786576168052979600,2026/08/13 09:09:28.085,2.0,1.0,2438.0,32607.0,46.75,765.0,7001.0
1786576168605224400,2026/08/13 09:09:28.637,3.0,1.0,2438.0,32607.0,46.4,705.0,7001.0
1786576169152537600,2026/08/13 09:09:29.183,2.0,1.0,2486.0,32607.0,45.49,570.0,7001.0
1786576169701130000,2026/08/13 09:09:29.732,2.0,1.0,2486.0,32607.0,44.59,547.0,7001.0
1786576170248847900,2026/08/13 09:09:30.295,3.0,1.0,2486.0,32607.0,44.26,525.0,7001.0
1786576170816650100,2026/08/13 09:09:30.847,2.0,1.0,2534.0,32607.0,43.69,517.0,7001.0
1786576171364406200,2026/08/13 09:09:31.396,4.0,1.0,2534.0,32607.0,43.81,532.0,7001.0
1786576171916549200,2026/08/13 09:09:31.947,2.0,1.0,2534.0,32607.0,43.9,487.0,7001.0
1786576172463771900,2026/08/13 09:09:32.495,2.0,1.0,2534.0,32607.0,43.37,480.0,7001.0
1786576173011062200,2026/08/13 09:09:33.057,2.0,1.0,2582.0,32607.0,43.34,487.0,7001.0
1786576173572962000,2026/08/13 09:09:33.603,2.0,1.0,2582.0,32607.0,42.98,480.0,7001.0
1786576174121950400,2026/08/13 09:09:34.153,2.0,1.0,2582.0,32607.0,42.7,502.0,7001.0
1786576174669908500,2026/08/13 09:09:34.701,2.0,1.0,2582.0,32607.0,42.62,510.0,7001.0
1786576175217827200,2026/08/13 09:09:35.248,2.0,1.0,2644.0,32607.0,42.22,442.0,7001.0
1786576175766601300,2026/08/13 09:09:35.797,3.0,1.0,2670.0,32607.0,42.59,562.0,7001.0
1786576176314252600,2026/08/13 09:09:36.346,3.0,1.0,2686.0,32607.0,42.59,495.0,7001.0
1786576176865242700,2026/08/13 09:09:36.896,2.0,1.0,2699.0,32607.0,42.04,502.0,7001.0
1786576177414771600,2026/08/13 09:09:37.462,3.0,1.0,2725.0,32607.0,42.36,525.0,7001.0
1786576177979782200,2026/08/13 09:09:38.010,2.0,1.0,2725.0,32607.0,42.19,495.0,7001.0
1786576178529500500,2026/08/13 09:09:38.561,2.0,1.0,2751.0,32607.0,42.07,517.0,7001.0
1786576179080636900,2026/08/13 09:09:39.112,3.0,1.0,2751.0,32607.0,42.11,517.0,7001.0
1786576179629436400,2026/08/13 09:09:39.661,3.0,1.0,2821.0,32607.0,42.35,517.0,7001.0
1786576180174556200,2026/08/13 09:09:40.205,3.0,1.0,2859.0,32607.0,42.64,532.0,7001.0
1786576180717481800,2026/08/13 09:09:40.748,3.0,1.0,2905.0,32607.0,42.7,525.0,7001.0
1786576181261586600,2026/08/13 09:09:41.293,3.0,1.0,2949.0,32607.0,42.37,532.0,7001.0
1786576181807208700,2026/08/13 09:09:41.838,2.0,1.0,2993.0,32607.0,42.06,517.0,7001.0
1786576182353786600,2026/08/13 09:09:42.385,2.0,1.0,3043.0,32607.0,42.22,532.0,7001.0
1786576182900548200,2026/08/13 09:09:42.930,2.0,1.0,3089.0,32607.0,42.18,540.0,7001.0
1786576183448054300,2026/08/13 09:09:43.495,3.0,1.0,3133.0,32607.0,41.69,510.0,7001.0
1786576184008494400,2026/08/13 09:09:44.040,3.0,1.0,3183.0,32607.0,41.56,510.0,7001.0
1786576184552975200,2026/08/13 09:09:44.584,2.0,1.0,3227.0,32607.0,41.55,510.0,7001.0
1786576185101817900,2026/08/13 09:09:45.133,2.0,1.0,3265.0,32607.0,41.51,532.0,7001.0
1786576185648851600,2026/08/13 09:09:45.680,3.0,1.0,3316.0,32607.0,41.48,540.0,7001.0
1786576186195438500,2026/08/13 09:09:46.226,3.0,1.0,3360.0,32607.0,41.56,510.0,7001.0
1786576186743333900,2026/08/13 09:09:46.774,3.0,1.0,3404.0,32607.0,41.58,532.0,7001.0
1786576187289732800,2026/08/13 09:09:47.320,3.0,1.0,3448.0,32607.0,41.54,532.0,7001.0
1786576187833661100,2026/08/13 09:09:47.865,3.0,1.0,3492.0,32607.0,41.52,502.0,7001.0
1786576188381685400,2026/08/13 09:09:48.413,3.0,1.0,3530.0,32607.0,41.42,540.0,7001.0
1786576188928813600,2026/08/13 09:09:48.960,3.0,1.0,3582.0,32607.0,41.01,517.0,7001.0
1786576189474526600,2026/08/13 09:09:49.505,2.0,1.0,3626.0,32607.0,40.96,510.0,7001.0
1786576190020950300,2026/08/13 09:09:50.052,3.0,1.0,3670.0,32607.0,40.91,525.0,7001.0
1786576190567722600,2026/08/13 09:09:50.598,2.0,1.0,3714.0,32607.0,40.62,540.0,7001.0
1786576191111618600,2026/08/13 09:09:51.143,2.0,1.0,3758.0,32607.0,40.59,517.0,7001.0
1786576191658568600,2026/08/13 09:09:51.690,3.0,1.0,3810.0,32607.0,40.78,547.0,7001.0
1786576192205426600,2026/08/13 09:09:52.236,2.0,1.0,3848.0,32607.0,40.9,540.0,7001.0
1786576192751637500,2026/08/13 09:09:52.783,3.0,1.0,3886.0,32607.0,40.93,525.0,7001.0
1786576193299441900,2026/08/13 09:09:53.330,3.0,1.0,3930.0,32607.0,40.9,540.0,7001.0
1786576193849486300,2026/08/13 09:09:53.881,3.0,1.0,3975.0,32607.0,40.71,510.0,7001.0
1786576194396263000,2026/08/13 09:09:54.427,3.0,1.0,4020.0,32607.0,40.25,540.0,7001.0
1786576194944279400,2026/08/13 09:09:54.975,3.0,1.0,4070.0,32607.0,40.96,532.0,7001.0
1786576195491176000,2026/08/13 09:09:55.522,2.0,1.0,4110.0,32607.0,40.74,517.0,7001.0
1786576196035084700,2026/08/13 09:09:56.067,3.0,1.0,4154.0,32607.0,40.47,525.0,7001.0
1786576196580715200,2026/08/13 09:09:56.612,3.0,1.0,4198.0,32607.0,40.2,532.0,7001.0
1786576197126003300,2026/08/13 09:09:57.158,3.0,1.0,4248.0,32607.0,40.09,517.0,7001.0
1786576197673167500,2026/08/13 09:09:57.704,2.0,1.0,4286.0,32607.0,39.96,532.0,7001.0
1786576198217405600,2026/08/13 09:09:58.249,3.0,1.0,4330.0,32607.0,39.72,517.0,7001.0
1786576198767803600,2026/08/13 09:09:58.799,2.0,1.0,4376.0,32607.0,39.58,532.0,7001.0
1786576199316147000,2026/08/13 09:09:59.347,3.0,1.0,4426.0,32607.0,39.42,532.0,7001.0
1786576199860617700,2026/08/13 09:09:59.891,3.0,1.0,4470.0,32607.0,39.69,532.0,7001.0
1786576200405056500,2026/08/13 09:10:00.436,3.0,1.0,4508.0,32607.0,39.94,540.0,7001.0
1786576200949123500,2026/08/13 09:10:00.980,3.0,1.0,4558.0,32607.0,39.92,525.0,7001.0
1786576201493189000,2026/08/13 09:10:01.540,2.0,1.0,4604.0,32607.0,39.83,532.0,7001.0
1786576202085285100,2026/08/13 09:10:02.116,2.0,1.0,4654.0,32607.0,39.9,532.0,7001.0
1786576202626254300,2026/08/13 09:10:02.657,3.0,1.0,4698.0,32607.0,39.96,517.0,7001.0
1786576203170504100,2026/08/13 09:10:03.201,3.0,1.0,4742.0,32607.0,39.64,547.0,7001.0
1786576203714913900,2026/08/13 09:10:03.746,3.0,1.0,4792.0,32607.0,39.6,532.0,7001.0
1786576204259747100,2026/08/13 09:10:04.291,3.0,1.0,4838.0,32607.0,39.53,525.0,7001.0
1786576204805988900,2026/08/13 09:10:04.837,3.0,1.0,4882.0,32607.0,39.53,532.0,7001.0
1786576205352981300,2026/08/13 09:10:05.385,3.0,1.0,4940.0,32607.0,39.37,547.0,7001.0
1786576205899149200,2026/08/13 09:10:05.930,2.0,1.0,4984.0,32607.0,39.14,532.0,7001.0
1786576206442979500,2026/08/13 09:10:06.474,3.0,1.0,5036.0,32607.0,39.05,525.0,7001.0
1786576206989122400,2026/08/13 09:10:07.020,3.0,1.0,5080.0,32607.0,38.83,532.0,7001.0
1786576207536689700,2026/08/13 09:10:07.568,3.0,1.0,5124.0,32607.0,38.83,547.0,7001.0
1786576208082891400,2026/08/13 09:10:08.114,3.0,1.0,5164.0,32607.0,38.86,540.0,7001.0
1786576208631453000,2026/08/13 09:10:08.662,3.0,1.0,5208.0,32607.0,38.95,532.0,7001.0
1786576209175653200,2026/08/13 09:10:09.207,3.0,1.0,5260.0,32607.0,38.96,532.0,7001.0
1786576209723060400,2026/08/13 09:10:09.754,3.0,1.0,5310.0,32607.0,39.04,517.0,7001.0
1786576210267682700,2026/08/13 09:10:10.299,3.0,1.0,5350.0,32607.0,39.16,532.0,7001.0
1786576210807859800,2026/08/13 09:10:10.840,3.0,1.0,5394.0,32607.0,38.88,525.0,7001.0
1786576211356535400,2026/08/13 09:10:11.387,3.0,1.0,5446.0,32607.0,38.79,547.0,7001.0
1786576211906867500,2026/08/13 09:10:11.938,3.0,1.0,5490.0,32607.0,38.95,532.0,7001.0
1786576212451970300,2026/08/13 09:10:12.482,3.0,1.0,5534.0,32607.0,38.77,540.0,7001.0
1786576212997997000,2026/08/13 09:10:13.030,3.0,1.0,5578.0,32607.0,38.7,532.0,7001.0
1786576213544781900,2026/08/13 09:10:13.576,2.0,1.0,5628.0,32607.0,38.69,547.0,7001.0
1786576214091357100,2026/08/13 09:10:14.122,3.0,1.0,5674.0,32607.0,38.92,517.0,7001.0
1786576214636444900,2026/08/13 09:10:14.683,3.0,1.0,5718.0,32607.0,38.97,532.0,7001.0
1786576215199915900,2026/08/13 09:10:15.230,2.0,1.0,5768.0,32607.0,38.57,510.0,7001.0
1786576215747661700,2026/08/13 09:10:15.779,2.0,1.0,5818.0,32607.0,38.48,540.0,7001.0
1786576216294641200,2026/08/13 09:10:16.326,3.0,1.0,5858.0,32607.0,38.62,517.0,7001.0
1786576216841384900,2026/08/13 09:10:16.872,2.0,1.0,5908.0,32607.0,38.41,532.0,7001.0
1786576217383910400,2026/08/13 09:10:17.415,3.0,1.0,5952.0,32607.0,38.12,517.0,7001.0
1786576217933919500,2026/08/13 09:10:17.965,3.0,1.0,6002.0,32607.0,38.81,622.0,7001.0
1786576218483844600,2026/08/13 09:10:18.514,1.0,1.0,6052.0,32607.0,38.25,465.0,7001.0
1786576219024066300,2026/08/13 09:10:19.056,1.0,1.0,6098.0,32607.0,36.84,465.0,7001.0
1786576219577244200,2026/08/13 09:10:19.608,1.0,1.0,6142.0,32607.0,36.28,472.0,7001.0
1786576220116487600,2026/08/13 09:10:20.148,1.0,1.0,6187.0,32607.0,37.01,502.0,7001.0
1786576220670683400,2026/08/13 09:10:20.702,1.0,1.0,6239.0,32607.0,37.68,465.0,7001.0
1786576221211265500,2026/08/13 09:10:21.243,1.0,1.0,6283.0,32607.0,36.57,480.0,7001.0
1786576221764520500,2026/08/13 09:10:21.796,2.0,1.0,6327.0,32607.0,36.57,487.0,7001.0
1786576222304932700,2026/08/13 09:10:22.352,1.0,1.0,6367.0,32607.0,36.77,397.0,7001.0
1786576222874503400,2026/08/13 09:10:22.906,1.0,1.0,6417.0,32607.0,36.45,450.0,7001.0
1786576223414104200,2026/08/13 09:10:23.461,3.0,1.0,6472.0,32607.0,37.01,660.0,7001.0
1786576223969532600,2026/08/13 09:10:24.001,3.0,1.0,6518.0,32607.0,38.6,622.0,7001.0
1786576224508591100,2026/08/13 09:10:24.540,2.0,1.0,6568.0,32607.0,39.95,570.0,7001.0
1786576225048442200,2026/08/13 09:10:25.079,3.0,1.0,6611.0,32607.0,39.32,697.0,7001.0
1786576225589004300,2026/08/13 09:10:25.620,3.0,1.0,6662.0,32607.0,40.53,795.0,7001.0
1786576226142119800,2026/08/13 09:10:26.173,2.0,1.0,6708.0,32607.0,40.23,532.0,7001.0
1786576226681608600,2026/08/13 09:10:26.713,1.0,1.0,6758.0,32607.0,36.99,442.0,7001.0
1786576227223040400,2026/08/13 09:10:27.255,1.0,1.0,6803.0,32607.0,35.97,457.0,7001.0
1786576227763332700,2026/08/13 09:10:27.795,3.0,1.0,6847.0,32607.0,36.64,660.0,7001.0
1786576228304891500,2026/08/13 09:10:28.335,2.0,1.0,6907.0,32607.0,37.37,487.0,7001.0
1786576228842937900,2026/08/13 09:10:28.874,1.0,1.0,6957.0,32607.0,36.86,495.0,7001.0
1786576229396018500,2026/08/13 09:10:29.428,1.0,1.0,7000.0,32607.0,36.51,510.0,7001.0
1786576229935529200,2026/08/13 09:10:29.967,2.0,1.0,7041.0,32607.0,35.48,480.0,7001.0
1786576230487258200,2026/08/13 09:10:30.518,1.0,1.0,7087.0,32607.0,35.99,487.0,7001.0
1786576231028012600,2026/08/13 09:10:31.060,1.0,1.0,7127.0,32607.0,36.24,465.0,7001.0
1786576231567294700,2026/08/13 09:10:31.599,1.0,1.0,7159.0,32607.0,35.89,442.0,7001.0
1786576232106667800,2026/08/13 09:10:32.138,1.0,1.0,7197.0,32607.0,35.45,382.0,7001.0
1786576232658251700,2026/08/13 09:10:32.689,1.0,1.0,7247.0,32607.0,34.22,360.0,7001.0
1786576233211374200,2026/08/13 09:10:33.243,0.0,1.0,7287.0,32607.0,33.33,330.0,7001.0
1786576233763155800,2026/08/13 09:10:33.794,1.0,1.0,7331.0,32607.0,33.08,330.0,7001.0
1786576234302602600,2026/08/13 09:10:34.334,0.0,1.0,7375.0,32607.0,33.12,337.0,7001.0
1786576234855727500,2026/08/13 09:10:34.887,0.0,1.0,7427.0,32607.0,33.27,352.0,7001.0
1786576235395074700,2026/08/13 09:10:35.426,1.0,1.0,7482.0,32607.0,33.17,337.0,7001.0
1786576235935100100,2026/08/13 09:10:35.967,3.0,1.0,7526.0,32607.0,38.02,570.0,7001.0
1786576236487927000,2026/08/13 09:10:36.518,3.0,1.0,7570.0,32607.0,38.58,562.0,7001.0
1786576237026178300,2026/08/13 09:10:37.058,0.0,1.0,7614.0,32607.0,37.1,330.0,7001.0
1786576237566822100,2026/08/13 09:10:37.598,0.0,1.0,7671.0,32607.0,34.55,337.0,7001.0
1786576238107078200,2026/08/13 09:10:38.139,2.0,1.0,7718.0,32607.0,35.16,607.0,7001.0
1786576238646422400,2026/08/13 09:10:38.677,1.0,1.0,7770.0,32607.0,35.51,367.0,7001.0
1786576239198776800,2026/08/13 09:10:39.228,1.0,1.0,7819.0,32607.0,33.75,375.0,7001.0
1786576239750003300,2026/08/13 09:10:39.781,0.0,1.0,7863.0,32607.0,33.48,367.0,7001.0
1786576240289345700,2026/08/13 09:10:40.320,1.0,1.0,7904.0,32607.0,33.58,397.0,7001.0
1786576240827756000,2026/08/13 09:10:40.859,1.0,1.0,7947.0,32607.0,33.71,397.0,7001.0
1786576241365954500,2026/08/13 09:10:41.397,1.0,1.0,7997.0,32607.0,33.69,367.0,7001.0
1786576241904901400,2026/08/13 09:10:41.936,0.0,1.0,8032.0,32607.0,33.38,390.0,7001.0
1786576242446194900,2026/08/13 09:10:42.477,0.0,1.0,8076.0,32607.0,34.01,352.0,7001.0
1786576242984654600,2026/08/13 09:10:43.016,1.0,1.0,8122.0,32607.0,33.87,427.0,7001.0
1786576243536825000,2026/08/13 09:10:43.568,1.0,1.0,8150.0,32607.0,34.43,427.0,7001.0
1786576244076156100,2026/08/13 09:10:44.108,1.0,1.0,8194.0,32607.0,34.69,450.0,7001.0
1786576244615522000,2026/08/13 09:10:44.647,1.0,1.0,8245.0,32607.0,34.88,435.0,7001.0
1786576245168333200,2026/08/13 09:10:45.199,1.0,1.0,8289.0,32607.0,35.03,405.0,7001.0
1786576245706324200,2026/08/13 09:10:45.738,0.0,1.0,8335.0,32607.0,34.68,405.0,7001.0
1786576246246004500,2026/08/13 09:10:46.277,0.0,1.0,8412.0,32607.0,34.31,465.0,7001.0
1786576246786737400,2026/08/13 09:10:46.817,3.0,1.0,8456.0,32607.0,36.98,600.0,7001.0
1786576247324730500,2026/08/13 09:10:47.356,2.0,1.0,8500.0,32607.0,38.97,555.0,7001.0
1786576247876047600,2026/08/13 09:10:47.908,3.0,1.0,8550.0,32607.0,38.22,532.0,7001.0
1786576248414386400,2026/08/13 09:10:48.446,3.0,1.0,8588.0,32607.0,38.12,517.0,7001.0
1786576248952907300,2026/08/13 09:10:48.984,3.0,1.0,8632.0,32607.0,38.34,525.0,7001.0
1786576249491747900,2026/08/13 09:10:49.523,3.0,1.0,8657.0,32607.0,38.15,540.0,7001.0
1786576250045188000,2026/08/13 09:10:50.077,3.0,1.0,8707.0,32607.0,38.22,562.0,7001.0
1786576250598091200,2026/08/13 09:10:50.630,3.0,1.0,8755.0,32607.0,38.7,532.0,7001.0
1786576251152864700,2026/08/13 09:10:51.184,1.0,1.0,8797.0,32607.0,37.73,480.0,7001.0
1786576251694776500,2026/08/13 09:10:51.725,2.0,1.0,8843.0,32607.0,37.19,600.0,7001.0
1786576252244275900,2026/08/13 09:10:52.275,1.0,1.0,8888.0,32607.0,38.11,502.0,7001.0
1786576252796598800,2026/08/13 09:10:52.827,1.0,1.0,8937.0,32607.0,37.91,517.0,7001.0
1786576253347838400,2026/08/13 09:10:53.379,1.0,1.0,8987.0,32607.0,37.11,495.0,7001.0
1786576253886190000,2026/08/13 09:10:53.918,2.0,1.0,9038.0,32607.0,37.15,502.0,7001.0
1786576254437973700,2026/08/13 09:10:54.469,1.0,1.0,9084.0,32607.0,37.13,495.0,7001.0
1786576254977671200,2026/08/13 09:10:55.009,2.0,1.0,9130.0,32607.0,37.0,525.0,7001.0
1786576255529852900,2026/08/13 09:10:55.561,1.0,1.0,9179.0,32607.0,36.61,457.0,7001.0
1786576256070141400,2026/08/13 09:10:56.101,1.0,1.0,9225.0,32607.0,36.32,465.0,7001.0
1786576256623058900,2026/08/13 09:10:56.655,2.0,1.0,9239.0,32607.0,37.9,585.0,7001.0
1786576257162375700,2026/08/13 09:10:57.193,3.0,1.0,9289.0,32607.0,38.88,630.0,7001.0
1786576257701261300,2026/08/13 09:10:57.733,2.0,1.0,9331.0,32607.0,39.19,555.0,7001.0
1786576258240801500,2026/08/13 09:10:58.272,3.0,1.0,9374.0,32607.0,39.44,630.0,7001.0
1786576258788419500,2026/08/13 09:10:58.819,2.0,1.0,9415.0,32607.0,39.24,547.0,7001.0
1786576259333923900,2026/08/13 09:10:59.365,3.0,1.0,9464.0,32607.0,39.12,615.0,7001.0
1786576259882545400,2026/08/13 09:10:59.913,2.0,1.0,9508.0,32607.0,38.55,525.0,7001.0
1786576260429386100,2026/08/13 09:11:00.461,2.0,1.0,9549.0,32607.0,38.09,457.0,7001.0
1786576260977794600,2026/08/13 09:11:01.009,3.0,1.0,9591.0,32607.0,38.21,592.0,7001.0
1786576261530040500,2026/08/13 09:11:01.561,3.0,1.0,9655.0,32607.0,38.83,600.0,7001.0
1786576262079454700,2026/08/13 09:11:02.109,1.0,1.0,9705.0,32607.0,37.15,397.0,7001.0
1786576262622226000,2026/08/13 09:11:02.653,1.0,1.0,9749.0,32607.0,34.63,375.0,7001.0
1786576263172705200,2026/08/13 09:11:03.204,3.0,1.0,9810.0,32607.0,34.41,600.0,7001.0
1786576263719401900,2026/08/13 09:11:03.751,1.0,1.0,9853.0,32607.0,35.35,352.0,7001.0
1786576264266386300,2026/08/13 09:11:04.297,0.0,1.0,9895.0,32607.0,35.49,337.0,7001.0
1786576264811694800,2026/08/13 09:11:04.843,1.0,1.0,9939.0,32607.0,36.53,457.0,7001.0
1786576265359558900,2026/08/13 09:11:05.390,1.0,1.0,9996.0,32607.0,35.31,345.0,7001.0
1786576265907864800,2026/08/13 09:11:05.939,0.0,1.0,10040.0,32607.0,33.74,382.0,7001.0
1786576266455098900,2026/08/13 09:11:06.486,1.0,1.0,10080.0,32607.0,33.76,412.0,7001.0
1786576267001641700,2026/08/13 09:11:07.032,1.0,1.0,10119.0,32607.0,34.34,397.0,7001.0
1786576267547036700,2026/08/13 09:11:07.578,3.0,1.0,10172.0,32607.0,36.17,660.0,7001.0
1786576268093438200,2026/08/13 09:11:08.124,3.0,1.0,10222.0,32607.0,38.42,517.0,7001.0
1786576268641417200,2026/08/13 09:11:08.673,3.0,1.0,10264.0,32607.0,39.47,697.0,7001.0
1786576269188231400,2026/08/13 09:11:09.234,3.0,1.0,10308.0,32607.0,39.91,562.0,7001.0
1786576269748843100,2026/08/13 09:11:09.780,3.0,1.0,10357.0,32607.0,39.61,517.0,7001.0
1786576270292434800,2026/08/13 09:11:10.323,2.0,1.0,10397.0,32607.0,38.67,547.0,7001.0
1786576270841381700,2026/08/13 09:11:10.872,3.0,1.0,10439.0,32607.0,38.31,517.0,7001.0
1786576271388234800,2026/08/13 09:11:11.419,1.0,1.0,10481.0,32607.0,37.25,472.0,7001.0
1786576271935907800,2026/08/13 09:11:11.968,1.0,1.0,10519.0,32607.0,36.89,525.0,7001.0
1786576272485385000,2026/08/13 09:11:12.517,2.0,1.0,10575.0,32607.0,37.14,510.0,7001.0
1786576273032161000,2026/08/13 09:11:13.063,1.0,1.0,10622.0,32607.0,36.68,480.0,7001.0
1786576273576428400,2026/08/13 09:11:13.607,1.0,1.0,10669.0,32607.0,36.97,495.0,7001.0
1786576274126786000,2026/08/13 09:11:14.158,3.0,1.0,10717.0,32607.0,39.06,645.0,7001.0
1786576274667130200,2026/08/13 09:11:14.699,2.0,1.0,10759.0,32607.0,39.72,525.0,7001.0
1786576275219710400,2026/08/13 09:11:15.251,3.0,1.0,10803.0,32607.0,39.55,600.0,7001.0
1786576275772579200,2026/08/13 09:11:15.804,2.0,1.0,10852.0,32607.0,39.11,555.0,7001.0
1786576276312281300,2026/08/13 09:11:16.344,3.0,1.0,10904.0,32607.0,39.67,622.0,7001.0
1786576276853034100,2026/08/13 09:11:16.885,2.0,1.0,10946.0,32607.0,38.81,480.0,7001.0
1786576277391667800,2026/08/13 09:11:17.422,2.0,1.0,11013.0,32607.0,39.33,607.0,7001.0
1786576277943026500,2026/08/13 09:11:17.974,0.0,1.0,11057.0,32607.0,36.85,360.0,7001.0
1786576278482937700,2026/08/13 09:11:18.514,0.0,1.0,11103.0,32607.0,34.08,337.0,7001.0
1786576279021678600,2026/08/13 09:11:19.053,1.0,1.0,11153.0,32607.0,33.77,352.0,7001.0
1786576279562113100,2026/08/13 09:11:19.594,1.0,1.0,11193.0,32607.0,33.72,360.0,7001.0
1786576280102457500,2026/08/13 09:11:20.133,0.0,1.0,11243.0,32607.0,33.71,337.0,7001.0
1786576280642326600,2026/08/13 09:11:20.674,1.0,1.0,11287.0,32607.0,33.74,330.0,7001.0
1786576281182416200,2026/08/13 09:11:21.212,0.0,1.0,11339.0,32607.0,33.9,352.0,7001.0
1786576281720557500,2026/08/13 09:11:21.752,0.0,1.0,11383.0,32607.0,33.98,337.0,7001.0
1786576282259027300,2026/08/13 09:11:22.291,1.0,1.0,11433.0,32607.0,34.0,337.0,7001.0
1786576282799847900,2026/08/13 09:11:22.831,0.0,1.0,11477.0,32607.0,33.98,330.0,7001.0
1786576283337891000,2026/08/13 09:11:23.369,1.0,1.0,11510.0,32607.0,34.22,352.0,7001.0
1786576283877235500,2026/08/13 09:11:23.909,2.0,1.0,11555.0,32607.0,36.01,607.0,7001.0
1786576284428424300,2026/08/13 09:11:24.460,3.0,1.0,11599.0,32607.0,37.7,562.0,7001.0
1786576284967890600,2026/08/13 09:11:24.999,1.0,1.0,11643.0,32607.0,34.93,337.0,7001.0
1786576285508173500,2026/08/13 09:11:25.539,3.0,1.0,11695.0,32607.0,36.35,697.0,7001.0
1786576286060358800,2026/08/13 09:11:26.092,3.0,1.0,11739.0,32607.0,37.73,630.0,7001.0
1786576286611885100,2026/08/13 09:11:26.643,0.0,1.0,11783.0,32607.0,35.77,330.0,7001.0
1786576287160250000,2026/08/13 09:11:27.192,1.0,1.0,11827.0,32607.0,34.27,337.0,7001.0
1786576287710441200,2026/08/13 09:11:27.741,0.0,1.0,11871.0,32607.0,34.21,352.0,7001.0
1786576288255291500,2026/08/13 09:11:28.287,1.0,1.0,11917.0,32607.0,34.02,352.0,7001.0
1786576288802816000,2026/08/13 09:11:28.834,1.0,1.0,11967.0,32607.0,33.84,337.0,7001.0
1786576289348727100,2026/08/13 09:11:29.379,0.0,1.0,12011.0,32607.0,33.68,337.0,7001.0
1786576289895706100,2026/08/13 09:11:29.927,0.0,1.0,12055.0,32607.0,33.88,330.0,7001.0
1786576290441732300,2026/08/13 09:11:30.473,0.0,1.0,12099.0,32607.0,34.33,352.0,7001.0
1786576290985378100,2026/08/13 09:11:31.016,1.0,1.0,12151.0,32607.0,34.54,375.0,7001.0
1786576291529674900,2026/08/13 09:11:31.561,0.0,1.0,12189.0,32607.0,34.62,337.0,7001.0
1786576292075288400,2026/08/13 09:11:32.107,0.0,1.0,12233.0,32607.0,34.59,352.0,7001.0
1786576292620683200,2026/08/13 09:11:32.652,1.0,1.0,12277.0,32607.0,34.68,352.0,7001.0
1786576293168226600,2026/08/13 09:11:33.200,0.0,1.0,12327.0,32607.0,34.57,382.0,7001.0
1786576293712943000,2026/08/13 09:11:33.743,1.0,1.0,12371.0,32607.0,34.71,397.0,7001.0
1786576294257918500,2026/08/13 09:11:34.289,0.0,1.0,12417.0,32607.0,34.83,337.0,7001.0
1786576294809040400,2026/08/13 09:11:34.840,1.0,1.0,12461.0,32607.0,34.43,352.0,7001.0
1786576295356178700,2026/08/13 09:11:35.388,1.0,1.0,12511.0,32607.0,34.47,360.0,7001.0
1786576295903624200,2026/08/13 09:11:35.935,0.0,1.0,12555.0,32607.0,34.01,352.0,7001.0
1786576296448758500,2026/08/13 09:11:36.480,0.0,1.0,12607.0,32607.0,34.13,337.0,7001.0
1786576296990996700,2026/08/13 09:11:37.022,0.0,1.0,12651.0,32607.0,34.06,352.0,7001.0
1786576297536964800,2026/08/13 09:11:37.567,1.0,1.0,12704.0,32607.0,34.66,412.0,7001.0
1786576298081271600,2026/08/13 09:11:38.112,1.0,1.0,12754.0,32607.0,35.03,360.0,7001.0
1786576298628283100,2026/08/13 09:11:38.659,1.0,1.0,12802.0,32607.0,35.47,442.0,7001.0
1786576299173714400,2026/08/13 09:11:39.205,1.0,1.0,12839.0,32607.0,35.96,405.0,7001.0
1786576299720369200,2026/08/13 09:11:39.751,1.0,1.0,12882.0,32607.0,35.98,397.0,7001.0
1786576300268545600,2026/08/13 09:11:40.300,1.0,1.0,12932.0,32607.0,35.88,442.0,7001.0
1786576300815545700,2026/08/13 09:11:40.847,1.0,1.0,12971.0,32607.0,36.46,397.0,7001.0
1786576301363740800,2026/08/13 09:11:41.395,1.0,1.0,13017.0,32607.0,36.12,397.0,7001.0
1786576301914123400,2026/08/13 09:11:41.946,1.0,1.0,13085.0,32607.0,35.71,367.0,7001.0
1786576302460128600,2026/08/13 09:11:42.492,2.0,1.0,13131.0,32607.0,37.75,517.0,7001.0
1786576303006642400,2026/08/13 09:11:43.038,3.0,1.0,13181.0,32607.0,39.59,525.0,7001.0
1786576303553168500,2026/08/13 09:11:43.584,2.0,1.0,13220.0,32607.0,39.54,525.0,7001.0
1786576304101412000,2026/08/13 09:11:44.133,2.0,1.0,13266.0,32607.0,39.41,502.0,7001.0
1786576304648087300,2026/08/13 09:11:44.679,2.0,1.0,13297.0,32607.0,39.22,517.0,7001.0
1786576305194882300,2026/08/13 09:11:45.226,2.0,1.0,13341.0,32607.0,39.31,540.0,7001.0
1786576305741925100,2026/08/13 09:11:45.772,3.0,1.0,13385.0,32607.0,39.56,532.0,7001.0
1786576306287149800,2026/08/13 09:11:46.319,3.0,1.0,13431.0,32607.0,39.76,517.0,7001.0
1786576306837955600,2026/08/13 09:11:46.869,1.0,1.0,13483.0,32607.0,38.85,442.0,7001.0
1786576307383763000,2026/08/13 09:11:47.415,2.0,1.0,13529.0,32607.0,38.06,540.0,7001.0
1786576307931915300,2026/08/13 09:11:47.963,1.0,1.0,13579.0,32607.0,38.08,435.0,7001.0
1786576308478305400,2026/08/13 09:11:48.510,1.0,1.0,13626.0,32607.0,37.37,465.0,7001.0
1786576309025144900,2026/08/13 09:11:49.057,1.0,1.0,13674.0,32607.0,37.33,435.0,7001.0
1786576309571885500,2026/08/13 09:11:49.602,2.0,1.0,13721.0,32607.0,37.56,495.0,7001.0
1786576310118838800,2026/08/13 09:11:50.150,1.0,1.0,13767.0,32607.0,37.61,442.0,7001.0
1786576310668052000,2026/08/13 09:11:50.699,2.0,1.0,13813.0,32607.0,37.46,427.0,7001.0
1786576311215954400,2026/08/13 09:11:51.247,1.0,1.0,13866.0,32607.0,37.48,495.0,7001.0
1786576311755002500,2026/08/13 09:11:51.786,1.0,1.0,13911.0,32607.0,37.34,487.0,7001.0
1786576312304071000,2026/08/13 09:11:52.336,1.0,1.0,13962.0,32607.0,37.13,487.0,7001.0
1786576312849692200,2026/08/13 09:11:52.881,1.0,1.0,14006.0,32607.0,36.9,420.0,7001.0
1786576313394848100,2026/08/13 09:11:53.440,1.0,1.0,14055.0,32607.0,35.76,337.0,7001.0
1786576313955385400,2026/08/13 09:11:54.001,1.0,1.0,14110.0,32607.0,34.6,352.0,7001.0
1786576314516273700,2026/08/13 09:11:54.547,3.0,1.0,14157.0,32607.0,37.24,532.0,7001.0
1786576315060530600,2026/08/13 09:11:55.092,3.0,1.0,14198.0,32607.0,39.92,540.0,7001.0
1786576315606952500,2026/08/13 09:11:55.638,3.0,1.0,14240.0,32607.0,39.78,562.0,7001.0
1786576316153196200,2026/08/13 09:11:56.184,0.0,1.0,14290.0,32607.0,38.03,360.0,7001.0
1786576316701042500,2026/08/13 09:11:56.733,0.0,1.0,14336.0,32607.0,35.94,382.0,7001.0
1786576317249205100,2026/08/13 09:11:57.280,0.0,1.0,14374.0,32607.0,35.24,382.0,7001.0
1786576317793570000,2026/08/13 09:11:57.825,1.0,1.0,14415.0,32607.0,35.37,360.0,7001.0
1786576318342746200,2026/08/13 09:11:58.374,1.0,1.0,14465.0,32607.0,35.57,405.0,7001.0
1786576318888461000,2026/08/13 09:11:58.919,1.0,1.0,14509.0,32607.0,35.54,375.0,7001.0
1786576319431313000,2026/08/13 09:11:59.463,1.0,1.0,14559.0,32607.0,35.18,367.0,7001.0
1786576319977434200,2026/08/13 09:12:00.007,1.0,1.0,14603.0,32607.0,34.79,352.0,7001.0
1786576320521634300,2026/08/13 09:12:00.553,1.0,1.0,14646.0,32607.0,34.58,337.0,7001.0
1786576321066480700,2026/08/13 09:12:01.097,1.0,1.0,14694.0,32607.0,35.0,345.0,7001.0
1786576321611331100,2026/08/13 09:12:01.643,0.0,1.0,14734.0,32607.0,35.23,330.0,7001.0
1786576322157429200,2026/08/13 09:12:02.189,1.0,1.0,14778.0,32607.0,35.06,322.0,7001.0
1786576322704333000,2026/08/13 09:12:02.736,0.0,1.0,14822.0,32607.0,34.99,337.0,7001.0
1786576323253200600,2026/08/13 09:12:03.284,1.0,1.0,14866.0,32607.0,35.07,330.0,7001.0
1786576323796160900,2026/08/13 09:12:03.827,0.0,1.0,14918.0,32607.0,34.98,337.0,7001.0
1786576324342454300,2026/08/13 09:12:04.373,0.0,1.0,14962.0,32607.0,35.01,352.0,7001.0
1786576324890457000,2026/08/13 09:12:04.921,1.0,1.0,15006.0,32607.0,35.03,367.0,7001.0
1786576325437332400,2026/08/13 09:12:05.469,1.0,1.0,15064.0,32607.0,35.36,352.0,7001.0
1786576325985768300,2026/08/13 09:12:06.017,0.0,1.0,15110.0,32607.0,35.44,360.0,7001.0
1786576326529613600,2026/08/13 09:12:06.561,1.0,1.0,15160.0,32607.0,35.58,360.0,7001.0
1786576327075956800,2026/08/13 09:12:07.107,1.0,1.0,15204.0,32607.0,35.53,375.0,7001.0
1786576327621577300,2026/08/13 09:12:07.652,1.0,1.0,15248.0,32607.0,35.17,352.0,7001.0
1786576328167549500,2026/08/13 09:12:08.198,1.0,1.0,15292.0,32607.0,34.81,322.0,7001.0
1786576328714907100,2026/08/13 09:12:08.746,0.0,1.0,15340.0,32607.0,34.77,330.0,7001.0
1786576329260672700,2026/08/13 09:12:09.291,0.0,1.0,15390.0,32607.0,34.92,360.0,7001.0
1786576329805659600,2026/08/13 09:12:09.836,0.0,1.0,15434.0,32607.0,34.83,322.0,7001.0
1786576330352373300,2026/08/13 09:12:10.383,1.0,1.0,15474.0,32607.0,34.88,337.0,7001.0
1786576330898393600,2026/08/13 09:12:10.930,0.0,1.0,15518.0,32607.0,34.85,330.0,7001.0
1786576331445231300,2026/08/13 09:12:11.476,1.0,1.0,15570.0,32607.0,35.36,375.0,7001.0
1786576331989692300,2026/08/13 09:12:12.021,3.0,1.0,15630.0,32607.0,36.91,570.0,7001.0
1786576332540685100,2026/08/13 09:12:12.572,0.0,1.0,15688.0,32607.0,37.77,345.0,7001.0
1786576333087174800,2026/08/13 09:12:13.118,0.0,1.0,15738.0,32607.0,36.2,337.0,7001.0
1786576333633287000,2026/08/13 09:12:13.665,1.0,1.0,15784.0,32607.0,34.88,337.0,7001.0
1786576334178604900,2026/08/13 09:12:14.224,0.0,1.0,15828.0,32607.0,34.76,330.0,7001.0
1786576334738744600,2026/08/13 09:12:14.770,1.0,1.0,15872.0,32607.0,34.51,330.0,7001.0
1786576335286069800,2026/08/13 09:12:15.317,0.0,1.0,15916.0,32607.0,34.55,330.0,7001.0
1786576335833787200,2026/08/13 09:12:15.865,1.0,1.0,15966.0,32607.0,34.68,337.0,7001.0
1786576336379385400,2026/08/13 09:12:16.410,0.0,1.0,16012.0,32607.0,34.49,337.0,7001.0
1786576336927680700,2026/08/13 09:12:16.959,0.0,1.0,16062.0,32607.0,34.69,352.0,7001.0
1786576337469788300,2026/08/13 09:12:17.501,0.0,1.0,16106.0,32607.0,34.66,330.0,7001.0
1786576338016619400,2026/08/13 09:12:18.047,1.0,1.0,16156.0,32607.0,34.92,330.0,7001.0
1786576338560442700,2026/08/13 09:12:18.592,0.0,1.0,16202.0,32607.0,34.92,330.0,7001.0
1786576339105776400,2026/08/13 09:12:19.136,0.0,1.0,16246.0,32607.0,34.85,337.0,7001.0
1786576339653704800,2026/08/13 09:12:19.685,0.0,1.0,16290.0,32607.0,34.82,330.0,7001.0
1786576340200766700,2026/08/13 09:12:20.233,1.0,1.0,16334.0,32607.0,34.85,337.0,7001.0
1786576340752694400,2026/08/13 09:12:20.784,1.0,1.0,16384.0,32607.0,34.78,360.0,7001.0
1786576341301173300,2026/08/13 09:12:21.332,0.0,1.0,16430.0,32607.0,34.92,337.0,7001.0
1786576341844931500,2026/08/13 09:12:21.876,1.0,1.0,16480.0,32607.0,34.96,352.0,7001.0
1786576342391721000,2026/08/13 09:12:22.423,0.0,1.0,16524.0,32607.0,34.87,337.0,7001.0
1786576342936985200,2026/08/13 09:12:22.968,1.0,1.0,16574.0,32607.0,34.74,322.0,7001.0
1786576343480365800,2026/08/13 09:12:23.512,1.0,1.0,16620.0,32607.0,34.61,360.0,7001.0
1786576344024777300,2026/08/13 09:12:24.056,1.0,1.0,16664.0,32607.0,34.6,337.0,7001.0
1786576344569774100,2026/08/13 09:12:24.601,0.0,1.0,16714.0,32607.0,34.65,330.0,7001.0
1786576345114872200,2026/08/13 09:12:25.146,0.0,1.0,16758.0,32607.0,34.79,352.0,7001.0
1786576345659512900,2026/08/13 09:12:25.690,1.0,1.0,16810.0,32607.0,34.93,360.0,7001.0
1786576346203609600,2026/08/13 09:12:26.235,0.0,1.0,16854.0,32607.0,34.88,337.0,7001.0
1786576346752347400,2026/08/13 09:12:26.783,0.0,1.0,16898.0,32607.0,34.98,337.0,7001.0
1786576347294915700,2026/08/13 09:12:27.326,0.0,1.0,16949.0,32607.0,35.17,360.0,7001.0
1786576347840927800,2026/08/13 09:12:27.871,0.0,1.0,16999.0,32607.0,35.57,337.0,7001.0
1786576348388125800,2026/08/13 09:12:28.420,1.0,1.0,17028.0,32607.0,35.87,405.0,7001.0
1786576348935623900,2026/08/13 09:12:28.966,1.0,1.0,17064.0,32607.0,36.0,412.0,7001.0
1786576349481816700,2026/08/13 09:12:29.513,1.0,1.0,17107.0,32607.0,36.56,412.0,7001.0
1786576350027936900,2026/08/13 09:12:30.059,0.0,1.0,17157.0,32607.0,35.97,360.0,7001.0
1786576350572875000,2026/08/13 09:12:30.619,1.0,1.0,17203.0,32607.0,35.95,412.0,7001.0
1786576351134295100,2026/08/13 09:12:31.164,0.0,1.0,17247.0,32607.0,36.0,367.0,7001.0
1786576351681306100,2026/08/13 09:12:31.711,1.0,1.0,17285.0,32607.0,35.73,375.0,7001.0
1786576352226638100,2026/08/13 09:12:32.258,1.0,1.0,17335.0,32607.0,35.76,375.0,7001.0
1786576352774002400,2026/08/13 09:12:32.805,0.0,1.0,17379.0,32607.0,36.23,390.0,7001.0
1786576353319170700,2026/08/13 09:12:33.350,1.0,1.0,17417.0,32607.0,36.08,337.0,7001.0
1786576353863508900,2026/08/13 09:12:33.894,1.0,1.0,17469.0,32607.0,35.74,360.0,7001.0
1786576354408042600,2026/08/13 09:12:34.439,0.0,1.0,17513.0,32607.0,35.6,360.0,7001.0
1786576354951979400,2026/08/13 09:12:34.982,1.0,1.0,17564.0,32607.0,38.31,495.0,7001.0
1786576355497573700,2026/08/13 09:12:35.529,1.0,1.0,17608.0,32607.0,37.42,375.0,7001.0
1786576356045426100,2026/08/13 09:12:36.077,1.0,1.0,17650.0,32607.0,35.48,337.0,7001.0
1786576356590996700,2026/08/13 09:12:36.622,1.0,1.0,17696.0,32607.0,35.07,337.0,7001.0
1786576357138131600,2026/08/13 09:12:37.170,0.0,1.0,17740.0,32607.0,34.96,330.0,7001.0
1786576357683039100,2026/08/13 09:12:37.713,0.0,1.0,17784.0,32607.0,35.24,330.0,7001.0
1786576358227800900,2026/08/13 09:12:38.259,0.0,1.0,17828.0,32607.0,35.6,322.0,7001.0
1786576358772608200,2026/08/13 09:12:38.804,0.0,1.0,17878.0,32607.0,35.74,345.0,7001.0
1786576359320899100,2026/08/13 09:12:39.351,0.0,1.0,17930.0,32607.0,35.75,330.0,7001.0
1786576359868950400,2026/08/13 09:12:39.900,1.0,1.0,17974.0,32607.0,35.76,337.0,7001.0
1786576360415835400,2026/08/13 09:12:40.447,0.0,1.0,18020.0,32607.0,35.73,352.0,7001.0
1786576360961220000,2026/08/13 09:12:40.992,1.0,1.0,18066.0,32607.0,35.69,345.0,7001.0
1786576361508288800,2026/08/13 09:12:41.540,1.0,1.0,18116.0,32607.0,35.86,352.0,7001.0
1786576362051003900,2026/08/13 09:12:42.082,0.0,1.0,18166.0,32607.0,35.68,352.0,7001.0
1786576362596037200,2026/08/13 09:12:42.628,1.0,1.0,18210.0,32607.0,35.77,360.0,7001.0
1786576363144274600,2026/08/13 09:12:43.175,1.0,1.0,18262.0,32607.0,35.72,352.0,7001.0
1786576363688875900,2026/08/13 09:12:43.720,1.0,1.0,18306.0,32607.0,35.51,352.0,7001.0
1786576364238524700,2026/08/13 09:12:44.269,1.0,1.0,18356.0,32607.0,35.37,352.0,7001.0
1786576364782834000,2026/08/13 09:12:44.813,1.0,1.0,18400.0,32607.0,35.39,337.0,7001.0
1786576365327419300,2026/08/13 09:12:45.359,1.0,1.0,18444.0,32607.0,35.53,337.0,7001.0
1786576365875278800,2026/08/13 09:12:45.907,0.0,1.0,18490.0,32607.0,35.44,337.0,7001.0
1786576366419883100,2026/08/13 09:12:46.451,0.0,1.0,18534.0,32607.0,35.11,330.0,7001.0
1786576366966909100,2026/08/13 09:12:46.998,0.0,1.0,18578.0,32607.0,35.47,352.0,7001.0
1786576367514000600,2026/08/13 09:12:47.545,0.0,1.0,18622.0,32607.0,35.35,337.0,7001.0
1786576368058124700,2026/08/13 09:12:48.088,0.0,1.0,18666.0,32607.0,35.21,330.0,7001.0
1786576368604829600,2026/08/13 09:12:48.636,0.0,1.0,18710.0,32607.0,35.24,337.0,7001.0
1786576369151918300,2026/08/13 09:12:49.183,0.0,1.0,18762.0,32607.0,35.21,337.0,7001.0
1786576369697968800,2026/08/13 09:12:49.728,0.0,1.0,18812.0,32607.0,35.17,352.0,7001.0
1786576370244759600,2026/08/13 09:12:50.276,0.0,1.0,18856.0,32607.0,35.31,352.0,7001.0
1786576370792307000,2026/08/13 09:12:50.822,0.0,1.0,18908.0,32607.0,35.35,352.0,7001.0
1786576371339686500,2026/08/13 09:12:51.370,0.0,1.0,18952.0,32607.0,35.3,367.0,7001.0
1786576371887540200,2026/08/13 09:12:51.919,0.0,1.0,19002.0,32607.0,35.33,330.0,7001.0
1786576372433279100,2026/08/13 09:12:52.480,1.0,1.0,19052.0,32607.0,35.47,360.0,7001.0
1786576372992483800,2026/08/13 09:12:53.022,1.0,1.0,19098.0,32607.0,35.25,375.0,7001.0
1786576373536113600,2026/08/13 09:12:53.567,1.0,1.0,19142.0,32607.0,35.35,337.0,7001.0
1786576374083453300,2026/08/13 09:12:54.114,1.0,1.0,19186.0,32607.0,35.34,322.0,7001.0
1786576374629262100,2026/08/13 09:12:54.659,1.0,1.0,19230.0,32607.0,35.27,337.0,7001.0
1786576375173493900,2026/08/13 09:12:55.205,1.0,1.0,19274.0,32607.0,35.14,337.0,7001.0
1786576375719314900,2026/08/13 09:12:55.750,1.0,1.0,19320.0,32607.0,34.93,337.0,7001.0
1786576376263431100,2026/08/13 09:12:56.294,0.0,1.0,19364.0,32607.0,34.99,337.0,7001.0
1786576376811704600,2026/08/13 09:12:56.842,0.0,1.0,19408.0,32607.0,34.91,352.0,7001.0
1786576377356283900,2026/08/13 09:12:57.387,0.0,1.0,19458.0,32607.0,34.75,315.0,7001.0
1786576377899122900,2026/08/13 09:12:57.930,1.0,1.0,19502.0,32607.0,34.95,330.0,7001.0
1786576378447974300,2026/08/13 09:12:58.479,1.0,1.0,19554.0,32607.0,35.15,337.0,7001.0
1786576378993827400,2026/08/13 09:12:59.025,0.0,1.0,19598.0,32607.0,35.29,352.0,7001.0
1786576379539725000,2026/08/13 09:12:59.571,0.0,1.0,19642.0,32607.0,35.43,367.0,7001.0
1786576380089396700,2026/08/13 09:13:00.121,0.0,1.0,19686.0,32607.0,35.54,345.0,7001.0
1786576380635017400,2026/08/13 09:13:00.667,0.0,1.0,19730.0,32607.0,35.47,367.0,7001.0
1786576381182523700,2026/08/13 09:13:01.214,1.0,1.0,19796.0,32607.0,35.61,367.0,7001.0
1786576381750708800,2026/08/13 09:13:01.782,1.0,1.0,19796.0,32607.0,35.41,337.0,7001.0
1786576382301386400,2026/08/13 09:13:02.333,30.0,10.0,19804.0,32607.0,41.78,607.0,7001.0
1786576382847275500,2026/08/13 09:13:02.878,1.0,1.0,19804.0,32607.0,41.85,495.0,7001.0
1786576383391917300,2026/08/13 09:13:03.423,1.0,1.0,19804.0,32607.0,42.12,427.0,7001.0
1786576383937999500,2026/08/13 09:13:03.969,0.0,1.0,19804.0,32607.0,34.79,330.0,7001.0
1786576384484983400,2026/08/13 09:13:04.516,0.0,1.0,19804.0,32607.0,34.68,292.0,7001.0
1786576385030934800,2026/08/13 09:13:05.062,0.0,1.0,19812.0,32607.0,34.78,292.0,7001.0
1786576385575743000,2026/08/13 09:13:05.606,0.0,1.0,19812.0,32607.0,34.79,307.0,7001.0
1786576386128790500,2026/08/13 09:13:06.160,80.0,14.0,19812.0,32607.0,130.18,2812.0,14001.0
1786576386666609400,2026/08/13 09:13:06.698,76.0,9.0,15790.0,32607.0,285.8,2782.0,14001.0
1786576387355101300,2026/08/13 09:13:07.391,2.0,0.0,2368.0,32607.0,212.4,2872.0,14001.0
1786576387926818300,2026/08/13 09:13:07.958,0.0,0.0,2368.0,32607.0,115.23,2872.0,14001.0
1786576388478275900,2026/08/13 09:13:08.509,0.0,1.0,2370.0,32607.0,78.68,1665.0,7001.0
1786576389028002700,2026/08/13 09:13:09.059,0.0,1.0,2366.0,32607.0,56.92,660.0,7001.0
1786576389581323200,2026/08/13 09:13:09.612,0.0,1.0,2366.0,32607.0,37.32,562.0,7001.0
1786576390127572900,2026/08/13 09:13:10.158,1.0,1.0,2410.0,32607.0,36.24,480.0,7001.0
1786576390674291900,2026/08/13 09:13:10.705,1.0,1.0,2410.0,32607.0,35.92,427.0,7001.0
1786576391222940700,2026/08/13 09:13:11.254,1.0,1.0,2410.0,32607.0,35.8,382.0,7001.0
1786576391772983800,2026/08/13 09:13:11.804,1.0,1.0,2410.0,32607.0,35.35,307.0,7001.0
1786576392323041000,2026/08/13 09:13:12.354,2.0,1.0,2458.0,32607.0,35.15,337.0,7001.0
1786576392875364300,2026/08/13 09:13:12.907,0.0,1.0,2458.0,32607.0,34.93,292.0,7001.0
1786576393425442100,2026/08/13 09:13:13.457,0.0,1.0,2458.0,32607.0,35.02,292.0,7001.0
1786576393975294100,2026/08/13 09:13:14.006,0.0,1.0,2506.0,32607.0,35.24,322.0,7001.0
1786576394521721600,2026/08/13 09:13:14.553,0.0,1.0,2506.0,32607.0,35.25,292.0,7001.0
1786576395072600000,2026/08/13 09:13:15.103,0.0,1.0,2506.0,32607.0,35.04,292.0,7001.0
1786576395620407000,2026/08/13 09:13:15.651,0.0,1.0,2554.0,32607.0,35.02,292.0,7001.0
1786576396167561000,2026/08/13 09:13:16.199,0.0,1.0,2554.0,32607.0,35.32,322.0,7001.0
1786576396715433800,2026/08/13 09:13:16.747,0.0,1.0,2554.0,32607.0,35.33,330.0,7001.0
1786576397263234900,2026/08/13 09:13:17.294,0.0,1.0,2554.0,32607.0,35.18,337.0,7001.0
1786576397811856400,2026/08/13 09:13:17.842,0.0,1.0,2554.0,32607.0,35.42,330.0,7001.0
1786576398361322800,2026/08/13 09:13:18.393,1.0,1.0,2642.0,32607.0,35.56,337.0,7001.0
1786576398910925200,2026/08/13 09:13:18.942,0.0,1.0,2658.0,32607.0,36.29,382.0,7001.0
1786576399459285900,2026/08/13 09:13:19.490,1.0,1.0,2674.0,32607.0,36.03,367.0,7001.0
1786576400009587000,2026/08/13 09:13:20.042,1.0,1.0,2674.0,32607.0,35.67,330.0,7001.0
1786576400559017500,2026/08/13 09:13:20.590,0.0,1.0,2700.0,32607.0,35.24,322.0,7001.0
1786576401104078300,2026/08/13 09:13:21.136,0.0,1.0,2726.0,32607.0,34.58,300.0,7001.0
1786576401651683400,2026/08/13 09:13:21.683,0.0,1.0,2726.0,32607.0,34.61,292.0,7001.0
1786576402200418200,2026/08/13 09:13:22.232,0.0,1.0,2770.0,32607.0,34.83,292.0,7001.0
1786576402751649400,2026/08/13 09:13:22.783,0.0,1.0,2814.0,32607.0,34.94,337.0,7001.0
1786576403299405000,2026/08/13 09:13:23.329,1.0,1.0,2864.0,32607.0,35.34,337.0,7001.0
1786576403847477200,2026/08/13 09:13:23.879,0.0,1.0,2910.0,32607.0,35.58,330.0,7001.0
1786576404397397800,2026/08/13 09:13:24.428,0.0,1.0,2954.0,32607.0,35.67,337.0,7001.0
1786576404943501800,2026/08/13 09:13:24.975,1.0,1.0,2998.0,32607.0,35.94,390.0,7001.0
1786576405490730000,2026/08/13 09:13:25.522,1.0,1.0,3048.0,32607.0,36.25,375.0,7001.0
1786576406038547300,2026/08/13 09:13:26.070,0.0,1.0,3092.0,32607.0,36.14,382.0,7001.0
1786576406582932900,2026/08/13 09:13:26.614,0.0,1.0,3132.0,32607.0,36.1,375.0,7001.0
1786576407128003700,2026/08/13 09:13:27.160,1.0,1.0,3176.0,32607.0,36.15,375.0,7001.0
1786576407674797700,2026/08/13 09:13:27.720,1.0,1.0,3220.0,32607.0,36.06,367.0,7001.0
1786576408226954100,2026/08/13 09:13:28.257,1.0,1.0,3264.0,32607.0,36.2,375.0,7001.0
1786576408770242400,2026/08/13 09:13:28.801,1.0,1.0,3308.0,32607.0,35.99,352.0,7001.0
1786576409317200900,2026/08/13 09:13:29.349,1.0,1.0,3352.0,32607.0,35.73,330.0,7001.0
1786576409863506600,2026/08/13 09:13:29.895,1.0,1.0,3396.0,32607.0,35.7,352.0,7001.0
1786576410408273500,2026/08/13 09:13:30.440,0.0,1.0,3442.0,32607.0,35.6,352.0,7001.0
1786576410953200500,2026/08/13 09:13:30.984,1.0,1.0,3486.0,32607.0,35.76,330.0,7001.0
1786576411500174700,2026/08/13 09:13:31.531,0.0,1.0,3524.0,32607.0,35.81,330.0,7001.0
1786576412047113500,2026/08/13 09:13:32.078,1.0,1.0,3568.0,32607.0,35.81,337.0,7001.0
1786576412596101800,2026/08/13 09:13:32.626,0.0,1.0,3606.0,32607.0,36.03,337.0,7001.0
1786576413140357100,2026/08/13 09:13:33.172,1.0,1.0,3650.0,32607.0,35.71,345.0,7001.0
1786576413687531300,2026/08/13 09:13:33.719,0.0,1.0,3694.0,32607.0,35.32,330.0,7001.0
1786576414236721800,2026/08/13 09:13:34.268,0.0,1.0,3740.0,32607.0,35.51,360.0,7001.0
1786576414781084900,2026/08/13 09:13:34.811,1.0,1.0,3790.0,32607.0,35.77,375.0,7001.0
1786576415327954900,2026/08/13 09:13:35.359,1.0,1.0,3828.0,32607.0,35.87,360.0,7001.0
1786576415877713800,2026/08/13 09:13:35.909,0.0,1.0,3872.0,32607.0,35.96,360.0,7001.0
1786576416424901800,2026/08/13 09:13:36.456,1.0,1.0,3916.0,32607.0,36.1,352.0,7001.0
1786576416970169000,2026/08/13 09:13:37.001,1.0,1.0,3966.0,32607.0,36.03,345.0,7001.0
1786576417515596700,2026/08/13 09:13:37.546,1.0,1.0,4012.0,32607.0,36.03,360.0,7001.0
1786576418058785200,2026/08/13 09:13:38.089,1.0,1.0,4056.0,32607.0,35.99,337.0,7001.0
1786576418604302100,2026/08/13 09:13:38.635,1.0,1.0,4100.0,32607.0,35.92,330.0,7001.0
1786576419150675200,2026/08/13 09:13:39.181,0.0,1.0,4150.0,32607.0,35.75,337.0,7001.0
1786576419694271000,2026/08/13 09:13:39.725,0.0,1.0,4188.0,32607.0,35.64,337.0,7001.0
1786576420240120300,2026/08/13 09:13:40.271,0.0,1.0,4234.0,32607.0,35.63,330.0,7001.0
1786576420788810600,2026/08/13 09:13:40.834,0.0,1.0,4284.0,32607.0,35.82,330.0,7001.0
1786576421349512200,2026/08/13 09:13:41.380,0.0,1.0,4322.0,32607.0,35.75,345.0,7001.0
1786576421894933700,2026/08/13 09:13:41.926,0.0,1.0,4366.0,32607.0,35.78,337.0,7001.0
1786576422438320200,2026/08/13 09:13:42.469,0.0,1.0,4410.0,32607.0,35.67,345.0,7001.0
1786576422984939600,2026/08/13 09:13:43.016,0.0,1.0,4460.0,32607.0,35.59,330.0,7001.0
1786576423529867800,2026/08/13 09:13:43.561,0.0,1.0,4506.0,32607.0,35.4,337.0,7001.0
1786576424076822100,2026/08/13 09:13:44.108,0.0,1.0,4550.0,32607.0,35.47,360.0,7001.0
1786576424621710600,2026/08/13 09:13:44.653,0.0,1.0,4600.0,32607.0,35.89,367.0,7001.0
1786576425166483200,2026/08/13 09:13:45.197,0.0,1.0,4644.0,32607.0,35.97,352.0,7001.0
1786576425712662700,2026/08/13 09:13:45.744,1.0,1.0,4688.0,32607.0,35.94,360.0,7001.0
1786576426260525700,2026/08/13 09:13:46.291,1.0,1.0,4740.0,32607.0,36.08,375.0,7001.0
1786576426804472000,2026/08/13 09:13:46.835,1.0,1.0,4778.0,32607.0,36.12,337.0,7001.0
1786576427347278100,2026/08/13 09:13:47.378,1.0,1.0,4828.0,32607.0,35.61,352.0,7001.0
1786576427892773900,2026/08/13 09:13:47.924,0.0,1.0,4878.0,32607.0,35.58,337.0,7001.0
1786576428438706400,2026/08/13 09:13:48.469,0.0,1.0,4924.0,32607.0,35.7,330.0,7001.0
1786576428985832700,2026/08/13 09:13:49.017,0.0,1.0,4974.0,32607.0,36.0,337.0,7001.0
1786576429530663300,2026/08/13 09:13:49.562,1.0,1.0,5018.0,32607.0,35.94,337.0,7001.0
1786576430078183500,2026/08/13 09:13:50.109,1.0,1.0,5062.0,32607.0,35.85,345.0,7001.0
1786576430624925300,2026/08/13 09:13:50.656,1.0,1.0,5108.0,32607.0,36.1,337.0,7001.0
1786576431172963700,2026/08/13 09:13:51.203,1.0,1.0,5158.0,32607.0,36.03,352.0,7001.0
1786576431717754500,2026/08/13 09:13:51.748,1.0,1.0,5202.0,32607.0,35.95,360.0,7001.0
1786576432265377400,2026/08/13 09:13:52.296,1.0,1.0,5252.0,32607.0,35.96,360.0,7001.0
1786576432809204600,2026/08/13 09:13:52.841,0.0,1.0,5298.0,32607.0,35.96,337.0,7001.0
1786576433357595900,2026/08/13 09:13:53.388,0.0,1.0,5348.0,32607.0,35.81,367.0,7001.0
1786576433904535800,2026/08/13 09:13:53.935,1.0,1.0,5392.0,32607.0,35.94,375.0,7001.0
1786576434448772300,2026/08/13 09:13:54.480,1.0,1.0,5430.0,32607.0,36.05,375.0,7001.0
1786576434994634600,2026/08/13 09:13:55.026,1.0,1.0,5480.0,32607.0,35.88,360.0,7001.0
1786576435538888400,2026/08/13 09:13:55.570,1.0,1.0,5526.0,32607.0,36.19,337.0,7001.0
1786576436085178800,2026/08/13 09:13:56.131,0.0,1.0,5576.0,32607.0,35.92,330.0,7001.0
1786576436646981500,2026/08/13 09:13:56.678,1.0,1.0,5620.0,32607.0,35.84,337.0,7001.0
1786576437193956500,2026/08/13 09:13:57.225,1.0,1.0,5670.0,32607.0,36.04,337.0,7001.0
1786576437738685100,2026/08/13 09:13:57.770,0.0,1.0,5714.0,32607.0,36.15,352.0,7001.0
1786576438284771100,2026/08/13 09:13:58.316,0.0,1.0,5760.0,32607.0,36.21,322.0,7001.0
1786576438831977300,2026/08/13 09:13:58.863,0.0,1.0,5810.0,32607.0,36.34,337.0,7001.0
1786576439376026100,2026/08/13 09:13:59.408,0.0,1.0,5854.0,32607.0,36.31,337.0,7001.0
1786576439921462400,2026/08/13 09:13:59.952,1.0,1.0,5904.0,32607.0,36.04,322.0,7001.0
1786576440468675700,2026/08/13 09:14:00.500,1.0,1.0,5950.0,32607.0,36.16,352.0,7001.0
1786576441014487200,2026/08/13 09:14:01.046,1.0,1.0,6000.0,32607.0,36.21,367.0,7001.0
1786576441558932300,2026/08/13 09:14:01.590,1.0,1.0,6044.0,32607.0,36.28,360.0,7001.0
1786576442106967600,2026/08/13 09:14:02.138,0.0,1.0,6088.0,32607.0,35.98,345.0,7001.0
1786576442653490800,2026/08/13 09:14:02.684,0.0,1.0,6134.0,32607.0,35.9,382.0,7001.0
1786576443198127300,2026/08/13 09:14:03.229,0.0,1.0,6184.0,32607.0,36.02,375.0,7001.0
1786576443746378100,2026/08/13 09:14:03.778,1.0,1.0,6228.0,32607.0,36.21,352.0,7001.0
1786576444294106400,2026/08/13 09:14:04.325,1.0,1.0,6272.0,32607.0,36.16,360.0,7001.0
1786576444840445000,2026/08/13 09:14:04.871,1.0,1.0,6316.0,32607.0,36.2,330.0,7001.0
1786576445384462600,2026/08/13 09:14:05.415,0.0,1.0,6370.0,32607.0,36.12,352.0,7001.0
1786576445933507300,2026/08/13 09:14:05.964,1.0,1.0,6420.0,32607.0,36.13,330.0,7001.0
1786576446480363400,2026/08/13 09:14:06.511,0.0,1.0,6464.0,32607.0,36.01,337.0,7001.0
1786576447026017300,2026/08/13 09:14:07.057,0.0,1.0,6508.0,32607.0,36.1,345.0,7001.0
1786576447572668900,2026/08/13 09:14:07.603,1.0,1.0,6558.0,32607.0,35.86,330.0,7001.0
1786576448116926400,2026/08/13 09:14:08.148,1.0,1.0,6604.0,32607.0,35.99,352.0,7001.0
1786576448661148400,2026/08/13 09:14:08.692,1.0,1.0,6644.0,32607.0,36.04,352.0,7001.0
1786576449204070800,2026/08/13 09:14:09.235,0.0,1.0,6688.0,32607.0,35.73,330.0,7001.0
1786576449750730700,2026/08/13 09:14:09.781,0.0,1.0,6732.0,32607.0,35.83,360.0,7001.0
1786576450294763800,2026/08/13 09:14:10.326,1.0,1.0,6772.0,32607.0,35.89,375.0,7001.0
1786576450841908100,2026/08/13 09:14:10.872,0.0,1.0,6824.0,32607.0,35.88,375.0,7001.0
1786576451385882200,2026/08/13 09:14:11.417,0.0,1.0,6868.0,32607.0,35.9,360.0,7001.0
1786576451932120600,2026/08/13 09:14:11.964,0.0,1.0,6912.0,32607.0,35.83,352.0,7001.0
1786576452479944000,2026/08/13 09:14:12.511,1.0,1.0,6962.0,32607.0,35.92,375.0,7001.0
1786576453025467600,2026/08/13 09:14:13.056,1.0,1.0,7006.0,32607.0,35.71,337.0,7001.0
1786576453569294400,2026/08/13 09:14:13.600,1.0,1.0,7052.0,32607.0,35.91,337.0,7001.0
1786576454115195900,2026/08/13 09:14:14.147,0.0,1.0,7102.0,32607.0,35.87,352.0,7001.0
1786576454664266400,2026/08/13 09:14:14.694,0.0,1.0,7146.0,32607.0,35.96,337.0,7001.0
1786576455212311700,2026/08/13 09:14:15.243,0.0,1.0,7196.0,32607.0,36.08,315.0,7001.0
1786576455757067900,2026/08/13 09:14:15.788,0.0,1.0,7242.0,32607.0,35.96,337.0,7001.0
1786576456304649100,2026/08/13 09:14:16.336,1.0,1.0,7286.0,32607.0,35.95,330.0,7001.0
1786576456851610700,2026/08/13 09:14:16.883,0.0,1.0,7330.0,32607.0,35.8,315.0,7001.0
1786576457400044800,2026/08/13 09:14:17.431,0.0,1.0,7380.0,32607.0,35.67,337.0,7001.0
1786576457947757600,2026/08/13 09:14:17.979,0.0,1.0,7426.0,32607.0,36.08,352.0,7001.0
1786576458495303200,2026/08/13 09:14:18.526,1.0,1.0,7470.0,32607.0,36.33,360.0,7001.0
1786576459039647100,2026/08/13 09:14:19.071,0.0,1.0,7520.0,32607.0,36.38,367.0,7001.0
1786576459585261600,2026/08/13 09:14:19.616,0.0,1.0,7564.0,32607.0,36.21,360.0,7001.0
1786576460132748400,2026/08/13 09:14:20.164,0.0,1.0,7614.0,32607.0,35.98,352.0,7001.0
1786576460679897900,2026/08/13 09:14:20.711,1.0,1.0,7660.0,32607.0,35.94,337.0,7001.0
1786576461225153900,2026/08/13 09:14:21.257,1.0,1.0,7710.0,32607.0,36.14,375.0,7001.0
1786576461777004200,2026/08/13 09:14:21.808,1.0,1.0,7754.0,32607.0,36.46,352.0,7001.0
1786576462325879900,2026/08/13 09:14:22.357,1.0,1.0,7798.0,32607.0,36.46,330.0,7001.0
1786576462870549000,2026/08/13 09:14:22.901,0.0,1.0,7842.0,32607.0,36.26,337.0,7001.0
1786576463415661900,2026/08/13 09:14:23.447,0.0,1.0,7888.0,32607.0,36.15,330.0,7001.0
1786576463963131300,2026/08/13 09:14:23.994,1.0,1.0,7932.0,32607.0,36.09,360.0,7001.0
1786576464509486700,2026/08/13 09:14:24.540,0.0,1.0,7976.0,32607.0,36.06,337.0,7001.0
1786576465054097600,2026/08/13 09:14:25.085,0.0,1.0,8026.0,32607.0,36.12,330.0,7001.0
1786576465601472500,2026/08/13 09:14:25.633,1.0,1.0,8078.0,32607.0,36.01,330.0,7001.0
1786576466144850500,2026/08/13 09:14:26.176,1.0,1.0,8122.0,32607.0,36.15,330.0,7001.0
1786576466692138800,2026/08/13 09:14:26.723,0.0,1.0,8166.0,32607.0,36.22,352.0,7001.0
1786576467241245700,2026/08/13 09:14:27.272,0.0,1.0,8210.0,32607.0,36.26,367.0,7001.0
1786576467784152000,2026/08/13 09:14:27.815,1.0,1.0,8260.0,32607.0,36.4,360.0,7001.0
1786576468328848600,2026/08/13 09:14:28.360,1.0,1.0,8306.0,32607.0,36.32,337.0,7001.0
1786576468874606200,2026/08/13 09:14:28.906,0.0,1.0,8350.0,32607.0,36.09,352.0,7001.0
1786576469424128800,2026/08/13 09:14:29.454,1.0,1.0,8394.0,32607.0,35.88,352.0,7001.0
1786576469968202800,2026/08/13 09:14:29.999,1.0,1.0,8444.0,32607.0,35.83,375.0,7001.0
1786576470517035200,2026/08/13 09:14:30.548,1.0,1.0,8488.0,32607.0,35.92,345.0,7001.0
1786576471062802800,2026/08/13 09:14:31.093,1.0,1.0,8540.0,32607.0,35.78,330.0,7001.0
1786576471610235700,2026/08/13 09:14:31.641,1.0,1.0,8584.0,32607.0,35.9,322.0,7001.0
1786576472156359100,2026/08/13 09:14:32.187,1.0,1.0,8628.0,32607.0,36.07,330.0,7001.0
1786576472704063200,2026/08/13 09:14:32.734,0.0,1.0,8666.0,32607.0,36.17,330.0,7001.0
1786576473250968600,2026/08/13 09:14:33.282,1.0,1.0,8710.0,32607.0,36.02,337.0,7001.0
1786576473794111500,2026/08/13 09:14:33.825,0.0,1.0,8762.0,32607.0,35.81,345.0,7001.0
1786576474340532700,2026/08/13 09:14:34.371,0.0,1.0,8806.0,32607.0,35.96,352.0,7001.0
1786576474891317500,2026/08/13 09:14:34.923,1.0,1.0,8850.0,32607.0,36.26,352.0,7001.0
1786576475440965400,2026/08/13 09:14:35.471,0.0,1.0,8894.0,32607.0,36.08,330.0,7001.0
1786576475984226500,2026/08/13 09:14:36.015,0.0,1.0,8938.0,32607.0,36.29,352.0,7001.0
1786576476531129500,2026/08/13 09:14:36.562,0.0,1.0,8984.0,32607.0,36.02,360.0,7001.0
1786576477075951400,2026/08/13 09:14:37.107,0.0,1.0,9034.0,32607.0,35.81,352.0,7001.0
1786576477619258200,2026/08/13 09:14:37.650,0.0,1.0,9078.0,32607.0,36.03,367.0,7001.0
1786576478166525100,2026/08/13 09:14:38.197,0.0,1.0,9122.0,32607.0,36.34,345.0,7001.0
1786576478711175200,2026/08/13 09:14:38.742,1.0,1.0,9166.0,32607.0,36.32,352.0,7001.0
1786576479257863300,2026/08/13 09:14:39.289,1.0,1.0,9210.0,32607.0,36.41,375.0,7001.0
1786576479803316800,2026/08/13 09:14:39.834,1.0,1.0,9256.0,32607.0,36.51,352.0,7001.0
1786576480348573900,2026/08/13 09:14:40.380,0.0,1.0,9300.0,32607.0,36.32,337.0,7001.0
1786576480896744700,2026/08/13 09:14:40.943,0.0,1.0,9350.0,32607.0,36.59,330.0,7001.0
1786576481459862100,2026/08/13 09:14:41.491,0.0,1.0,9394.0,32607.0,36.42,330.0,7001.0
1786576482006088600,2026/08/13 09:14:42.037,0.0,1.0,9438.0,32607.0,36.41,322.0,7001.0
1786576482549149100,2026/08/13 09:14:42.581,0.0,1.0,9484.0,32607.0,36.56,337.0,7001.0
1786576483096524400,2026/08/13 09:14:43.127,0.0,1.0,9528.0,32607.0,36.46,352.0,7001.0
1786576483645315400,2026/08/13 09:14:43.676,1.0,1.0,9578.0,32607.0,36.35,330.0,7001.0
1786576484190670600,2026/08/13 09:14:44.222,1.0,1.0,9622.0,32607.0,36.48,352.0,7001.0
1786576484737729000,2026/08/13 09:14:44.769,0.0,1.0,9674.0,32607.0,36.51,375.0,7001.0
1786576485282605500,2026/08/13 09:14:45.314,0.0,1.0,9718.0,32607.0,36.59,352.0,7001.0
1786576485831476300,2026/08/13 09:14:45.863,0.0,1.0,9762.0,32607.0,36.6,352.0,7001.0
1786576486377644600,2026/08/13 09:14:46.409,0.0,1.0,9806.0,32607.0,36.6,382.0,7001.0
1786576486923327800,2026/08/13 09:14:46.955,0.0,1.0,9850.0,32607.0,36.58,375.0,7001.0
1786576487469423800,2026/08/13 09:14:47.501,1.0,1.0,9902.0,32607.0,36.66,360.0,7001.0
1786576488016035400,2026/08/13 09:14:48.048,1.0,1.0,9946.0,32607.0,36.8,367.0,7001.0
1786576488561873800,2026/08/13 09:14:48.593,1.0,1.0,9990.0,32607.0,36.9,337.0,7001.0
1786576489109535000,2026/08/13 09:14:49.140,1.0,1.0,10034.0,32607.0,36.58,322.0,7001.0
1786576489655870500,2026/08/13 09:14:49.686,0.0,1.0,10084.0,32607.0,36.36,330.0,7001.0
1786576490203068000,2026/08/13 09:14:50.249,0.0,1.0,10130.0,32607.0,36.54,352.0,7001.0
1786576490765706500,2026/08/13 09:14:50.797,0.0,1.0,10174.0,32607.0,36.43,337.0,7001.0
1786576491310519200,2026/08/13 09:14:51.341,1.0,1.0,10218.0,32607.0,36.43,337.0,7001.0
1786576491855246500,2026/08/13 09:14:51.887,1.0,1.0,10262.0,32607.0,36.6,337.0,7001.0
1786576492402776500,2026/08/13 09:14:52.449,1.0,1.0,10312.0,32607.0,36.95,352.0,7001.0
1786576492964725500,2026/08/13 09:14:52.995,0.0,1.0,10358.0,32607.0,36.79,337.0,7001.0
1786576493513655200,2026/08/13 09:14:53.545,1.0,1.0,10402.0,32607.0,37.17,375.0,7001.0
1786576494066319800,2026/08/13 09:14:54.097,1.0,1.0,10452.0,32607.0,37.22,352.0,7001.0
1786576494612281800,2026/08/13 09:14:54.643,0.0,1.0,10496.0,32607.0,36.89,382.0,7001.0
1786576495157386200,2026/08/13 09:14:55.188,1.0,1.0,10548.0,32607.0,36.61,352.0,7001.0
1786576495702965100,2026/08/13 09:14:55.734,0.0,1.0,10592.0,32607.0,36.6,352.0,7001.0
1786576496251206500,2026/08/13 09:14:56.281,1.0,1.0,10636.0,32607.0,36.6,345.0,7001.0
1786576496793388800,2026/08/13 09:14:56.824,1.0,1.0,10680.0,32607.0,36.78,390.0,7001.0
1786576497343990500,2026/08/13 09:14:57.375,1.0,1.0,10730.0,32607.0,37.03,382.0,7001.0
1786576497889956600,2026/08/13 09:14:57.921,1.0,1.0,10776.0,32607.0,37.13,360.0,7001.0
1786576498429207600,2026/08/13 09:14:58.460,0.0,1.0,10826.0,32607.0,37.19,360.0,7001.0
1786576498975584800,2026/08/13 09:14:59.006,0.0,1.0,10870.0,32607.0,36.58,352.0,7001.0
1786576499524787100,2026/08/13 09:14:59.555,0.0,1.0,10920.0,32607.0,36.33,352.0,7001.0
1786576500068796300,2026/08/13 09:15:00.099,0.0,1.0,10966.0,32607.0,36.49,337.0,7001.0
1786576500615579400,2026/08/13 09:15:00.647,0.0,1.0,11010.0,32607.0,36.51,322.0,7001.0
1786576501162685600,2026/08/13 09:15:01.193,1.0,1.0,11060.0,32607.0,36.64,352.0,7001.0
1786576501709990500,2026/08/13 09:15:01.741,1.0,1.0,11104.0,32607.0,36.68,352.0,7001.0
1786576502253570300,2026/08/13 09:15:02.285,0.0,1.0,11156.0,32607.0,36.92,375.0,7001.0
1786576502800684600,2026/08/13 09:15:02.832,0.0,1.0,11200.0,32607.0,36.89,375.0,7001.0
1786576503348953100,2026/08/13 09:15:03.379,0.0,1.0,11244.0,32607.0,36.97,375.0,7001.0
1786576503895481400,2026/08/13 09:15:03.926,0.0,1.0,11294.0,32607.0,36.92,360.0,7001.0
1786576504441175800,2026/08/13 09:15:04.472,0.0,1.0,11338.0,32607.0,37.13,352.0,7001.0
1786576504989339400,2026/08/13 09:15:05.021,1.0,1.0,11398.0,32607.0,36.87,360.0,7001.0
1786576505535065500,2026/08/13 09:15:05.567,1.0,1.0,11442.0,32607.0,36.63,345.0,7001.0
1786576506082062700,2026/08/13 09:15:06.113,1.0,1.0,11486.0,32607.0,36.71,337.0,7001.0
1786576506627796400,2026/08/13 09:15:06.659,1.0,1.0,11530.0,32607.0,36.69,337.0,7001.0
1786576507176460700,2026/08/13 09:15:07.207,0.0,1.0,11574.0,32607.0,36.62,337.0,7001.0
1786576507721556000,2026/08/13 09:15:07.753,0.0,1.0,11620.0,32607.0,36.68,360.0,7001.0
1786576508269134700,2026/08/13 09:15:08.300,0.0,1.0,11670.0,32607.0,36.66,337.0,7001.0
1786576508817077900,2026/08/13 09:15:08.849,1.0,1.0,11710.0,32607.0,36.46,330.0,7001.0
1786576509363659600,2026/08/13 09:15:09.394,0.0,1.0,11754.0,32607.0,36.5,337.0,7001.0
1786576509911487300,2026/08/13 09:15:09.943,0.0,1.0,11806.0,32607.0,36.58,330.0,7001.0
1786576510458833000,2026/08/13 09:15:10.491,0.0,1.0,11846.0,32607.0,37.03,352.0,7001.0
1786576511005432900,2026/08/13 09:15:11.037,3.0,1.0,11901.0,32607.0,38.13,465.0,7001.0
1786576511552335100,2026/08/13 09:15:11.583,3.0,1.0,11950.0,32607.0,41.57,630.0,7001.0
1786576512100715100,2026/08/13 09:15:12.132,2.0,1.0,12010.0,32607.0,44.08,570.0,7001.0
1786576512650131800,2026/08/13 09:15:12.681,1.0,1.0,12057.0,32607.0,41.99,427.0,7001.0
1786576513195463600,2026/08/13 09:15:13.226,1.0,1.0,12110.0,32607.0,40.14,487.0,7001.0
1786576513744595800,2026/08/13 09:15:13.776,2.0,1.0,12152.0,32607.0,40.35,480.0,7001.0
1786576514292600300,2026/08/13 09:15:14.323,1.0,1.0,12203.0,32607.0,39.27,397.0,7001.0
1786576514836791000,2026/08/13 09:15:14.884,0.0,1.0,12253.0,32607.0,40.03,435.0,7001.0
1786576515397337800,2026/08/13 09:15:15.429,0.0,1.0,12297.0,32607.0,40.1,427.0,7001.0
1786576515948037300,2026/08/13 09:15:15.980,1.0,1.0,12392.0,32607.0,38.4,802.0,7001.0
1786576516500048900,2026/08/13 09:15:16.531,2.0,1.0,12442.0,32607.0,43.93,682.0,7001.0
1786576517046567300,2026/08/13 09:15:17.078,1.0,1.0,12486.0,32607.0,41.26,352.0,7001.0
1786576517588869700,2026/08/13 09:15:17.620,1.0,1.0,12530.0,32607.0,37.44,322.0,7001.0
1786576518135069500,2026/08/13 09:15:18.166,1.0,1.0,12573.0,32607.0,36.79,375.0,7001.0
1786576518681295700,2026/08/13 09:15:18.712,0.0,1.0,12622.0,32607.0,36.71,337.0,7001.0
1786576519230583000,2026/08/13 09:15:19.261,1.0,1.0,12674.0,32607.0,36.93,337.0,7001.0
1786576519778436400,2026/08/13 09:15:19.809,0.0,1.0,12716.0,32607.0,36.83,330.0,7001.0
1786576520324793700,2026/08/13 09:15:20.356,0.0,1.0,12760.0,32607.0,36.41,352.0,7001.0
1786576520871993200,2026/08/13 09:15:20.903,0.0,1.0,12804.0,32607.0,36.38,360.0,7001.0
1786576521425848400,2026/08/13 09:15:21.457,1.0,1.0,12848.0,32607.0,36.33,337.0,7001.0
1786576521972569100,2026/08/13 09:15:22.003,0.0,1.0,12892.0,32607.0,37.07,337.0,7001.0
1786576522520266700,2026/08/13 09:15:22.550,3.0,1.0,12909.0,32607.0,39.73,690.0,7001.0
1786576523067707900,2026/08/13 09:15:23.098,2.0,1.0,12711.0,32607.0,42.89,675.0,7001.0
1786576523612856800,2026/08/13 09:15:23.644,3.0,1.0,12761.0,32607.0,43.81,727.0,7001.0
1786576524159737300,2026/08/13 09:15:24.191,2.0,1.0,12813.0,32607.0,42.27,607.0,7001.0
1786576524709530200,2026/08/13 09:15:24.740,0.0,1.0,12854.0,32607.0,40.3,360.0,7001.0
1786576525258669700,2026/08/13 09:15:25.290,1.0,1.0,12896.0,32607.0,38.03,330.0,7001.0
1786576525803503600,2026/08/13 09:15:25.835,0.0,1.0,12965.0,32607.0,37.96,397.0,7001.0
1786576526348657000,2026/08/13 09:15:26.380,4.0,1.0,13023.0,32607.0,40.41,607.0,7001.0
1786576526893759000,2026/08/13 09:15:26.925,3.0,1.0,13071.0,32607.0,42.49,645.0,7001.0
1786576527437621700,2026/08/13 09:15:27.469,1.0,1.0,13116.0,32607.0,41.26,337.0,7001.0
1786576527982937400,2026/08/13 09:15:28.013,1.0,1.0,13161.0,32607.0,41.31,607.0,7001.0
1786576528529898500,2026/08/13 09:15:28.561,1.0,1.0,13211.0,32607.0,38.9,345.0,7001.0
1786576529075668200,2026/08/13 09:15:29.107,0.0,1.0,13257.0,32607.0,36.62,337.0,7001.0
1786576529623106600,2026/08/13 09:15:29.654,0.0,1.0,13306.0,32607.0,36.62,330.0,7001.0
1786576530165630600,2026/08/13 09:15:30.196,1.0,1.0,13350.0,32607.0,36.64,337.0,7001.0
1786576530711884200,2026/08/13 09:15:30.743,1.0,1.0,13394.0,32607.0,36.69,337.0,7001.0
1786576531259587800,2026/08/13 09:15:31.291,0.0,1.0,13438.0,32607.0,36.58,330.0,7001.0
1786576531803943800,2026/08/13 09:15:31.835,1.0,1.0,13490.0,32607.0,36.35,352.0,7001.0
1786576532347639000,2026/08/13 09:15:32.378,0.0,1.0,13528.0,32607.0,36.47,345.0,7001.0
1786576532894800000,2026/08/13 09:15:32.926,0.0,1.0,13569.0,32607.0,36.65,330.0,7001.0
1786576533442474800,2026/08/13 09:15:33.473,3.0,1.0,13601.0,32607.0,37.6,450.0,7001.0
1786576533990649100,2026/08/13 09:15:34.021,0.0,1.0,13646.0,32607.0,41.44,360.0,7001.0
1786576534537850900,2026/08/13 09:15:34.569,0.0,1.0,13690.0,32607.0,38.13,360.0,7001.0
1786576535084875100,2026/08/13 09:15:35.116,0.0,1.0,13733.0,32607.0,36.43,337.0,7001.0
1786576535627008400,2026/08/13 09:15:35.658,0.0,1.0,13779.0,32607.0,36.42,330.0,7001.0
1786576536175071900,2026/08/13 09:15:36.206,3.0,1.0,13826.0,32607.0,37.91,592.0,7001.0
1786576536720675600,2026/08/13 09:15:36.751,2.0,1.0,13872.0,32607.0,38.85,345.0,7001.0
1786576537266200800,2026/08/13 09:15:37.297,0.0,1.0,13916.0,32607.0,38.55,307.0,7001.0
1786576537811260300,2026/08/13 09:15:37.842,1.0,1.0,13968.0,32607.0,38.1,345.0,7001.0
1786576538357597700,2026/08/13 09:15:38.388,1.0,1.0,14012.0,32607.0,36.7,330.0,7001.0
1786576538905861500,2026/08/13 09:15:38.937,1.0,1.0,14056.0,32607.0,36.51,360.0,7001.0
1786576539450887600,2026/08/13 09:15:39.481,1.0,1.0,14106.0,32607.0,36.65,367.0,7001.0
1786576539995297700,2026/08/13 09:15:40.027,0.0,1.0,14150.0,32607.0,36.55,352.0,7001.0
1786576540540088700,2026/08/13 09:15:40.571,0.0,1.0,14196.0,32607.0,36.66,360.0,7001.0
1786576541085746600,2026/08/13 09:15:41.116,1.0,1.0,14246.0,32607.0,36.9,352.0,7001.0
1786576541633022200,2026/08/13 09:15:41.665,1.0,1.0,14296.0,32607.0,36.72,360.0,7001.0
1786576542181434200,2026/08/13 09:15:42.213,1.0,1.0,14340.0,32607.0,36.67,337.0,7001.0
1786576542730675200,2026/08/13 09:15:42.761,1.0,1.0,14386.0,32607.0,37.01,360.0,7001.0
1786576543276148100,2026/08/13 09:15:43.307,1.0,1.0,14439.0,32607.0,37.2,375.0,7001.0
1786576543821102700,2026/08/13 09:15:43.866,1.0,1.0,14492.0,32607.0,39.56,510.0,7001.0
1786576544386875600,2026/08/13 09:15:44.418,4.0,1.0,14562.0,32607.0,41.64,495.0,7001.0
1786576544933289500,2026/08/13 09:15:44.965,2.0,1.0,14580.0,32607.0,41.34,630.0,7001.0
1786576545482510100,2026/08/13 09:15:45.514,3.0,1.0,14650.0,32607.0,41.21,510.0,7001.0
1786576546029220500,2026/08/13 09:15:46.060,2.0,1.0,14700.0,32607.0,42.85,592.0,7001.0
1786576546579017200,2026/08/13 09:15:46.626,1.0,1.0,14755.0,32607.0,39.92,375.0,7001.0
1786576547147866900,2026/08/13 09:15:47.195,4.0,1.0,14829.0,32607.0,43.28,937.0,7001.0
1786576547711303400,2026/08/13 09:15:47.743,0.0,1.0,14869.0,32607.0,43.85,427.0,7001.0
1786576548258862100,2026/08/13 09:15:48.290,3.0,1.0,14882.0,32607.0,41.7,697.0,7001.0
1786576548804794200,2026/08/13 09:15:48.836,3.0,1.0,14926.0,32607.0,45.15,735.0,7001.0
1786576549352509500,2026/08/13 09:15:49.384,1.0,1.0,14960.0,32607.0,42.88,360.0,7001.0
1786576549900075000,2026/08/13 09:15:49.948,3.0,1.0,15015.0,32607.0,42.21,712.0,7001.0
1786576550464838800,2026/08/13 09:15:50.496,3.0,1.0,15048.0,32607.0,41.17,592.0,7001.0
1786576551007495800,2026/08/13 09:15:51.039,3.0,1.0,15098.0,32607.0,42.12,667.0,7001.0
1786576551555515700,2026/08/13 09:15:51.586,3.0,1.0,15134.0,32607.0,43.52,577.0,7001.0
1786576552099236700,2026/08/13 09:15:52.146,1.0,1.0,15189.0,32607.0,40.82,382.0,7001.0
1786576552661045600,2026/08/13 09:15:52.693,3.0,1.0,15233.0,32607.0,40.25,682.0,7001.0
1786576553207448400,2026/08/13 09:15:53.238,0.0,1.0,15283.0,32607.0,39.15,345.0,7001.0
1786576553752026000,2026/08/13 09:15:53.783,0.0,1.0,15327.0,32607.0,37.27,360.0,7001.0
1786576554293965300,2026/08/13 09:15:54.326,0.0,1.0,15359.0,32607.0,37.51,360.0,7001.0
1786576554839574700,2026/08/13 09:15:54.871,1.0,1.0,15413.0,32607.0,39.78,555.0,7001.0
1786576555388344500,2026/08/13 09:15:55.419,3.0,1.0,15469.0,32607.0,41.68,630.0,7001.0
1786576555933062000,2026/08/13 09:15:55.964,1.0,1.0,15513.0,32607.0,39.17,352.0,7001.0
1786576556478815800,2026/08/13 09:15:56.510,2.0,1.0,15554.0,32607.0,39.87,637.0,7001.0
1786576557023830600,2026/08/13 09:15:57.055,1.0,1.0,15606.0,32607.0,39.7,352.0,7001.0
1786576557569923600,2026/08/13 09:15:57.616,0.0,1.0,15654.0,32607.0,37.26,337.0,7001.0
1786576558132905600,2026/08/13 09:15:58.163,3.0,1.0,15712.0,32607.0,40.78,615.0,7001.0
1786576558674032600,2026/08/13 09:15:58.705,1.0,1.0,15755.0,32607.0,42.53,540.0,7001.0
1786576559220374500,2026/08/13 09:15:59.252,1.0,1.0,15812.0,32607.0,39.88,375.0,7001.0
1786576559769115300,2026/08/13 09:15:59.800,1.0,1.0,15836.0,32607.0,39.46,480.0,7001.0
1786576560316335400,2026/08/13 09:16:00.346,1.0,1.0,15882.0,32607.0,40.37,472.0,7001.0
1786576560861144000,2026/08/13 09:16:00.892,2.0,1.0,15920.0,32607.0,39.99,450.0,7001.0
1786576561408608000,2026/08/13 09:16:01.440,1.0,1.0,15970.0,32607.0,39.09,390.0,7001.0
1786576561955791000,2026/08/13 09:16:01.987,0.0,1.0,16016.0,32607.0,38.74,382.0,7001.0
1786576562503310900,2026/08/13 09:16:02.535,1.0,1.0,16059.0,32607.0,38.46,472.0,7001.0
1786576563049777100,2026/08/13 09:16:03.080,1.0,1.0,16100.0,32607.0,38.45,390.0,7001.0
1786576563596386600,2026/08/13 09:16:03.627,3.0,1.0,16146.0,32607.0,40.97,630.0,7001.0
1786576564141207900,2026/08/13 09:16:04.172,2.0,1.0,16198.0,32607.0,43.03,570.0,7001.0
1786576564688490300,2026/08/13 09:16:04.719,2.0,1.0,16257.0,32607.0,41.97,517.0,7001.0
1786576565235710900,2026/08/13 09:16:05.267,2.0,1.0,16309.0,32607.0,42.46,502.0,7001.0
1786576565784535700,2026/08/13 09:16:05.816,3.0,1.0,16353.0,32607.0,42.87,585.0,7001.0
1786576566329255900,2026/08/13 09:16:06.360,2.0,1.0,16398.0,32607.0,41.77,510.0,7001.0
1786576566878116400,2026/08/13 09:16:06.908,4.0,1.0,16449.0,32607.0,42.47,690.0,7001.0
1786576567422656100,2026/08/13 09:16:07.454,3.0,1.0,16493.0,32607.0,44.95,810.0,7001.0
1786576567965093600,2026/08/13 09:16:07.997,0.0,1.0,16543.0,32607.0,40.81,480.0,7001.0
1786576568512029300,2026/08/13 09:16:08.542,0.0,1.0,16593.0,32607.0,38.1,352.0,7001.0
1786576569058084200,2026/08/13 09:16:09.089,1.0,1.0,16637.0,32607.0,37.08,330.0,7001.0
1786576569605253400,2026/08/13 09:16:09.636,1.0,1.0,16687.0,32607.0,38.09,360.0,7001.0
1786576570152181000,2026/08/13 09:16:10.182,2.0,1.0,16725.0,32607.0,38.73,397.0,7001.0
1786576570697800000,2026/08/13 09:16:10.728,1.0,1.0,16776.0,32607.0,39.32,457.0,7001.0
1786576571243753000,2026/08/13 09:16:11.275,1.0,1.0,16818.0,32607.0,39.29,375.0,7001.0
1786576571790409200,2026/08/13 09:16:11.821,1.0,1.0,16868.0,32607.0,37.84,360.0,7001.0
1786576572337119200,2026/08/13 09:16:12.367,1.0,1.0,16910.0,32607.0,37.91,352.0,7001.0
1786576572881713500,2026/08/13 09:16:12.928,3.0,1.0,16949.0,32607.0,38.8,517.0,7001.0
1786576573443616900,2026/08/13 09:16:13.475,1.0,1.0,16989.0,32607.0,40.16,502.0,7001.0
1786576573989883800,2026/08/13 09:16:14.020,3.0,1.0,17039.0,32607.0,41.09,480.0,7001.0
1786576574535098800,2026/08/13 09:16:14.566,3.0,1.0,17107.0,32607.0,43.59,915.0,7001.0
1786576575082344800,2026/08/13 09:16:15.114,3.0,1.0,17158.0,32607.0,45.0,645.0,7001.0
1786576575631629500,2026/08/13 09:16:15.676,1.0,1.0,17224.0,32607.0,42.69,390.0,7001.0
1786576576189761600,2026/08/13 09:16:16.220,3.0,1.0,17290.0,32607.0,41.98,607.0,7001.0
1786576576735970800,2026/08/13 09:16:16.767,2.0,1.0,17331.0,32607.0,41.97,472.0,7001.0
1786576577280103900,2026/08/13 09:16:17.310,1.0,1.0,17380.0,32607.0,39.63,337.0,7001.0
1786576577822296900,2026/08/13 09:16:17.853,2.0,1.0,17427.0,32607.0,39.36,532.0,7001.0
1786576578368019100,2026/08/13 09:16:18.399,2.0,1.0,17470.0,32607.0,41.54,585.0,7001.0
1786576578913670700,2026/08/13 09:16:18.945,2.0,1.0,17520.0,32607.0,41.53,480.0,7001.0
1786576579458529700,2026/08/13 09:16:19.490,3.0,1.0,17564.0,32607.0,40.64,525.0,7001.0
1786576580006291100,2026/08/13 09:16:20.038,0.0,1.0,17608.0,32607.0,40.48,442.0,7001.0
1786576580550800800,2026/08/13 09:16:20.582,0.0,1.0,17660.0,32607.0,38.44,337.0,7001.0
1786576581097400300,2026/08/13 09:16:21.128,1.0,1.0,17703.0,32607.0,37.38,375.0,7001.0
1786576581643395700,2026/08/13 09:16:21.675,0.0,1.0,17764.0,32607.0,37.44,352.0,7001.0
1786576582191260100,2026/08/13 09:16:22.222,2.0,1.0,17798.0,32607.0,40.58,585.0,7001.0
1786576582739318900,2026/08/13 09:16:22.770,0.0,1.0,17844.0,32607.0,40.35,375.0,7001.0
1786576583284761900,2026/08/13 09:16:23.316,2.0,1.0,17914.0,32607.0,37.73,412.0,7001.0
1786576583830362500,2026/08/13 09:16:23.861,1.0,1.0,17958.0,32607.0,37.49,397.0,7001.0
1786576584378782000,2026/08/13 09:16:24.409,1.0,1.0,18009.0,32607.0,37.49,352.0,7001.0
1786576584922857200,2026/08/13 09:16:24.954,7.0,1.0,18049.0,32607.0,41.44,667.0,7001.0
1786576585467809600,2026/08/13 09:16:25.499,3.0,1.0,18093.0,32607.0,42.19,615.0,7001.0
1786576586018045600,2026/08/13 09:16:26.049,1.0,1.0,18131.0,32607.0,40.5,360.0,7001.0
1786576586561635500,2026/08/13 09:16:26.592,0.0,1.0,18177.0,32607.0,37.78,352.0,7001.0
1786576587109008900,2026/08/13 09:16:27.140,3.0,1.0,18221.0,32607.0,38.73,457.0,7001.0
1786576587656519700,2026/08/13 09:16:27.687,3.0,1.0,18282.0,32607.0,40.04,562.0,7001.0
1786576588200523200,2026/08/13 09:16:28.232,0.0,1.0,18324.0,32607.0,41.72,547.0,7001.0
1786576588746763800,2026/08/13 09:16:28.778,0.0,1.0,18368.0,32607.0,40.71,352.0,7001.0
1786576589294394600,2026/08/13 09:16:29.326,0.0,1.0,18412.0,32607.0,37.22,352.0,7001.0
1786576589840198500,2026/08/13 09:16:29.870,3.0,1.0,18456.0,32607.0,38.8,555.0,7001.0
1786576590386220000,2026/08/13 09:16:30.417,1.0,1.0,18508.0,32607.0,39.3,360.0,7001.0
1786576590930552100,2026/08/13 09:16:30.961,1.0,1.0,18546.0,32607.0,38.17,337.0,7001.0
1786576591475897200,2026/08/13 09:16:31.507,0.0,1.0,18590.0,32607.0,37.8,360.0,7001.0
1786576592023112400,2026/08/13 09:16:32.054,1.0,1.0,18634.0,32607.0,37.62,367.0,7001.0
1786576592568095800,2026/08/13 09:16:32.599,1.0,1.0,18672.0,32607.0,37.6,360.0,7001.0
1786576593113929900,2026/08/13 09:16:33.145,0.0,1.0,18716.0,32607.0,37.47,360.0,7001.0
1786576593660132400,2026/08/13 09:16:33.691,0.0,1.0,18768.0,32607.0,37.59,352.0,7001.0
1786576594206499700,2026/08/13 09:16:34.237,1.0,1.0,18812.0,32607.0,38.01,382.0,7001.0
1786576594755887700,2026/08/13 09:16:34.786,1.0,1.0,18856.0,32607.0,37.91,360.0,7001.0
1786576595301778200,2026/08/13 09:16:35.333,1.0,1.0,18900.0,32607.0,37.86,375.0,7001.0
1786576595849927500,2026/08/13 09:16:35.881,1.0,1.0,18950.0,32607.0,38.19,375.0,7001.0
1786576596397536000,2026/08/13 09:16:36.428,1.0,1.0,18996.0,32607.0,38.03,360.0,7001.0
1786576596946099000,2026/08/13 09:16:36.977,1.0,1.0,19039.0,32607.0,37.71,360.0,7001.0
1786576597492379800,2026/08/13 09:16:37.524,3.0,1.0,19060.0,32607.0,42.4,652.0,7001.0
1786576598040060400,2026/08/13 09:16:38.070,3.0,1.0,19104.0,32607.0,44.26,570.0,7001.0
1786576598589092400,2026/08/13 09:16:38.620,3.0,1.0,19177.0,32607.0,42.9,712.0,7001.0
1786576599133902900,2026/08/13 09:16:39.165,0.0,1.0,19226.0,32607.0,42.03,435.0,7001.0
1786576599683927200,2026/08/13 09:16:39.715,2.0,1.0,19278.0,32607.0,40.36,420.0,7001.0
1786576600230090900,2026/08/13 09:16:40.262,1.0,1.0,19322.0,32607.0,38.57,337.0,7001.0
1786576600777232200,2026/08/13 09:16:40.808,0.0,1.0,19361.0,32607.0,39.05,442.0,7001.0
1786576601323605900,2026/08/13 09:16:41.353,2.0,1.0,19369.0,32607.0,40.78,637.0,7001.0
1786576601865654200,2026/08/13 09:16:41.896,2.0,1.0,19390.0,32607.0,41.84,510.0,7001.0
1786576602411436000,2026/08/13 09:16:42.443,2.0,1.0,19427.0,32607.0,41.06,487.0,7001.0
1786576602960081800,2026/08/13 09:16:42.990,3.0,1.0,19483.0,32607.0,41.94,652.0,7001.0
1786576603509266400,2026/08/13 09:16:43.541,3.0,1.0,19509.0,32607.0,42.56,502.0,7001.0
1786576604055806300,2026/08/13 09:16:44.101,3.0,1.0,19553.0,32607.0,42.41,525.0,7001.0
1786576604615522500,2026/08/13 09:16:44.646,3.0,1.0,19597.0,32607.0,42.65,547.0,7001.0
1786576605154150300,2026/08/13 09:16:45.185,3.0,1.0,19610.0,32607.0,42.96,555.0,7001.0
1786576605706318500,2026/08/13 09:16:45.737,27.0,8.0,19618.0,32607.0,49.03,525.0,7001.0
1786576606268713800,2026/08/13 09:16:46.300,3.0,1.0,19616.0,32607.0,49.53,705.0,7001.0
1786576606835549900,2026/08/13 09:16:46.867,3.0,1.0,19616.0,32607.0,49.58,667.0,7001.0
1786576607399347300,2026/08/13 09:16:47.430,3.0,1.0,19613.0,32607.0,42.47,637.0,7001.0
1786576607960215900,2026/08/13 09:16:47.991,2.0,1.0,19603.0,32607.0,42.32,570.0,7001.0
1786576608527804700,2026/08/13 09:16:48.559,2.0,1.0,19601.0,32607.0,41.95,502.0,7001.0
1786576609081839000,2026/08/13 09:16:49.113,2.0,1.0,19601.0,32607.0,41.7,517.0,7001.0
1786576609650551100,2026/08/13 09:16:49.682,3.0,1.0,19614.0,32607.0,42.36,592.0,7001.0
1786576610218569600,2026/08/13 09:16:50.250,2.0,1.0,19614.0,32607.0,42.44,525.0,7001.0
1786576610772590500,2026/08/13 09:16:50.803,3.0,1.0,19620.0,32607.0,42.31,547.0,7001.0
1786576611311734100,2026/08/13 09:16:51.343,2.0,1.0,19627.0,32607.0,41.49,517.0,7001.0
1786576611880958000,2026/08/13 09:16:51.912,2.0,1.0,19627.0,32607.0,42.53,652.0,7001.0
1786576612433122600,2026/08/13 09:16:52.465,2.0,1.0,19627.0,32607.0,43.16,562.0,7001.0
1786576612985309900,2026/08/13 09:16:53.016,3.0,1.0,19627.0,32607.0,43.75,660.0,7001.0
1786576613555179500,2026/08/13 09:16:53.584,2.0,1.0,19619.0,32607.0,43.67,540.0,7001.0
1786576614092969900,2026/08/13 09:16:54.124,78.0,16.0,19627.0,32607.0,118.1,2700.0,14001.0
1786576614645798400,2026/08/13 09:16:54.677,77.0,9.0,19627.0,32607.0,245.61,2797.0,14001.0
1786576615197685800,2026/08/13 09:16:55.229,4.0,1.0,5015.0,32607.0,262.37,2850.0,14001.0
1786576615760857000,2026/08/13 09:16:56.036,2.0,1.0,2217.0,32607.0,95.74,2872.0,14001.0
1786576616571138700,2026/08/13 09:16:56.601,3.0,1.0,2217.0,32607.0,93.21,2872.0,7001.0
1786576617124119800,2026/08/13 09:16:57.156,3.0,1.0,2212.0,32607.0,73.44,1095.0,7001.0
1786576617674370300,2026/08/13 09:16:57.705,3.0,1.0,2226.0,32607.0,48.67,990.0,7001.0
1786576618212671000,2026/08/13 09:16:58.244,3.0,1.0,2257.0,32607.0,47.16,922.0,7001.0
1786576618764930200,2026/08/13 09:16:58.796,3.0,1.0,2306.0,32607.0,46.36,855.0,7001.0
1786576619317004200,2026/08/13 09:16:59.347,3.0,1.0,2311.0,32607.0,46.58,900.0,7001.0
1786576619855247000,2026/08/13 09:16:59.887,3.0,1.0,2305.0,32607.0,47.36,870.0,7001.0
1786576620394048600,2026/08/13 09:17:00.426,2.0,1.0,2298.0,32607.0,46.99,765.0,7001.0
1786576620947310200,2026/08/13 09:17:00.978,2.0,1.0,2281.0,32607.0,44.27,600.0,7001.0
1786576621489221800,2026/08/13 09:17:01.520,3.0,1.0,2365.0,32607.0,44.07,690.0,7001.0
1786576622028633800,2026/08/13 09:17:02.060,2.0,1.0,2366.0,32607.0,44.16,540.0,7001.0
1786576622567888500,2026/08/13 09:17:02.599,2.0,1.0,2369.0,32607.0,42.82,547.0,7001.0
1786576623106412600,2026/08/13 09:17:03.153,2.0,1.0,2367.0,32607.0,42.0,495.0,7001.0
1786576623662273700,2026/08/13 09:17:03.708,2.0,1.0,2449.0,32607.0,41.72,495.0,7001.0
1786576624218081800,2026/08/13 09:17:04.249,2.0,1.0,2488.0,32607.0,42.3,547.0,7001.0
1786576624757487000,2026/08/13 09:17:04.789,0.0,1.0,2504.0,32607.0,41.8,337.0,7001.0
1786576625309193400,2026/08/13 09:17:05.341,1.0,1.0,2512.0,32607.0,39.01,330.0,7001.0
1786576625850212600,2026/08/13 09:17:05.882,2.0,1.0,2549.0,32607.0,40.83,622.0,7001.0
1786576626393142400,2026/08/13 09:17:06.425,3.0,1.0,2550.0,32607.0,43.44,742.0,7001.0
1786576626946913000,2026/08/13 09:17:06.978,2.0,1.0,2553.0,32607.0,43.46,630.0,7001.0
1786576627487286500,2026/08/13 09:17:07.517,1.0,1.0,2593.0,32607.0,44.03,487.0,7001.0
1786576628025429800,2026/08/13 09:17:08.057,1.0,1.0,2594.0,32607.0,42.66,375.0,7001.0
1786576628565574000,2026/08/13 09:17:08.597,0.0,1.0,2641.0,32607.0,41.63,375.0,7001.0
1786576629106139600,2026/08/13 09:17:09.138,0.0,1.0,2681.0,32607.0,39.59,352.0,7001.0
1786576629658401200,2026/08/13 09:17:09.690,0.0,1.0,2719.0,32607.0,37.61,375.0,7001.0
1786576630199924200,2026/08/13 09:17:10.231,1.0,1.0,2758.0,32607.0,37.55,345.0,7001.0
1786576630742150700,2026/08/13 09:17:10.774,1.0,1.0,2807.0,32607.0,37.9,397.0,7001.0
1786576631281443300,2026/08/13 09:17:11.312,1.0,1.0,2845.0,32607.0,38.18,360.0,7001.0
1786576631831391600,2026/08/13 09:17:11.863,1.0,1.0,2895.0,32607.0,38.3,390.0,7001.0
1786576632370161100,2026/08/13 09:17:12.401,1.0,1.0,2936.0,32607.0,38.08,337.0,7001.0
1786576632908412300,2026/08/13 09:17:12.940,0.0,1.0,2980.0,32607.0,37.67,337.0,7001.0
1786576633450189400,2026/08/13 09:17:13.481,0.0,1.0,3017.0,32607.0,37.51,330.0,7001.0
1786576634000516200,2026/08/13 09:17:14.032,0.0,1.0,3066.0,32607.0,37.84,367.0,7001.0
1786576634543370400,2026/08/13 09:17:14.575,1.0,1.0,3103.0,32607.0,37.99,337.0,7001.0
1786576635083202100,2026/08/13 09:17:15.113,1.0,1.0,3146.0,32607.0,38.22,375.0,7001.0
1786576635621720400,2026/08/13 09:17:15.653,0.0,1.0,3192.0,32607.0,38.47,352.0,7001.0
1786576636174691900,2026/08/13 09:17:16.206,1.0,1.0,3235.0,32607.0,38.51,382.0,7001.0
1786576636727826200,2026/08/13 09:17:16.759,0.0,1.0,3278.0,32607.0,38.18,352.0,7001.0
1786576637281289900,2026/08/13 09:17:17.312,1.0,1.0,3327.0,32607.0,37.72,337.0,7001.0
1786576637833984600,2026/08/13 09:17:17.865,1.0,1.0,3371.0,32607.0,37.92,367.0,7001.0
1786576638374101500,2026/08/13 09:17:18.405,0.0,1.0,3415.0,32607.0,37.97,375.0,7001.0
1786576638912622500,2026/08/13 09:17:18.944,1.0,1.0,3452.0,32607.0,37.88,367.0,7001.0
1786576639453806200,2026/08/13 09:17:19.485,1.0,1.0,3494.0,32607.0,37.98,360.0,7001.0
1786576639992495700,2026/08/13 09:17:20.024,1.0,1.0,3531.0,32607.0,38.0,330.0,7001.0
1786576640541771500,2026/08/13 09:17:20.573,1.0,1.0,3573.0,32607.0,37.72,337.0,7001.0
1786576641081327200,2026/08/13 09:17:21.112,0.0,1.0,3615.0,32607.0,37.81,337.0,7001.0
1786576641621382200,2026/08/13 09:17:21.652,0.0,1.0,3650.0,32607.0,37.96,322.0,7001.0
1786576642159878200,2026/08/13 09:17:22.191,0.0,1.0,3695.0,32607.0,37.95,360.0,7001.0
1786576642698788800,2026/08/13 09:17:22.730,1.0,1.0,3745.0,32607.0,38.34,352.0,7001.0
1786576643238230000,2026/08/13 09:17:23.270,0.0,1.0,3788.0,32607.0,38.41,352.0,7001.0
1786576643777700700,2026/08/13 09:17:23.809,0.0,1.0,3832.0,32607.0,38.29,352.0,7001.0
1786576644316807300,2026/08/13 09:17:24.347,1.0,1.0,3875.0,32607.0,38.2,360.0,7001.0
1786576644854089800,2026/08/13 09:17:24.886,0.0,1.0,3919.0,32607.0,37.85,397.0,7001.0
1786576645393336600,2026/08/13 09:17:25.440,1.0,1.0,3965.0,32607.0,38.01,375.0,7001.0
1786576645947872300,2026/08/13 09:17:25.979,1.0,1.0,4003.0,32607.0,38.15,390.0,7001.0
1786576646486176900,2026/08/13 09:17:26.517,0.0,1.0,4046.0,32607.0,37.86,405.0,7001.0
1786576647039135000,2026/08/13 09:17:27.071,1.0,1.0,4096.0,32607.0,37.86,345.0,7001.0
1786576647592597500,2026/08/13 09:17:27.624,1.0,1.0,4132.0,32607.0,37.94,360.0,7001.0
1786576648131568900,2026/08/13 09:17:28.163,1.0,1.0,4177.0,32607.0,38.1,367.0,7001.0
1786576648680389100,2026/08/13 09:17:28.727,1.0,1.0,4226.0,32607.0,38.08,352.0,7001.0
1786576649241602300,2026/08/13 09:17:29.272,1.0,1.0,4267.0,32607.0,37.73,337.0,7001.0
1786576649792592300,2026/08/13 09:17:29.824,1.0,1.0,4311.0,32607.0,37.72,360.0,7001.0
1786576650338388100,2026/08/13 09:17:30.369,0.0,1.0,4360.0,32607.0,37.8,322.0,7001.0
1786576650887413500,2026/08/13 09:17:30.919,0.0,1.0,4406.0,32607.0,37.92,352.0,7001.0
1786576651434299500,2026/08/13 09:17:31.465,0.0,1.0,4444.0,32607.0,37.92,375.0,7001.0
1786576651978117600,2026/08/13 09:17:32.009,0.0,1.0,4487.0,32607.0,37.92,352.0,7001.0
1786576652523486300,2026/08/13 09:17:32.554,1.0,1.0,4531.0,32607.0,37.85,360.0,7001.0
1786576653071848100,2026/08/13 09:17:33.103,0.0,1.0,4569.0,32607.0,37.7,330.0,7001.0
1786576653610830800,2026/08/13 09:17:33.642,0.0,0.0,4610.0,32607.0,37.99,420.0,7001.0
1786576654148641400,2026/08/13 09:17:34.179,1.0,1.0,4658.0,32607.0,38.28,352.0,7001.0
1786576654694251600,2026/08/13 09:17:34.725,1.0,1.0,4691.0,32607.0,38.07,367.0,7001.0
1786576655240212300,2026/08/13 09:17:35.271,0.0,1.0,4737.0,32607.0,37.57,367.0,7001.0
1786576655784072100,2026/08/13 09:17:35.815,1.0,1.0,4787.0,32607.0,37.41,360.0,7001.0
1786576656333406600,2026/08/13 09:17:36.365,1.0,1.0,4831.0,32607.0,37.55,345.0,7001.0
1786576656881091000,2026/08/13 09:17:36.912,1.0,1.0,4875.0,32607.0,37.5,360.0,7001.0
1786576657427799700,2026/08/13 09:17:37.458,1.0,1.0,4927.0,32607.0,37.48,367.0,7001.0
1786576657972992500,2026/08/13 09:17:38.004,1.0,1.0,4971.0,32607.0,37.62,352.0,7001.0
1786576658519327700,2026/08/13 09:17:38.550,1.0,1.0,5009.0,32607.0,37.37,337.0,7001.0
1786576659066513900,2026/08/13 09:17:39.112,0.0,1.0,5059.0,32607.0,37.68,352.0,7001.0
1786576659626572700,2026/08/13 09:17:39.657,1.0,1.0,5103.0,32607.0,37.9,352.0,7001.0
1786576660170021800,2026/08/13 09:17:40.202,1.0,1.0,5147.0,32607.0,38.04,360.0,7001.0
1786576660709362600,2026/08/13 09:17:40.740,0.0,0.0,5193.0,32607.0,38.17,390.0,7001.0
1786576661248250800,2026/08/13 09:17:41.280,0.0,1.0,5243.0,32607.0,37.81,345.0,7001.0
1786576661792533500,2026/08/13 09:17:41.822,0.0,1.0,5293.0,32607.0,37.59,345.0,7001.0
1786576662339520900,2026/08/13 09:17:42.371,1.0,1.0,5337.0,32607.0,37.76,375.0,7001.0
1786576662883654700,2026/08/13 09:17:42.915,0.0,1.0,5383.0,32607.0,37.41,382.0,7001.0
1786576663430175700,2026/08/13 09:17:43.461,0.0,1.0,5427.0,32607.0,37.59,352.0,7001.0
1786576663979351500,2026/08/13 09:17:44.010,0.0,1.0,5477.0,32607.0,38.13,382.0,7001.0
1786576664523351700,2026/08/13 09:17:44.554,1.0,1.0,5527.0,32607.0,38.39,382.0,7001.0
1786576665067319600,2026/08/13 09:17:45.098,1.0,1.0,5573.0,32607.0,38.67,367.0,7001.0
1786576665614166800,2026/08/13 09:17:45.645,1.0,1.0,5617.0,32607.0,38.83,375.0,7001.0
1786576666160184300,2026/08/13 09:17:46.191,1.0,1.0,5667.0,32607.0,38.75,360.0,7001.0
1786576666698313800,2026/08/13 09:17:46.730,2.0,1.0,5717.0,32607.0,38.53,382.0,7001.0
1786576667246212100,2026/08/13 09:17:47.276,0.0,0.0,5763.0,32607.0,38.57,382.0,7001.0
1786576667792856400,2026/08/13 09:17:47.824,0.0,1.0,5813.0,32607.0,38.06,360.0,7001.0
1786576668339976300,2026/08/13 09:17:48.370,0.0,1.0,5857.0,32607.0,37.82,367.0,7001.0
1786576668886235100,2026/08/13 09:17:48.932,0.0,1.0,5907.0,32607.0,37.67,360.0,7001.0
1786576669449065200,2026/08/13 09:17:49.480,0.0,1.0,5953.0,32607.0,37.77,330.0,7001.0
1786576669995405500,2026/08/13 09:17:50.026,1.0,1.0,6003.0,32607.0,37.87,352.0,7001.0
1786576670542854100,2026/08/13 09:17:50.574,0.0,1.0,6041.0,32607.0,37.97,352.0,7001.0
1786576671091516400,2026/08/13 09:17:51.138,0.0,1.0,6091.0,32607.0,37.92,375.0,7001.0
1786576671653046100,2026/08/13 09:17:51.684,0.0,1.0,6143.0,32607.0,37.97,367.0,7001.0
1786576672198619300,2026/08/13 09:17:52.228,0.0,1.0,6187.0,32607.0,37.93,345.0,7001.0
1786576672743025000,2026/08/13 09:17:52.774,0.0,1.0,6231.0,32607.0,37.97,352.0,7001.0
1786576673290400700,2026/08/13 09:17:53.335,1.0,1.0,6281.0,32607.0,38.14,390.0,7001.0
1786576673851611000,2026/08/13 09:17:53.883,1.0,1.0,6327.0,32607.0,38.21,382.0,7001.0
1786576674397099600,2026/08/13 09:17:54.428,1.0,1.0,6377.0,32607.0,38.32,382.0,7001.0
1786576674938639700,2026/08/13 09:17:54.969,1.0,1.0,6415.0,32607.0,38.29,367.0,7001.0
1786576675485470200,2026/08/13 09:17:55.517,0.0,1.0,6465.0,32607.0,37.98,352.0,7001.0
1786576676031269900,2026/08/13 09:17:56.062,0.0,1.0,6509.0,32607.0,38.14,337.0,7001.0
1786576676580312400,2026/08/13 09:17:56.611,1.0,1.0,6561.0,32607.0,38.12,360.0,7001.0
1786576677124224400,2026/08/13 09:17:57.155,1.0,1.0,6611.0,32607.0,38.09,360.0,7001.0
1786576677671335400,2026/08/13 09:17:57.703,1.0,1.0,6655.0,32607.0,38.32,360.0,7001.0
1786576678220313800,2026/08/13 09:17:58.251,1.0,1.0,6699.0,32607.0,38.38,360.0,7001.0
1786576678770553200,2026/08/13 09:17:58.802,1.0,1.0,6751.0,32607.0,38.58,375.0,7001.0
1786576679319522100,2026/08/13 09:17:59.350,1.0,1.0,6801.0,32607.0,38.77,382.0,7001.0
1786576679870138000,2026/08/13 09:17:59.902,0.0,1.0,6845.0,32607.0,38.28,337.0,7001.0
1786576680421055400,2026/08/13 09:18:00.453,1.0,1.0,6895.0,32607.0,37.69,367.0,7001.0
1786576680971710200,2026/08/13 09:18:01.003,2.0,1.0,7011.0,32607.0,39.76,517.0,7001.0
1786576681519044600,2026/08/13 09:18:01.550,2.0,1.0,7047.0,32607.0,42.17,525.0,7001.0
1786576682062624900,2026/08/13 09:18:02.093,1.0,1.0,7091.0,32607.0,41.6,487.0,7001.0
1786576682606965800,2026/08/13 09:18:02.639,2.0,1.0,7125.0,32607.0,41.33,510.0,7001.0
1786576683159805800,2026/08/13 09:18:03.191,2.0,1.0,7161.0,32607.0,41.42,495.0,7001.0
1786576683710759800,2026/08/13 09:18:03.742,2.0,1.0,7206.0,32607.0,41.59,510.0,7001.0
1786576684262050500,2026/08/13 09:18:04.293,1.0,1.0,7256.0,32607.0,41.45,465.0,7001.0
1786576684807676000,2026/08/13 09:18:04.839,1.0,1.0,7298.0,32607.0,41.12,502.0,7001.0
1786576685351396600,2026/08/13 09:18:05.383,1.0,1.0,7344.0,32607.0,41.42,487.0,7001.0
1786576685899368600,2026/08/13 09:18:05.931,1.0,1.0,7372.0,32607.0,41.26,472.0,7001.0
1786576686445201700,2026/08/13 09:18:06.476,1.0,1.0,7412.0,32607.0,41.72,487.0,7001.0
1786576686989018400,2026/08/13 09:18:07.021,1.0,1.0,7456.0,32607.0,41.91,495.0,7001.0
1786576687533068900,2026/08/13 09:18:07.564,1.0,1.0,7500.0,32607.0,42.14,510.0,7001.0
1786576688080458700,2026/08/13 09:18:08.111,1.0,1.0,7543.0,32607.0,41.94,487.0,7001.0
1786576688626512000,2026/08/13 09:18:08.658,1.0,1.0,7581.0,32607.0,41.84,502.0,7001.0
1786576689172538300,2026/08/13 09:18:09.203,1.0,1.0,7629.0,32607.0,41.76,517.0,7001.0
1786576689715105800,2026/08/13 09:18:09.746,1.0,1.0,7673.0,32607.0,41.49,502.0,7001.0
1786576690261167000,2026/08/13 09:18:10.307,1.0,1.0,7713.0,32607.0,41.15,510.0,7001.0
1786576690820835900,2026/08/13 09:18:10.852,1.0,1.0,7763.0,32607.0,41.27,495.0,7001.0
1786576691367655600,2026/08/13 09:18:11.399,2.0,1.0,7807.0,32607.0,41.72,472.0,7001.0
1786576691915395800,2026/08/13 09:18:11.946,2.0,1.0,7851.0,32607.0,41.74,487.0,7001.0
1786576692461561600,2026/08/13 09:18:12.493,2.0,1.0,7903.0,32607.0,41.67,480.0,7001.0
1786576693006392000,2026/08/13 09:18:13.037,2.0,1.0,7947.0,32607.0,41.37,495.0,7001.0
1786576693555031300,2026/08/13 09:18:13.586,2.0,1.0,7991.0,32607.0,41.15,510.0,7001.0
1786576694103896000,2026/08/13 09:18:14.135,1.0,1.0,8035.0,32607.0,41.54,480.0,7001.0
1786576694648041800,2026/08/13 09:18:14.679,1.0,1.0,8081.0,32607.0,41.48,487.0,7001.0
1786576695196440200,2026/08/13 09:18:15.228,1.0,1.0,8131.0,32607.0,41.35,472.0,7001.0
1786576695740379100,2026/08/13 09:18:15.771,1.0,1.0,8175.0,32607.0,41.15,472.0,7001.0
1786576696289035100,2026/08/13 09:18:16.320,1.0,1.0,8219.0,32607.0,39.99,330.0,7001.0
1786576696838086700,2026/08/13 09:18:16.870,0.0,1.0,8260.0,32607.0,38.53,337.0,7001.0
1786576697386186800,2026/08/13 09:18:17.417,0.0,1.0,8306.0,32607.0,38.1,360.0,7001.0
1786576697933750300,2026/08/13 09:18:17.965,0.0,1.0,8350.0,32607.0,38.11,352.0,7001.0
1786576698480704100,2026/08/13 09:18:18.512,0.0,1.0,8394.0,32607.0,38.08,352.0,7001.0
1786576699027547800,2026/08/13 09:18:19.059,0.0,1.0,8438.0,32607.0,38.01,352.0,7001.0
1786576699574194800,2026/08/13 09:18:19.606,1.0,1.0,8488.0,32607.0,38.19,360.0,7001.0
1786576700120490700,2026/08/13 09:18:20.152,1.0,1.0,8534.0,32607.0,38.38,390.0,7001.0
1786576700669743000,2026/08/13 09:18:20.700,1.0,1.0,8584.0,32607.0,38.34,345.0,7001.0
1786576701218098300,2026/08/13 09:18:21.249,1.0,1.0,8622.0,32607.0,38.23,352.0,7001.0
1786576701766767700,2026/08/13 09:18:21.798,1.0,1.0,8666.0,32607.0,38.29,337.0,7001.0
1786576702310960200,2026/08/13 09:18:22.342,1.0,1.0,8710.0,32607.0,38.35,322.0,7001.0
1786576702860400100,2026/08/13 09:18:22.892,0.0,1.0,8759.0,32607.0,38.44,330.0,7001.0
1786576703406713200,2026/08/13 09:18:23.438,2.0,1.0,8840.0,32607.0,40.07,397.0,7001.0
1786576703951741700,2026/08/13 09:18:23.983,3.0,1.0,8885.0,32607.0,42.64,540.0,7001.0
1786576704497785500,2026/08/13 09:18:24.528,0.0,1.0,8929.0,32607.0,42.42,450.0,7001.0
1786576705041726300,2026/08/13 09:18:25.073,0.0,1.0,8961.0,32607.0,39.8,345.0,7001.0
1786576705590185500,2026/08/13 09:18:25.622,0.0,1.0,9005.0,32607.0,38.12,330.0,7001.0
1786576706137325000,2026/08/13 09:18:26.168,1.0,1.0,9049.0,32607.0,38.02,345.0,7001.0
1786576706684856900,2026/08/13 09:18:26.715,1.0,1.0,9088.0,32607.0,38.23,375.0,7001.0
1786576707232952700,2026/08/13 09:18:27.264,1.0,1.0,9141.0,32607.0,39.61,532.0,7001.0
1786576707779137000,2026/08/13 09:18:27.810,2.0,1.0,9233.0,32607.0,42.76,727.0,7001.0
1786576708329610500,2026/08/13 09:18:28.361,3.0,1.0,9273.0,32607.0,42.03,442.0,7001.0
1786576708875126800,2026/08/13 09:18:28.906,2.0,1.0,9320.0,32607.0,40.52,420.0,7001.0
1786576709417427400,2026/08/13 09:18:29.449,0.0,1.0,9366.0,32607.0,40.21,315.0,7001.0
1786576709964459400,2026/08/13 09:18:29.996,0.0,1.0,9417.0,32607.0,38.19,337.0,7001.0
1786576710513046400,2026/08/13 09:18:30.544,4.0,1.0,9453.0,32607.0,41.81,607.0,7001.0
1786576711058978300,2026/08/13 09:18:31.089,3.0,1.0,9524.0,32607.0,43.07,525.0,7001.0
1786576711603185300,2026/08/13 09:18:31.635,3.0,1.0,9554.0,32607.0,42.73,457.0,7001.0
1786576712151228900,2026/08/13 09:18:32.182,3.0,1.0,9598.0,32607.0,43.92,652.0,7001.0
1786576712699420900,2026/08/13 09:18:32.731,1.0,1.0,9644.0,32607.0,44.9,615.0,7001.0
1786576713248742900,2026/08/13 09:18:33.278,3.0,1.0,9703.0,32607.0,42.62,495.0,7001.0
1786576713793194100,2026/08/13 09:18:33.824,0.0,1.0,9735.0,32607.0,40.21,337.0,7001.0
1786576714336900300,2026/08/13 09:18:34.368,1.0,1.0,9766.0,32607.0,41.1,615.0,7001.0
1786576714885778400,2026/08/13 09:18:34.917,3.0,1.0,9799.0,32607.0,41.45,585.0,7001.0
1786576715431485900,2026/08/13 09:18:35.463,1.0,1.0,9820.0,32607.0,41.99,510.0,7001.0
1786576715977920600,2026/08/13 09:18:36.009,4.0,1.0,9898.0,32607.0,40.56,450.0,7001.0
1786576716526005900,2026/08/13 09:18:36.557,0.0,1.0,9939.0,32607.0,39.78,322.0,7001.0
1786576717073383900,2026/08/13 09:18:37.104,3.0,1.0,9957.0,32607.0,40.0,420.0,7001.0
1786576717614565600,2026/08/13 09:18:37.645,0.0,1.0,10001.0,32607.0,39.43,345.0,7001.0
1786576718157533400,2026/08/13 09:18:38.189,0.0,1.0,10051.0,32607.0,39.06,337.0,7001.0
1786576718703953300,2026/08/13 09:18:38.735,1.0,1.0,10099.0,32607.0,38.23,352.0,7001.0
1786576719250666600,2026/08/13 09:18:39.281,0.0,1.0,10149.0,32607.0,39.49,420.0,7001.0
1786576719798118700,2026/08/13 09:18:39.829,1.0,1.0,10191.0,32607.0,39.56,345.0,7001.0
1786576720343077500,2026/08/13 09:18:40.374,0.0,1.0,10230.0,32607.0,39.65,352.0,7001.0
1786576720886644200,2026/08/13 09:18:40.918,2.0,1.0,10282.0,32607.0,41.32,540.0,7001.0
1786576721431290200,2026/08/13 09:18:41.463,0.0,1.0,10326.0,32607.0,40.0,345.0,7001.0
1786576721976700700,2026/08/13 09:18:42.008,0.0,1.0,10369.0,32607.0,37.87,352.0,7001.0
1786576722521841400,2026/08/13 09:18:42.552,0.0,1.0,10413.0,32607.0,37.85,322.0,7001.0
1786576723065493900,2026/08/13 09:18:43.097,0.0,1.0,10454.0,32607.0,37.81,352.0,7001.0
1786576723612629900,2026/08/13 09:18:43.644,3.0,1.0,10491.0,32607.0,40.56,652.0,7001.0
1786576724160856700,2026/08/13 09:18:44.192,3.0,1.0,10541.0,32607.0,45.0,675.0,7001.0
1786576724707545800,2026/08/13 09:18:44.738,0.0,1.0,10582.0,32607.0,43.56,337.0,7001.0
1786576725249539100,2026/08/13 09:18:45.280,3.0,1.0,10626.0,32607.0,41.65,637.0,7001.0
1786576725797417800,2026/08/13 09:18:45.828,2.0,1.0,10666.0,32607.0,41.51,495.0,7001.0
1786576726343811000,2026/08/13 09:18:46.375,3.0,1.0,10718.0,32607.0,41.99,547.0,7001.0
1786576726892654200,2026/08/13 09:18:46.923,1.0,1.0,10768.0,32607.0,40.31,345.0,7001.0
1786576727439782600,2026/08/13 09:18:47.471,2.0,1.0,10804.0,32607.0,40.46,442.0,7001.0
1786576727988086500,2026/08/13 09:18:48.033,0.0,1.0,10848.0,32607.0,38.48,322.0,7001.0
1786576728545077000,2026/08/13 09:18:48.576,0.0,1.0,10899.0,32607.0,38.21,337.0,7001.0
1786576729088863500,2026/08/13 09:18:49.120,0.0,1.0,10943.0,32607.0,38.05,330.0,7001.0
1786576729636167000,2026/08/13 09:18:49.666,0.0,1.0,10987.0,32607.0,37.94,337.0,7001.0
1786576730178413800,2026/08/13 09:18:50.209,1.0,1.0,11037.0,32607.0,38.14,345.0,7001.0
1786576730724637900,2026/08/13 09:18:50.755,1.0,1.0,11098.0,32607.0,38.65,360.0,7001.0
1786576731274025700,2026/08/13 09:18:51.305,1.0,1.0,11150.0,32607.0,40.35,442.0,7001.0
1786576731819903900,2026/08/13 09:18:51.851,1.0,1.0,11200.0,32607.0,41.09,412.0,7001.0
1786576732365553600,2026/08/13 09:18:52.397,1.0,1.0,11246.0,32607.0,40.88,480.0,7001.0
1786576732913162700,2026/08/13 09:18:52.943,1.0,1.0,11292.0,32607.0,40.86,352.0,7001.0
1786576733461117900,2026/08/13 09:18:53.492,1.0,1.0,11336.0,32607.0,40.62,420.0,7001.0
1786576734006422700,2026/08/13 09:18:54.037,1.0,1.0,11380.0,32607.0,40.89,450.0,7001.0
1786576734552914000,2026/08/13 09:18:54.583,1.0,1.0,11424.0,32607.0,40.89,487.0,7001.0
1786576735097701600,2026/08/13 09:18:55.129,1.0,1.0,11468.0,32607.0,40.83,487.0,7001.0
1786576735644141300,2026/08/13 09:18:55.675,1.0,1.0,11513.0,32607.0,40.78,427.0,7001.0
1786576736192301900,2026/08/13 09:18:56.224,2.0,1.0,11553.0,32607.0,41.13,457.0,7001.0
1786576736739511400,2026/08/13 09:18:56.770,0.0,1.0,11599.0,32607.0,40.15,390.0,7001.0
1786576737281288300,2026/08/13 09:18:57.312,0.0,1.0,11649.0,32607.0,38.72,390.0,7001.0
1786576737828120000,2026/08/13 09:18:57.859,1.0,1.0,11692.0,32607.0,38.64,382.0,7001.0
1786576738375526400,2026/08/13 09:18:58.407,1.0,1.0,11723.0,32607.0,38.6,375.0,7001.0
1786576738921418400,2026/08/13 09:18:58.952,0.0,1.0,11767.0,32607.0,38.79,375.0,7001.0
1786576739469286600,2026/08/13 09:18:59.500,1.0,1.0,11811.0,32607.0,38.96,420.0,7001.0
1786576740012698800,2026/08/13 09:19:00.043,2.0,1.0,11861.0,32607.0,39.36,442.0,7001.0
1786576740559516800,2026/08/13 09:19:00.590,1.0,1.0,11905.0,32607.0,39.79,397.0,7001.0
1786576741105290900,2026/08/13 09:19:01.136,1.0,1.0,11949.0,32607.0,40.5,442.0,7001.0
1786576741653692100,2026/08/13 09:19:01.684,1.0,1.0,11993.0,32607.0,40.49,390.0,7001.0
1786576742198201000,2026/08/13 09:19:02.230,1.0,1.0,12037.0,32607.0,40.73,495.0,7001.0
1786576742744425100,2026/08/13 09:19:02.775,1.0,1.0,12083.0,32607.0,40.32,367.0,7001.0
1786576743292160700,2026/08/13 09:19:03.324,1.0,1.0,12115.0,32607.0,39.7,465.0,7001.0
1786576743840859700,2026/08/13 09:19:03.871,3.0,1.0,12161.0,32607.0,41.43,600.0,7001.0
1786576744390065100,2026/08/13 09:19:04.421,3.0,1.0,12209.0,32607.0,43.15,525.0,7001.0
1786576744941196100,2026/08/13 09:19:04.973,3.0,1.0,12279.0,32607.0,43.86,585.0,7001.0
1786576745487331100,2026/08/13 09:19:05.519,3.0,1.0,12324.0,32607.0,46.47,607.0,7001.0
1786576746032059100,2026/08/13 09:19:06.063,3.0,1.0,12376.0,32607.0,45.57,562.0,7001.0
1786576746578931300,2026/08/13 09:19:06.609,1.0,1.0,12420.0,32607.0,42.88,450.0,7001.0
1786576747124790800,2026/08/13 09:19:07.156,0.0,1.0,12464.0,32607.0,40.42,352.0,7001.0
1786576747669247600,2026/08/13 09:19:07.701,1.0,1.0,12509.0,32607.0,38.9,375.0,7001.0
1786576748216915700,2026/08/13 09:19:08.247,1.0,1.0,12559.0,32607.0,39.49,352.0,7001.0
1786576748760534700,2026/08/13 09:19:08.792,1.0,1.0,12599.0,32607.0,39.74,352.0,7001.0
1786576749305589400,2026/08/13 09:19:09.337,0.0,1.0,12649.0,32607.0,38.89,360.0,7001.0
1786576749850926700,2026/08/13 09:19:09.882,3.0,1.0,12699.0,32607.0,39.2,420.0,7001.0
1786576750398200700,2026/08/13 09:19:10.430,1.0,1.0,12740.0,32607.0,39.15,375.0,7001.0
1786576750942457400,2026/08/13 09:19:10.974,2.0,1.0,12788.0,32607.0,39.49,427.0,7001.0
1786576751485873800,2026/08/13 09:19:11.516,2.0,1.0,12798.0,32607.0,41.82,517.0,7001.0
1786576752031328800,2026/08/13 09:19:12.062,3.0,1.0,12836.0,32607.0,42.23,495.0,7001.0
1786576752580059100,2026/08/13 09:19:12.611,3.0,1.0,12918.0,32607.0,45.08,772.0,7001.0
1786576753130649900,2026/08/13 09:19:13.161,3.0,1.0,12965.0,32607.0,47.05,720.0,7001.0
1786576753679334200,2026/08/13 09:19:13.710,2.0,1.0,13020.0,32607.0,46.2,697.0,7001.0
1786576754229121000,2026/08/13 09:19:14.260,2.0,1.0,13064.0,32607.0,45.4,637.0,7001.0
1786576754779115300,2026/08/13 09:19:14.810,2.0,1.0,13108.0,32607.0,45.34,592.0,7001.0
1786576755328908700,2026/08/13 09:19:15.360,3.0,1.0,13156.0,32607.0,45.44,652.0,7001.0
1786576755875890100,2026/08/13 09:19:15.907,3.0,1.0,13201.0,32607.0,46.76,735.0,7001.0
1786576756425143400,2026/08/13 09:19:16.457,2.0,1.0,13245.0,32607.0,45.54,427.0,7001.0
1786576756975946300,2026/08/13 09:19:17.007,0.0,1.0,13289.0,32607.0,41.25,345.0,7001.0
1786576757523817000,2026/08/13 09:19:17.555,1.0,1.0,13337.0,32607.0,39.22,360.0,7001.0
1786576758069492700,2026/08/13 09:19:18.101,3.0,1.0,13383.0,32607.0,42.12,562.0,7001.0
1786576758610629800,2026/08/13 09:19:18.642,0.0,1.0,13406.0,32607.0,42.69,390.0,7001.0
1786576759157223100,2026/08/13 09:19:19.187,1.0,1.0,13442.0,32607.0,42.75,472.0,7001.0
1786576759704246400,2026/08/13 09:19:19.735,3.0,1.0,13476.0,32607.0,43.07,607.0,7001.0
1786576760250890500,2026/08/13 09:19:20.282,2.0,1.0,13517.0,32607.0,43.31,517.0,7001.0
1786576760803221800,2026/08/13 09:19:20.835,2.0,1.0,13597.0,32607.0,43.79,540.0,7001.0
1786576761350187100,2026/08/13 09:19:21.382,3.0,1.0,13637.0,32607.0,44.61,697.0,7001.0
1786576761889864700,2026/08/13 09:19:21.920,2.0,1.0,13688.0,32607.0,46.15,577.0,7001.0
1786576762434610100,2026/08/13 09:19:22.465,3.0,1.0,13735.0,32607.0,45.75,577.0,7001.0
1786576762976783800,2026/08/13 09:19:23.008,1.0,1.0,13781.0,32607.0,45.44,465.0,7001.0
1786576763524703000,2026/08/13 09:19:23.555,1.0,1.0,13827.0,32607.0,41.52,337.0,7001.0
1786576764068136100,2026/08/13 09:19:24.100,2.0,1.0,13878.0,32607.0,42.81,667.0,7001.0
1786576764616095100,2026/08/13 09:19:24.647,1.0,1.0,13928.0,32607.0,44.64,525.0,7001.0
1786576765163301900,2026/08/13 09:19:25.195,0.0,1.0,13974.0,32607.0,41.72,360.0,7001.0
1786576765711530300,2026/08/13 09:19:25.743,0.0,1.0,14030.0,32607.0,39.05,345.0,7001.0
1786576766259529500,2026/08/13 09:19:26.290,1.0,1.0,14074.0,32607.0,39.06,345.0,7001.0
1786576766806549100,2026/08/13 09:19:26.836,1.0,1.0,14124.0,32607.0,38.95,345.0,7001.0
1786576767356705700,2026/08/13 09:19:27.388,1.0,1.0,14170.0,32607.0,38.74,367.0,7001.0
1786576767900911700,2026/08/13 09:19:27.932,0.0,1.0,14220.0,32607.0,38.59,360.0,7001.0
1786576768444123500,2026/08/13 09:19:28.476,1.0,1.0,14270.0,32607.0,38.76,382.0,7001.0
1786576768989706200,2026/08/13 09:19:29.020,1.0,1.0,14322.0,32607.0,39.01,352.0,7001.0
1786576769535616700,2026/08/13 09:19:29.566,0.0,1.0,14366.0,32607.0,38.78,345.0,7001.0
1786576770082426700,2026/08/13 09:19:30.113,1.0,1.0,14410.0,32607.0,38.85,360.0,7001.0
1786576770627234800,2026/08/13 09:19:30.658,1.0,1.0,14454.0,32607.0,38.76,367.0,7001.0
1786576771173183600,2026/08/13 09:19:31.204,3.0,1.0,14470.0,32607.0,40.33,570.0,7001.0
1786576771721227400,2026/08/13 09:19:31.752,3.0,1.0,14518.0,32607.0,42.84,472.0,7001.0
1786576772268117700,2026/08/13 09:19:32.299,0.0,1.0,14568.0,32607.0,42.73,322.0,7001.0
1786576772816787700,2026/08/13 09:19:32.863,1.0,1.0,14617.0,32607.0,40.94,337.0,7001.0
1786576773375281900,2026/08/13 09:19:33.406,0.0,1.0,14661.0,32607.0,38.94,330.0,7001.0
1786576773922232600,2026/08/13 09:19:33.953,0.0,1.0,14699.0,32607.0,38.93,352.0,7001.0
1786576774468019900,2026/08/13 09:19:34.500,0.0,1.0,14743.0,32607.0,38.7,337.0,7001.0
1786576775017945600,2026/08/13 09:19:35.049,0.0,1.0,14789.0,32607.0,39.0,352.0,7001.0
1786576775560574500,2026/08/13 09:19:35.591,1.0,1.0,14839.0,32607.0,38.76,322.0,7001.0
1786576776106439900,2026/08/13 09:19:36.137,0.0,1.0,14877.0,32607.0,38.78,360.0,7001.0
1786576776650576500,2026/08/13 09:19:36.681,0.0,1.0,14927.0,32607.0,39.15,360.0,7001.0
1786576777198109600,2026/08/13 09:19:37.229,1.0,1.0,14971.0,32607.0,39.31,375.0,7001.0
1786576777746115100,2026/08/13 09:19:37.777,1.0,1.0,15017.0,32607.0,39.3,360.0,7001.0
1786576778293768500,2026/08/13 09:19:38.325,1.0,1.0,15061.0,32607.0,39.2,382.0,7001.0
1786576778839455300,2026/08/13 09:19:38.870,3.0,1.0,15105.0,32607.0,42.39,652.0,7001.0
1786576779384418400,2026/08/13 09:19:39.415,1.0,1.0,15151.0,32607.0,43.66,360.0,7001.0
1786576779930832500,2026/08/13 09:19:39.962,3.0,1.0,15201.0,32607.0,43.61,622.0,7001.0
1786576780475216800,2026/08/13 09:19:40.506,1.0,1.0,15247.0,32607.0,42.55,360.0,7001.0
1786576781022300500,2026/08/13 09:19:41.053,1.0,1.0,15291.0,32607.0,40.52,360.0,7001.0
1786576781567796200,2026/08/13 09:19:41.598,1.0,1.0,15341.0,32607.0,39.32,345.0,7001.0
1786576782112887500,2026/08/13 09:19:42.144,0.0,1.0,15385.0,32607.0,39.18,352.0,7001.0
1786576782659008900,2026/08/13 09:19:42.690,0.0,1.0,15431.0,32607.0,39.22,367.0,7001.0
1786576783203581600,2026/08/13 09:19:43.235,0.0,1.0,15481.0,32607.0,39.17,337.0,7001.0
1786576783749636500,2026/08/13 09:19:43.781,1.0,1.0,15525.0,32607.0,39.34,360.0,7001.0
1786576784296458600,2026/08/13 09:19:44.328,3.0,1.0,15575.0,32607.0,42.69,622.0,7001.0
1786576784843640600,2026/08/13 09:19:44.875,2.0,1.0,15619.0,32607.0,45.49,637.0,7001.0
1786576785389528900,2026/08/13 09:19:45.421,2.0,1.0,15665.0,32607.0,44.19,570.0,7001.0
1786576785935648700,2026/08/13 09:19:45.967,2.0,1.0,15709.0,32607.0,41.96,405.0,7001.0
1786576786485373000,2026/08/13 09:19:46.517,1.0,1.0,15753.0,32607.0,43.48,360.0,7001.0
1786576787034545400,2026/08/13 09:19:47.081,3.0,1.0,15805.0,32607.0,42.9,697.0,7001.0
1786576787593337700,2026/08/13 09:19:47.624,2.0,1.0,15850.0,32607.0,43.22,592.0,7001.0
1786576788137437400,2026/08/13 09:19:48.168,1.0,1.0,15903.0,32607.0,44.25,540.0,7001.0
1786576788683311600,2026/08/13 09:19:48.730,3.0,1.0,15949.0,32607.0,45.76,675.0,7001.0
1786576789246187800,2026/08/13 09:19:49.277,3.0,1.0,15994.0,32607.0,46.57,652.0,7001.0
1786576789795238900,2026/08/13 09:19:49.826,1.0,1.0,16039.0,32607.0,46.44,622.0,7001.0
1786576790338211500,2026/08/13 09:19:50.369,3.0,1.0,16089.0,32607.0,44.78,562.0,7001.0
1786576790882831200,2026/08/13 09:19:50.914,3.0,1.0,16137.0,32607.0,45.13,652.0,7001.0
1786576791428582100,2026/08/13 09:19:51.459,2.0,1.0,16187.0,32607.0,46.97,630.0,7001.0
1786576791972048200,2026/08/13 09:19:52.003,2.0,1.0,16231.0,32607.0,42.29,442.0,7001.0
1786576792518073300,2026/08/13 09:19:52.550,3.0,1.0,16283.0,32607.0,43.42,675.0,7001.0
1786576793065912900,2026/08/13 09:19:53.097,1.0,1.0,16329.0,32607.0,43.69,375.0,7001.0
1786576793610510800,2026/08/13 09:19:53.641,1.0,1.0,16379.0,32607.0,40.01,352.0,7001.0
1786576794155784300,2026/08/13 09:19:54.187,0.0,1.0,16423.0,32607.0,39.65,330.0,7001.0
1786576794701983600,2026/08/13 09:19:54.733,0.0,1.0,16467.0,32607.0,39.67,360.0,7001.0
1786576795248763400,2026/08/13 09:19:55.280,1.0,1.0,16513.0,32607.0,39.69,375.0,7001.0
1786576795795683000,2026/08/13 09:19:55.827,2.0,1.0,16556.0,32607.0,40.47,427.0,7001.0
1786576796341856300,2026/08/13 09:19:56.373,3.0,1.0,16600.0,32607.0,43.61,645.0,7001.0
1786576796888196300,2026/08/13 09:19:56.919,1.0,1.0,16644.0,32607.0,44.23,375.0,7001.0
1786576797435177200,2026/08/13 09:19:57.466,0.0,1.0,16687.0,32607.0,40.56,322.0,7001.0
1786576797979057600,2026/08/13 09:19:58.010,0.0,1.0,16731.0,32607.0,39.25,337.0,7001.0
1786576798525781300,2026/08/13 09:19:58.557,0.0,1.0,16777.0,32607.0,39.18,337.0,7001.0
1786576799069195000,2026/08/13 09:19:59.100,0.0,1.0,16821.0,32607.0,39.22,360.0,7001.0
1786576799614705800,2026/08/13 09:19:59.646,1.0,1.0,16865.0,32607.0,39.35,345.0,7001.0
1786576800159593700,2026/08/13 09:20:00.190,0.0,1.0,16909.0,32607.0,38.98,352.0,7001.0
1786576800707105900,2026/08/13 09:20:00.738,0.0,1.0,16953.0,32607.0,38.68,330.0,7001.0
1786576801250740800,2026/08/13 09:20:01.281,0.0,1.0,16999.0,32607.0,38.63,352.0,7001.0
1786576801795756700,2026/08/13 09:20:01.827,0.0,1.0,17043.0,32607.0,38.75,345.0,7001.0
1786576802340192500,2026/08/13 09:20:02.371,1.0,1.0,17093.0,32607.0,38.69,337.0,7001.0
1786576802887505700,2026/08/13 09:20:02.918,0.0,1.0,17131.0,32607.0,38.66,360.0,7001.0
1786576803435131900,2026/08/13 09:20:03.466,1.0,1.0,17181.0,32607.0,39.04,375.0,7001.0
1786576803979861700,2026/08/13 09:20:04.011,0.0,1.0,17219.0,32607.0,39.07,375.0,7001.0
1786576804526104000,2026/08/13 09:20:04.557,0.0,1.0,17265.0,32607.0,39.32,360.0,7001.0
1786576805074585200,2026/08/13 09:20:05.105,0.0,1.0,17317.0,32607.0,39.53,360.0,7001.0
1786576805620255400,2026/08/13 09:20:05.651,1.0,1.0,17367.0,32607.0,39.69,360.0,7001.0
1786576806161991800,2026/08/13 09:20:06.192,1.0,1.0,17411.0,32607.0,39.85,352.0,7001.0
1786576806702730900,2026/08/13 09:20:06.734,1.0,1.0,17455.0,32607.0,39.63,360.0,7001.0
1786576807247259100,2026/08/13 09:20:07.279,0.0,1.0,17507.0,32607.0,39.52,345.0,7001.0
1786576807793845500,2026/08/13 09:20:07.825,0.0,1.0,17551.0,32607.0,39.1,337.0,7001.0
1786576808338685000,2026/08/13 09:20:08.370,0.0,1.0,17595.0,32607.0,39.22,360.0,7001.0
1786576808888423600,2026/08/13 09:20:08.918,0.0,1.0,17640.0,32607.0,39.24,352.0,7001.0
1786576809432153500,2026/08/13 09:20:09.463,1.0,1.0,17686.0,32607.0,39.24,352.0,7001.0
1786576809979147700,2026/08/13 09:20:10.010,1.0,1.0,17730.0,32607.0,39.21,360.0,7001.0
1786576810524214900,2026/08/13 09:20:10.555,0.0,1.0,17777.0,32607.0,39.24,367.0,7001.0
1786576811071126600,2026/08/13 09:20:11.101,0.0,1.0,17821.0,32607.0,39.24,367.0,7001.0
1786576811616889200,2026/08/13 09:20:11.648,0.0,1.0,17871.0,32607.0,39.3,352.0,7001.0
1786576812161607000,2026/08/13 09:20:12.192,0.0,1.0,17917.0,32607.0,39.19,382.0,7001.0
1786576812706947400,2026/08/13 09:20:12.738,0.0,1.0,17961.0,32607.0,38.92,337.0,7001.0
1786576813250000100,2026/08/13 09:20:13.282,0.0,1.0,18005.0,32607.0,38.83,352.0,7001.0
1786576813801122500,2026/08/13 09:20:13.833,1.0,1.0,18055.0,32607.0,38.97,375.0,7001.0
1786576814346883900,2026/08/13 09:20:14.378,1.0,1.0,18107.0,32607.0,39.21,367.0,7001.0
1786576814892752100,2026/08/13 09:20:14.924,0.0,1.0,18151.0,32607.0,39.23,360.0,7001.0
1786576815440052900,2026/08/13 09:20:15.471,1.0,1.0,18195.0,32607.0,39.42,375.0,7001.0
1786576815985964000,2026/08/13 09:20:16.016,0.0,1.0,18239.0,32607.0,39.42,375.0,7001.0
1786576816530960700,2026/08/13 09:20:16.562,0.0,1.0,18283.0,32607.0,39.28,397.0,7001.0
1786576817074682100,2026/08/13 09:20:17.106,1.0,1.0,18327.0,32607.0,39.08,367.0,7001.0
1786576817622685900,2026/08/13 09:20:17.654,1.0,1.0,18373.0,32607.0,39.04,360.0,7001.0
1786576818167525500,2026/08/13 09:20:18.199,0.0,1.0,18417.0,32607.0,39.28,345.0,7001.0
1786576818705420600,2026/08/13 09:20:18.736,0.0,1.0,18467.0,32607.0,39.31,367.0,7001.0
1786576819254230000,2026/08/13 09:20:19.286,0.0,1.0,18511.0,32607.0,39.33,337.0,7001.0
1786576819793014200,2026/08/13 09:20:19.824,0.0,1.0,18563.0,32607.0,39.24,360.0,7001.0
1786576820332034100,2026/08/13 09:20:20.364,0.0,1.0,18607.0,32607.0,38.87,337.0,7001.0
1786576820885276200,2026/08/13 09:20:20.916,0.0,1.0,18657.0,32607.0,38.85,360.0,7001.0
1786576821423724000,2026/08/13 09:20:21.455,1.0,1.0,18695.0,32607.0,38.99,315.0,7001.0
1786576821963196500,2026/08/13 09:20:21.994,0.0,1.0,18745.0,32607.0,38.74,337.0,7001.0
1786576822504427600,2026/08/13 09:20:22.536,0.0,1.0,18791.0,32607.0,38.62,322.0,7001.0
1786576823045092600,2026/08/13 09:20:23.077,0.0,1.0,18835.0,32607.0,38.7,315.0,7001.0
1786576823586045400,2026/08/13 09:20:23.617,1.0,1.0,18879.0,32607.0,38.74,322.0,7001.0
1786576824139179200,2026/08/13 09:20:24.171,1.0,1.0,18922.0,32607.0,38.69,337.0,7001.0
1786576824680451200,2026/08/13 09:20:24.711,0.0,1.0,18966.0,32607.0,38.77,337.0,7001.0
1786576825219397800,2026/08/13 09:20:25.251,1.0,1.0,19012.0,32607.0,38.76,337.0,7001.0
1786576825758409200,2026/08/13 09:20:25.790,0.0,1.0,19056.0,32607.0,38.88,345.0,7001.0
1786576826311142400,2026/08/13 09:20:26.343,0.0,1.0,19100.0,32607.0,38.97,330.0,7001.0
1786576826853340800,2026/08/13 09:20:26.885,1.0,1.0,19144.0,32607.0,38.93,337.0,7001.0
1786576827406097900,2026/08/13 09:20:27.438,0.0,1.0,19194.0,32607.0,39.05,360.0,7001.0
1786576827945893200,2026/08/13 09:20:27.977,1.0,1.0,19238.0,32607.0,39.08,315.0,7001.0
1786576828485402100,2026/08/13 09:20:28.516,1.0,1.0,19284.0,32607.0,38.94,322.0,7001.0
1786576829025535200,2026/08/13 09:20:29.057,0.0,1.0,19334.0,32607.0,38.89,345.0,7001.0
1786576829566847000,2026/08/13 09:20:29.598,0.0,1.0,19378.0,32607.0,39.05,330.0,7001.0
1786576830108653200,2026/08/13 09:20:30.140,0.0,1.0,19422.0,32607.0,38.92,345.0,7001.0
1786576830647623700,2026/08/13 09:20:30.679,0.0,1.0,19468.0,32607.0,38.89,345.0,7001.0
1786576831187926800,2026/08/13 09:20:31.219,0.0,1.0,19518.0,32607.0,38.88,345.0,7001.0
1786576831727545800,2026/08/13 09:20:31.759,1.0,1.0,19550.0,32607.0,38.95,337.0,7001.0
1786576832268629500,2026/08/13 09:20:32.300,0.0,1.0,19550.0,32607.0,38.79,292.0,7001.0
1786576832838398900,2026/08/13 09:20:32.885,0.0,1.0,19550.0,32607.0,44.78,375.0,7001.0
1786576833404307700,2026/08/13 09:20:33.435,0.0,1.0,19550.0,32607.0,44.98,390.0,7001.0
1786576833959869800,2026/08/13 09:20:33.991,0.0,1.0,19550.0,32607.0,38.97,345.0,7001.0
1786576834512731000,2026/08/13 09:20:34.544,0.0,1.0,19550.0,32607.0,38.63,315.0,7001.0
1786576835067950900,2026/08/13 09:20:35.099,0.0,1.0,19550.0,32607.0,38.16,300.0,7001.0
1786576835625066700,2026/08/13 09:20:35.657,0.0,1.0,19550.0,32607.0,38.1,292.0,7001.0
1786576836196769000,2026/08/13 09:20:36.228,0.0,1.0,19550.0,32607.0,37.96,315.0,7001.0
1786576836735413100,2026/08/13 09:20:36.766,0.0,1.0,19550.0,32607.0,37.92,307.0,7001.0
1786576837288044200,2026/08/13 09:20:37.320,0.0,1.0,19550.0,32607.0,37.95,292.0,7001.0
1786576837844927200,2026/08/13 09:20:37.877,0.0,1.0,19550.0,32607.0,37.94,307.0,7001.0
1786576838400599700,2026/08/13 09:20:38.432,0.0,1.0,19550.0,32607.0,38.03,292.0,7001.0
1786576838953355700,2026/08/13 09:20:38.999,0.0,1.0,19550.0,32607.0,38.06,315.0,7001.0
1786576839506724000,2026/08/13 09:20:39.538,0.0,1.0,19550.0,32607.0,38.54,315.0,7001.0
1786576840057765400,2026/08/13 09:20:40.089,0.0,1.0,19550.0,32607.0,38.62,292.0,7001.0
1786576840611995100,2026/08/13 09:20:40.643,2.0,1.0,5526.0,32607.0,38.64,315.0,7001.0
1786576986260564800,2026/08/13 09:23:06.303,0.0,1.0,19558.0,32607.0,36.87,292.0,7001.0
1786576986826507000,2026/08/13 09:23:06.858,66.0,21.0,19560.0,32607.0,64.64,1552.0,14001.0
1786577214385501500,2026/08/13 09:26:54.428,0.0,1.0,19598.0,32607.0,34.01,307.0,7001.0
1786577214939056300,2026/08/13 09:26:54.971,80.0,24.0,19598.0,32607.0,61.12,315.0,7001.0
1786577440172098100,2026/08/13 09:30:40.216,0.0,0.0,19579.0,32607.0,35.34,292.0,7001.0
1786577440724372500,2026/08/13 09:30:40.755,66.0,13.0,19581.0,32607.0,106.63,2145.0,14001.0
1786577661171994300,2026/08/13 09:34:21.205,0.0,1.0,19579.0,32607.0,33.82,307.0,7001.0
1786577661728190600,2026/08/13 09:34:21.774,64.0,13.0,19579.0,32607.0,99.8,1972.0,14001.0
1786577885265617500,2026/08/13 09:38:05.300,0.0,0.0,19618.0,32607.0,24.25,367.0,405.0
1786577885808383700,2026/08/13 09:38:05.840,75.0,15.0,19618.0,32607.0,106.08,2857.0,14001.0
1786578111229712500,2026/08/13 09:41:51.267,1.0,0.0,19512.0,32607.0,39.62,712.0,7001.0
1786578111777438400,2026/08/13 09:41:51.808,38.0,11.0,19512.0,32607.0,47.47,607.0,7001.0
1786578112316300300,2026/08/13 09:41:52.347,79.0,9.0,19512.0,32607.0,277.77,2805.0,14001.0
1786578334271930600,2026/08/13 09:45:34.313,2.0,4.0,19518.0,32607.0,39.41,675.0,810.0
1786578334833858300,2026/08/13 09:45:34.865,88.0,56.0,19518.0,32607.0,44.79,1102.0,810.0
1786578558443063400,2026/08/13 09:49:18.475,0.0,0.0,19556.0,32607.0,32.12,555.0,810.0
1786578558983455600,2026/08/13 09:49:19.015,63.0,10.0,19556.0,32607.0,137.61,2805.0,14001.0
1786578559524463400,2026/08/13 09:49:19.555,79.0,9.0,19550.0,32607.0,280.92,2805.0,14001.0
1786578779819858500,2026/08/13 09:52:59.863,0.0,0.0,19516.0,32607.0,32.15,510.0,7001.0
1786578780386070400,2026/08/13 09:53:00.430,65.0,12.0,19518.0,32607.0,77.5,442.0,14001.0
1786579004215384500,2026/08/13 09:56:44.251,0.0,0.0,19590.0,32607.0,36.73,315.0,7001.0
1786579004772506100,2026/08/13 09:56:44.804,68.0,14.0,19592.0,32607.0,104.59,2760.0,14001.0
1786579229001800400,2026/08/13 10:00:29.036,0.0,0.0,19614.0,32607.0,31.82,502.0,7001.0
1786579229559540000,2026/08/13 10:00:29.591,14.0,4.0,19614.0,32607.0,55.92,667.0,7001.0
1786579230100771100,2026/08/13 10:00:30.130,34.0,4.0,19608.0,32607.0,283.57,2790.0,14001.0
1786579455567556300,2026/08/13 10:04:15.601,0.0,0.0,19628.0,32607.0,27.24,517.0,810.0
1786579456111805600,2026/08/13 10:04:16.143,42.0,22.0,19623.0,32607.0,29.57,457.0,810.0
1786579456652652600,2026/08/13 10:04:16.684,53.0,9.0,19623.0,32607.0,139.71,2850.0,14001.0
1786579681096343300,2026/08/13 10:08:01.129,0.0,0.0,19517.0,32607.0,34.12,457.0,7001.0
1786579681666722500,2026/08/13 10:08:01.714,69.0,14.0,19519.0,32607.0,94.49,2737.0,14001.0
1786579908285550300,2026/08/13 10:11:48.318,0.0,0.0,19557.0,32607.0,32.78,510.0,810.0
1786579908825377400,2026/08/13 10:11:48.856,81.0,18.0,19557.0,32607.0,68.43,2085.0,14001.0
1786579909363630500,2026/08/13 10:11:49.395,68.0,11.0,19557.0,32607.0,197.77,2797.0,14001.0
1786580134913038500,2026/08/13 10:15:34.944,0.0,0.0,19523.0,32607.0,26.69,427.0,810.0
1786580135452218800,2026/08/13 10:15:35.482,95.0,55.0,19523.0,32607.0,41.98,667.0,810.0
1786580135991478100,2026/08/13 10:15:36.037,81.0,14.0,19525.0,32607.0,149.93,2872.0,14001.0
1786580365051290900,2026/08/13 10:19:25.085,0.0,0.0,19518.0,32607.0,33.51,495.0,7001.0
1786580365622078100,2026/08/13 10:19:25.654,76.0,24.0,19520.0,32607.0,57.68,450.0,7001.0
