stripe_degree,rows,operator,worker_index,wall_ms_p50,source,physical_device
8,1,degree,shared,8,RTX 5090 post-fusion physical worker services: refreshed attention/projection/shared/endpoint/reduction plus exact grouped top-16 experts,RTX 5090 SM120
8,1,rows,shared,1,RTX 5090 post-fusion physical worker services: refreshed attention/projection/shared/endpoint/reduction plus exact grouped top-16 experts,RTX 5090 SM120
8,1,kda_common_ms,shared,0.09,RTX 5090 post-fusion physical worker services: refreshed attention/projection/shared/endpoint/reduction plus exact grouped top-16 experts,RTX 5090 SM120
8,1,kda_worker_ms,0,0.2824,RTX 5090 post-fusion physical worker services: refreshed attention/projection/shared/endpoint/reduction plus exact grouped top-16 experts,RTX 5090 SM120
8,1,kda_worker_ms,1,0.2823,RTX 5090 post-fusion physical worker services: refreshed attention/projection/shared/endpoint/reduction plus exact grouped top-16 experts,RTX 5090 SM120
8,1,kda_worker_ms,2,0.2827,RTX 5090 post-fusion physical worker services: refreshed attention/projection/shared/endpoint/reduction plus exact grouped top-16 experts,RTX 5090 SM120
8,1,kda_worker_ms,3,0.2834,RTX 5090 post-fusion physical worker services: refreshed attention/projection/shared/endpoint/reduction plus exact grouped top-16 experts,RTX 5090 SM120
8,1,kda_worker_ms,4,0.2832,RTX 5090 post-fusion physical worker services: refreshed attention/projection/shared/endpoint/reduction plus exact grouped top-16 experts,RTX 5090 SM120
8,1,kda_worker_ms,5,0.2861,RTX 5090 post-fusion physical worker services: refreshed attention/projection/shared/endpoint/reduction plus exact grouped top-16 experts,RTX 5090 SM120
8,1,kda_worker_ms,6,0.2824,RTX 5090 post-fusion physical worker services: refreshed attention/projection/shared/endpoint/reduction plus exact grouped top-16 experts,RTX 5090 SM120
8,1,kda_worker_ms,7,0.2811,RTX 5090 post-fusion physical worker services: refreshed attention/projection/shared/endpoint/reduction plus exact grouped top-16 experts,RTX 5090 SM120
8,1,mla_common_ms,shared,0.11549999999999999,RTX 5090 post-fusion physical worker services: refreshed attention/projection/shared/endpoint/reduction plus exact grouped top-16 experts,RTX 5090 SM120
8,1,mla_worker_ms,0,0.2124,RTX 5090 post-fusion physical worker services: refreshed attention/projection/shared/endpoint/reduction plus exact grouped top-16 experts,RTX 5090 SM120
8,1,mla_worker_ms,1,0.2017,RTX 5090 post-fusion physical worker services: refreshed attention/projection/shared/endpoint/reduction plus exact grouped top-16 experts,RTX 5090 SM120
8,1,mla_worker_ms,2,0.1948,RTX 5090 post-fusion physical worker services: refreshed attention/projection/shared/endpoint/reduction plus exact grouped top-16 experts,RTX 5090 SM120
8,1,mla_worker_ms,3,0.2086,RTX 5090 post-fusion physical worker services: refreshed attention/projection/shared/endpoint/reduction plus exact grouped top-16 experts,RTX 5090 SM120
8,1,mla_worker_ms,4,0.1974,RTX 5090 post-fusion physical worker services: refreshed attention/projection/shared/endpoint/reduction plus exact grouped top-16 experts,RTX 5090 SM120
8,1,mla_worker_ms,5,0.2172,RTX 5090 post-fusion physical worker services: refreshed attention/projection/shared/endpoint/reduction plus exact grouped top-16 experts,RTX 5090 SM120
8,1,mla_worker_ms,6,0.2003,RTX 5090 post-fusion physical worker services: refreshed attention/projection/shared/endpoint/reduction plus exact grouped top-16 experts,RTX 5090 SM120
8,1,mla_worker_ms,7,0.195,RTX 5090 post-fusion physical worker services: refreshed attention/projection/shared/endpoint/reduction plus exact grouped top-16 experts,RTX 5090 SM120
8,1,moe_pre_ms,shared,0.4799,RTX 5090 post-fusion physical worker services: refreshed attention/projection/shared/endpoint/reduction plus exact grouped top-16 experts,RTX 5090 SM120
8,1,latent_down_worker_ms,0,0.0468,RTX 5090 post-fusion physical worker services: refreshed attention/projection/shared/endpoint/reduction plus exact grouped top-16 experts,RTX 5090 SM120
8,1,latent_down_worker_ms,1,0.0461,RTX 5090 post-fusion physical worker services: refreshed attention/projection/shared/endpoint/reduction plus exact grouped top-16 experts,RTX 5090 SM120
8,1,latent_down_worker_ms,2,0.0436,RTX 5090 post-fusion physical worker services: refreshed attention/projection/shared/endpoint/reduction plus exact grouped top-16 experts,RTX 5090 SM120
8,1,latent_down_worker_ms,3,0.0409,RTX 5090 post-fusion physical worker services: refreshed attention/projection/shared/endpoint/reduction plus exact grouped top-16 experts,RTX 5090 SM120
8,1,latent_down_worker_ms,4,0.0449,RTX 5090 post-fusion physical worker services: refreshed attention/projection/shared/endpoint/reduction plus exact grouped top-16 experts,RTX 5090 SM120
8,1,latent_down_worker_ms,5,0.0386,RTX 5090 post-fusion physical worker services: refreshed attention/projection/shared/endpoint/reduction plus exact grouped top-16 experts,RTX 5090 SM120
8,1,latent_down_worker_ms,6,0.041,RTX 5090 post-fusion physical worker services: refreshed attention/projection/shared/endpoint/reduction plus exact grouped top-16 experts,RTX 5090 SM120
8,1,latent_down_worker_ms,7,0.0391,RTX 5090 post-fusion physical worker services: refreshed attention/projection/shared/endpoint/reduction plus exact grouped top-16 experts,RTX 5090 SM120
8,1,expert_worker_ms,0,0.1605,RTX 5090 post-fusion physical worker services: refreshed attention/projection/shared/endpoint/reduction plus exact grouped top-16 experts,RTX 5090 SM120
8,1,expert_worker_ms,1,0.1625,RTX 5090 post-fusion physical worker services: refreshed attention/projection/shared/endpoint/reduction plus exact grouped top-16 experts,RTX 5090 SM120
8,1,expert_worker_ms,2,0.1628,RTX 5090 post-fusion physical worker services: refreshed attention/projection/shared/endpoint/reduction plus exact grouped top-16 experts,RTX 5090 SM120
8,1,expert_worker_ms,3,0.1803,RTX 5090 post-fusion physical worker services: refreshed attention/projection/shared/endpoint/reduction plus exact grouped top-16 experts,RTX 5090 SM120
8,1,expert_worker_ms,4,0.1607,RTX 5090 post-fusion physical worker services: refreshed attention/projection/shared/endpoint/reduction plus exact grouped top-16 experts,RTX 5090 SM120
8,1,expert_worker_ms,5,0.1605,RTX 5090 post-fusion physical worker services: refreshed attention/projection/shared/endpoint/reduction plus exact grouped top-16 experts,RTX 5090 SM120
8,1,expert_worker_ms,6,0.1605,RTX 5090 post-fusion physical worker services: refreshed attention/projection/shared/endpoint/reduction plus exact grouped top-16 experts,RTX 5090 SM120
8,1,expert_worker_ms,7,0.1596,RTX 5090 post-fusion physical worker services: refreshed attention/projection/shared/endpoint/reduction plus exact grouped top-16 experts,RTX 5090 SM120
8,1,routed_norm_ms,shared,0.0305,RTX 5090 post-fusion physical worker services: refreshed attention/projection/shared/endpoint/reduction plus exact grouped top-16 experts,RTX 5090 SM120
8,1,latent_up_shared_worker_ms,0,0.1617,RTX 5090 post-fusion physical worker services: refreshed attention/projection/shared/endpoint/reduction plus exact grouped top-16 experts,RTX 5090 SM120
8,1,latent_up_shared_worker_ms,1,0.1567,RTX 5090 post-fusion physical worker services: refreshed attention/projection/shared/endpoint/reduction plus exact grouped top-16 experts,RTX 5090 SM120
8,1,latent_up_shared_worker_ms,2,0.15289999999999998,RTX 5090 post-fusion physical worker services: refreshed attention/projection/shared/endpoint/reduction plus exact grouped top-16 experts,RTX 5090 SM120
8,1,latent_up_shared_worker_ms,3,0.1599,RTX 5090 post-fusion physical worker services: refreshed attention/projection/shared/endpoint/reduction plus exact grouped top-16 experts,RTX 5090 SM120
8,1,latent_up_shared_worker_ms,4,0.1559,RTX 5090 post-fusion physical worker services: refreshed attention/projection/shared/endpoint/reduction plus exact grouped top-16 experts,RTX 5090 SM120
8,1,latent_up_shared_worker_ms,5,0.1597,RTX 5090 post-fusion physical worker services: refreshed attention/projection/shared/endpoint/reduction plus exact grouped top-16 experts,RTX 5090 SM120
8,1,latent_up_shared_worker_ms,6,0.15489999999999998,RTX 5090 post-fusion physical worker services: refreshed attention/projection/shared/endpoint/reduction plus exact grouped top-16 experts,RTX 5090 SM120
8,1,latent_up_shared_worker_ms,7,0.1585,RTX 5090 post-fusion physical worker services: refreshed attention/projection/shared/endpoint/reduction plus exact grouped top-16 experts,RTX 5090 SM120
8,1,dense_worker_ms,0,0.2833,RTX 5090 post-fusion physical worker services: refreshed attention/projection/shared/endpoint/reduction plus exact grouped top-16 experts,RTX 5090 SM120
8,1,dense_worker_ms,1,0.2621,RTX 5090 post-fusion physical worker services: refreshed attention/projection/shared/endpoint/reduction plus exact grouped top-16 experts,RTX 5090 SM120
8,1,dense_worker_ms,2,0.2716,RTX 5090 post-fusion physical worker services: refreshed attention/projection/shared/endpoint/reduction plus exact grouped top-16 experts,RTX 5090 SM120
8,1,dense_worker_ms,3,0.2827,RTX 5090 post-fusion physical worker services: refreshed attention/projection/shared/endpoint/reduction plus exact grouped top-16 experts,RTX 5090 SM120
8,1,dense_worker_ms,4,0.2828,RTX 5090 post-fusion physical worker services: refreshed attention/projection/shared/endpoint/reduction plus exact grouped top-16 experts,RTX 5090 SM120
8,1,dense_worker_ms,5,0.2856,RTX 5090 post-fusion physical worker services: refreshed attention/projection/shared/endpoint/reduction plus exact grouped top-16 experts,RTX 5090 SM120
8,1,dense_worker_ms,6,0.2836,RTX 5090 post-fusion physical worker services: refreshed attention/projection/shared/endpoint/reduction plus exact grouped top-16 experts,RTX 5090 SM120
8,1,dense_worker_ms,7,0.2866,RTX 5090 post-fusion physical worker services: refreshed attention/projection/shared/endpoint/reduction plus exact grouped top-16 experts,RTX 5090 SM120
8,1,layer_finalize_ms,shared,0.0071,RTX 5090 post-fusion physical worker services: refreshed attention/projection/shared/endpoint/reduction plus exact grouped top-16 experts,RTX 5090 SM120
8,1,endpoint_worker_ms,0,0.5021,RTX 5090 post-fusion physical worker services: refreshed attention/projection/shared/endpoint/reduction plus exact grouped top-16 experts,RTX 5090 SM120
8,1,endpoint_worker_ms,1,0.5002,RTX 5090 post-fusion physical worker services: refreshed attention/projection/shared/endpoint/reduction plus exact grouped top-16 experts,RTX 5090 SM120
8,1,endpoint_worker_ms,2,0.5001,RTX 5090 post-fusion physical worker services: refreshed attention/projection/shared/endpoint/reduction plus exact grouped top-16 experts,RTX 5090 SM120
8,1,endpoint_worker_ms,3,0.5041,RTX 5090 post-fusion physical worker services: refreshed attention/projection/shared/endpoint/reduction plus exact grouped top-16 experts,RTX 5090 SM120
8,1,endpoint_worker_ms,4,0.5036,RTX 5090 post-fusion physical worker services: refreshed attention/projection/shared/endpoint/reduction plus exact grouped top-16 experts,RTX 5090 SM120
8,1,endpoint_worker_ms,5,0.5008,RTX 5090 post-fusion physical worker services: refreshed attention/projection/shared/endpoint/reduction plus exact grouped top-16 experts,RTX 5090 SM120
8,1,endpoint_worker_ms,6,0.4975,RTX 5090 post-fusion physical worker services: refreshed attention/projection/shared/endpoint/reduction plus exact grouped top-16 experts,RTX 5090 SM120
8,1,endpoint_worker_ms,7,0.5056,RTX 5090 post-fusion physical worker services: refreshed attention/projection/shared/endpoint/reduction plus exact grouped top-16 experts,RTX 5090 SM120
8,1,embedding_ms,shared,0.009,RTX 5090 post-fusion physical worker services: refreshed attention/projection/shared/endpoint/reduction plus exact grouped top-16 experts,RTX 5090 SM120
8,1,hidden_pair_reduce_ms,shared,0.0142,RTX 5090 post-fusion physical worker services: refreshed attention/projection/shared/endpoint/reduction plus exact grouped top-16 experts,RTX 5090 SM120
8,1,latent_pair_reduce_ms,shared,0.0158,RTX 5090 post-fusion physical worker services: refreshed attention/projection/shared/endpoint/reduction plus exact grouped top-16 experts,RTX 5090 SM120
8,2,degree,shared,8,RTX 5090 post-fusion physical worker services: refreshed attention/projection/shared/endpoint/reduction plus exact grouped top-16 experts,RTX 5090 SM120
8,2,rows,shared,2,RTX 5090 post-fusion physical worker services: refreshed attention/projection/shared/endpoint/reduction plus exact grouped top-16 experts,RTX 5090 SM120
8,2,kda_common_ms,shared,0.1092,RTX 5090 post-fusion physical worker services: refreshed attention/projection/shared/endpoint/reduction plus exact grouped top-16 experts,RTX 5090 SM120
8,2,kda_worker_ms,0,0.3942,RTX 5090 post-fusion physical worker services: refreshed attention/projection/shared/endpoint/reduction plus exact grouped top-16 experts,RTX 5090 SM120
8,2,kda_worker_ms,1,0.3945,RTX 5090 post-fusion physical worker services: refreshed attention/projection/shared/endpoint/reduction plus exact grouped top-16 experts,RTX 5090 SM120
8,2,kda_worker_ms,2,0.4009,RTX 5090 post-fusion physical worker services: refreshed attention/projection/shared/endpoint/reduction plus exact grouped top-16 experts,RTX 5090 SM120
8,2,kda_worker_ms,3,0.3949,RTX 5090 post-fusion physical worker services: refreshed attention/projection/shared/endpoint/reduction plus exact grouped top-16 experts,RTX 5090 SM120
8,2,kda_worker_ms,4,0.3933,RTX 5090 post-fusion physical worker services: refreshed attention/projection/shared/endpoint/reduction plus exact grouped top-16 experts,RTX 5090 SM120
8,2,kda_worker_ms,5,0.4022,RTX 5090 post-fusion physical worker services: refreshed attention/projection/shared/endpoint/reduction plus exact grouped top-16 experts,RTX 5090 SM120
8,2,kda_worker_ms,6,0.3962,RTX 5090 post-fusion physical worker services: refreshed attention/projection/shared/endpoint/reduction plus exact grouped top-16 experts,RTX 5090 SM120
8,2,kda_worker_ms,7,0.3961,RTX 5090 post-fusion physical worker services: refreshed attention/projection/shared/endpoint/reduction plus exact grouped top-16 experts,RTX 5090 SM120
8,2,mla_common_ms,shared,0.1515,RTX 5090 post-fusion physical worker services: refreshed attention/projection/shared/endpoint/reduction plus exact grouped top-16 experts,RTX 5090 SM120
8,2,mla_worker_ms,0,0.2875,RTX 5090 post-fusion physical worker services: refreshed attention/projection/shared/endpoint/reduction plus exact grouped top-16 experts,RTX 5090 SM120
8,2,mla_worker_ms,1,0.2876,RTX 5090 post-fusion physical worker services: refreshed attention/projection/shared/endpoint/reduction plus exact grouped top-16 experts,RTX 5090 SM120
8,2,mla_worker_ms,2,0.2856,RTX 5090 post-fusion physical worker services: refreshed attention/projection/shared/endpoint/reduction plus exact grouped top-16 experts,RTX 5090 SM120
8,2,mla_worker_ms,3,0.2842,RTX 5090 post-fusion physical worker services: refreshed attention/projection/shared/endpoint/reduction plus exact grouped top-16 experts,RTX 5090 SM120
8,2,mla_worker_ms,4,0.2879,RTX 5090 post-fusion physical worker services: refreshed attention/projection/shared/endpoint/reduction plus exact grouped top-16 experts,RTX 5090 SM120
8,2,mla_worker_ms,5,0.287,RTX 5090 post-fusion physical worker services: refreshed attention/projection/shared/endpoint/reduction plus exact grouped top-16 experts,RTX 5090 SM120
8,2,mla_worker_ms,6,0.2858,RTX 5090 post-fusion physical worker services: refreshed attention/projection/shared/endpoint/reduction plus exact grouped top-16 experts,RTX 5090 SM120
8,2,mla_worker_ms,7,0.2874,RTX 5090 post-fusion physical worker services: refreshed attention/projection/shared/endpoint/reduction plus exact grouped top-16 experts,RTX 5090 SM120
8,2,moe_pre_ms,shared,0.5057,RTX 5090 post-fusion physical worker services: refreshed attention/projection/shared/endpoint/reduction plus exact grouped top-16 experts,RTX 5090 SM120
8,2,latent_down_worker_ms,0,0.0522,RTX 5090 post-fusion physical worker services: refreshed attention/projection/shared/endpoint/reduction plus exact grouped top-16 experts,RTX 5090 SM120
8,2,latent_down_worker_ms,1,0.0542,RTX 5090 post-fusion physical worker services: refreshed attention/projection/shared/endpoint/reduction plus exact grouped top-16 experts,RTX 5090 SM120
8,2,latent_down_worker_ms,2,0.0549,RTX 5090 post-fusion physical worker services: refreshed attention/projection/shared/endpoint/reduction plus exact grouped top-16 experts,RTX 5090 SM120
8,2,latent_down_worker_ms,3,0.0446,RTX 5090 post-fusion physical worker services: refreshed attention/projection/shared/endpoint/reduction plus exact grouped top-16 experts,RTX 5090 SM120
8,2,latent_down_worker_ms,4,0.0445,RTX 5090 post-fusion physical worker services: refreshed attention/projection/shared/endpoint/reduction plus exact grouped top-16 experts,RTX 5090 SM120
8,2,latent_down_worker_ms,5,0.0455,RTX 5090 post-fusion physical worker services: refreshed attention/projection/shared/endpoint/reduction plus exact grouped top-16 experts,RTX 5090 SM120
8,2,latent_down_worker_ms,6,0.0478,RTX 5090 post-fusion physical worker services: refreshed attention/projection/shared/endpoint/reduction plus exact grouped top-16 experts,RTX 5090 SM120
8,2,latent_down_worker_ms,7,0.0499,RTX 5090 post-fusion physical worker services: refreshed attention/projection/shared/endpoint/reduction plus exact grouped top-16 experts,RTX 5090 SM120
8,2,expert_worker_ms,0,0.2929,RTX 5090 post-fusion physical worker services: refreshed attention/projection/shared/endpoint/reduction plus exact grouped top-16 experts,RTX 5090 SM120
8,2,expert_worker_ms,1,0.2914,RTX 5090 post-fusion physical worker services: refreshed attention/projection/shared/endpoint/reduction plus exact grouped top-16 experts,RTX 5090 SM120
8,2,expert_worker_ms,2,0.2883,RTX 5090 post-fusion physical worker services: refreshed attention/projection/shared/endpoint/reduction plus exact grouped top-16 experts,RTX 5090 SM120
8,2,expert_worker_ms,3,0.2907,RTX 5090 post-fusion physical worker services: refreshed attention/projection/shared/endpoint/reduction plus exact grouped top-16 experts,RTX 5090 SM120
8,2,expert_worker_ms,4,0.2999,RTX 5090 post-fusion physical worker services: refreshed attention/projection/shared/endpoint/reduction plus exact grouped top-16 experts,RTX 5090 SM120
8,2,expert_worker_ms,5,0.2907,RTX 5090 post-fusion physical worker services: refreshed attention/projection/shared/endpoint/reduction plus exact grouped top-16 experts,RTX 5090 SM120
8,2,expert_worker_ms,6,0.2885,RTX 5090 post-fusion physical worker services: refreshed attention/projection/shared/endpoint/reduction plus exact grouped top-16 experts,RTX 5090 SM120
8,2,expert_worker_ms,7,0.3019,RTX 5090 post-fusion physical worker services: refreshed attention/projection/shared/endpoint/reduction plus exact grouped top-16 experts,RTX 5090 SM120
8,2,routed_norm_ms,shared,0.0311,RTX 5090 post-fusion physical worker services: refreshed attention/projection/shared/endpoint/reduction plus exact grouped top-16 experts,RTX 5090 SM120
8,2,latent_up_shared_worker_ms,0,0.1995,RTX 5090 post-fusion physical worker services: refreshed attention/projection/shared/endpoint/reduction plus exact grouped top-16 experts,RTX 5090 SM120
8,2,latent_up_shared_worker_ms,1,0.1975,RTX 5090 post-fusion physical worker services: refreshed attention/projection/shared/endpoint/reduction plus exact grouped top-16 experts,RTX 5090 SM120
8,2,latent_up_shared_worker_ms,2,0.18869999999999998,RTX 5090 post-fusion physical worker services: refreshed attention/projection/shared/endpoint/reduction plus exact grouped top-16 experts,RTX 5090 SM120
8,2,latent_up_shared_worker_ms,3,0.1899,RTX 5090 post-fusion physical worker services: refreshed attention/projection/shared/endpoint/reduction plus exact grouped top-16 experts,RTX 5090 SM120
8,2,latent_up_shared_worker_ms,4,0.19,RTX 5090 post-fusion physical worker services: refreshed attention/projection/shared/endpoint/reduction plus exact grouped top-16 experts,RTX 5090 SM120
8,2,latent_up_shared_worker_ms,5,0.19779999999999998,RTX 5090 post-fusion physical worker services: refreshed attention/projection/shared/endpoint/reduction plus exact grouped top-16 experts,RTX 5090 SM120
8,2,latent_up_shared_worker_ms,6,0.1973,RTX 5090 post-fusion physical worker services: refreshed attention/projection/shared/endpoint/reduction plus exact grouped top-16 experts,RTX 5090 SM120
8,2,latent_up_shared_worker_ms,7,0.1953,RTX 5090 post-fusion physical worker services: refreshed attention/projection/shared/endpoint/reduction plus exact grouped top-16 experts,RTX 5090 SM120
8,2,dense_worker_ms,0,0.4119,RTX 5090 post-fusion physical worker services: refreshed attention/projection/shared/endpoint/reduction plus exact grouped top-16 experts,RTX 5090 SM120
8,2,dense_worker_ms,1,0.4102,RTX 5090 post-fusion physical worker services: refreshed attention/projection/shared/endpoint/reduction plus exact grouped top-16 experts,RTX 5090 SM120
8,2,dense_worker_ms,2,0.4215,RTX 5090 post-fusion physical worker services: refreshed attention/projection/shared/endpoint/reduction plus exact grouped top-16 experts,RTX 5090 SM120
8,2,dense_worker_ms,3,0.4061,RTX 5090 post-fusion physical worker services: refreshed attention/projection/shared/endpoint/reduction plus exact grouped top-16 experts,RTX 5090 SM120
8,2,dense_worker_ms,4,0.4381,RTX 5090 post-fusion physical worker services: refreshed attention/projection/shared/endpoint/reduction plus exact grouped top-16 experts,RTX 5090 SM120
8,2,dense_worker_ms,5,0.4107,RTX 5090 post-fusion physical worker services: refreshed attention/projection/shared/endpoint/reduction plus exact grouped top-16 experts,RTX 5090 SM120
8,2,dense_worker_ms,6,0.4123,RTX 5090 post-fusion physical worker services: refreshed attention/projection/shared/endpoint/reduction plus exact grouped top-16 experts,RTX 5090 SM120
8,2,dense_worker_ms,7,0.4118,RTX 5090 post-fusion physical worker services: refreshed attention/projection/shared/endpoint/reduction plus exact grouped top-16 experts,RTX 5090 SM120
8,2,layer_finalize_ms,shared,0.0073,RTX 5090 post-fusion physical worker services: refreshed attention/projection/shared/endpoint/reduction plus exact grouped top-16 experts,RTX 5090 SM120
8,2,endpoint_worker_ms,0,0.8954,RTX 5090 post-fusion physical worker services: refreshed attention/projection/shared/endpoint/reduction plus exact grouped top-16 experts,RTX 5090 SM120
8,2,endpoint_worker_ms,1,0.8983,RTX 5090 post-fusion physical worker services: refreshed attention/projection/shared/endpoint/reduction plus exact grouped top-16 experts,RTX 5090 SM120
8,2,endpoint_worker_ms,2,0.8993,RTX 5090 post-fusion physical worker services: refreshed attention/projection/shared/endpoint/reduction plus exact grouped top-16 experts,RTX 5090 SM120
8,2,endpoint_worker_ms,3,0.9069,RTX 5090 post-fusion physical worker services: refreshed attention/projection/shared/endpoint/reduction plus exact grouped top-16 experts,RTX 5090 SM120
8,2,endpoint_worker_ms,4,0.8998,RTX 5090 post-fusion physical worker services: refreshed attention/projection/shared/endpoint/reduction plus exact grouped top-16 experts,RTX 5090 SM120
8,2,endpoint_worker_ms,5,0.8981,RTX 5090 post-fusion physical worker services: refreshed attention/projection/shared/endpoint/reduction plus exact grouped top-16 experts,RTX 5090 SM120
8,2,endpoint_worker_ms,6,0.9141,RTX 5090 post-fusion physical worker services: refreshed attention/projection/shared/endpoint/reduction plus exact grouped top-16 experts,RTX 5090 SM120
8,2,endpoint_worker_ms,7,0.9017,RTX 5090 post-fusion physical worker services: refreshed attention/projection/shared/endpoint/reduction plus exact grouped top-16 experts,RTX 5090 SM120
8,2,embedding_ms,shared,0.0092,RTX 5090 post-fusion physical worker services: refreshed attention/projection/shared/endpoint/reduction plus exact grouped top-16 experts,RTX 5090 SM120
8,2,hidden_pair_reduce_ms,shared,0.0146,RTX 5090 post-fusion physical worker services: refreshed attention/projection/shared/endpoint/reduction plus exact grouped top-16 experts,RTX 5090 SM120
8,2,latent_pair_reduce_ms,shared,0.015,RTX 5090 post-fusion physical worker services: refreshed attention/projection/shared/endpoint/reduction plus exact grouped top-16 experts,RTX 5090 SM120
8,4,degree,shared,8,RTX 5090 post-fusion physical worker services: refreshed attention/projection/shared/endpoint/reduction plus exact grouped top-16 experts,RTX 5090 SM120
8,4,rows,shared,4,RTX 5090 post-fusion physical worker services: refreshed attention/projection/shared/endpoint/reduction plus exact grouped top-16 experts,RTX 5090 SM120
8,4,kda_common_ms,shared,0.157,RTX 5090 post-fusion physical worker services: refreshed attention/projection/shared/endpoint/reduction plus exact grouped top-16 experts,RTX 5090 SM120
8,4,kda_worker_ms,0,0.6349,RTX 5090 post-fusion physical worker services: refreshed attention/projection/shared/endpoint/reduction plus exact grouped top-16 experts,RTX 5090 SM120
8,4,kda_worker_ms,1,0.6348,RTX 5090 post-fusion physical worker services: refreshed attention/projection/shared/endpoint/reduction plus exact grouped top-16 experts,RTX 5090 SM120
8,4,kda_worker_ms,2,0.6284,RTX 5090 post-fusion physical worker services: refreshed attention/projection/shared/endpoint/reduction plus exact grouped top-16 experts,RTX 5090 SM120
8,4,kda_worker_ms,3,0.6308,RTX 5090 post-fusion physical worker services: refreshed attention/projection/shared/endpoint/reduction plus exact grouped top-16 experts,RTX 5090 SM120
8,4,kda_worker_ms,4,0.6369,RTX 5090 post-fusion physical worker services: refreshed attention/projection/shared/endpoint/reduction plus exact grouped top-16 experts,RTX 5090 SM120
8,4,kda_worker_ms,5,0.6351,RTX 5090 post-fusion physical worker services: refreshed attention/projection/shared/endpoint/reduction plus exact grouped top-16 experts,RTX 5090 SM120
8,4,kda_worker_ms,6,0.6294,RTX 5090 post-fusion physical worker services: refreshed attention/projection/shared/endpoint/reduction plus exact grouped top-16 experts,RTX 5090 SM120
8,4,kda_worker_ms,7,0.6326,RTX 5090 post-fusion physical worker services: refreshed attention/projection/shared/endpoint/reduction plus exact grouped top-16 experts,RTX 5090 SM120
8,4,mla_common_ms,shared,0.22560000000000002,RTX 5090 post-fusion physical worker services: refreshed attention/projection/shared/endpoint/reduction plus exact grouped top-16 experts,RTX 5090 SM120
8,4,mla_worker_ms,0,0.4751,RTX 5090 post-fusion physical worker services: refreshed attention/projection/shared/endpoint/reduction plus exact grouped top-16 experts,RTX 5090 SM120
8,4,mla_worker_ms,1,0.4738,RTX 5090 post-fusion physical worker services: refreshed attention/projection/shared/endpoint/reduction plus exact grouped top-16 experts,RTX 5090 SM120
8,4,mla_worker_ms,2,0.478,RTX 5090 post-fusion physical worker services: refreshed attention/projection/shared/endpoint/reduction plus exact grouped top-16 experts,RTX 5090 SM120
8,4,mla_worker_ms,3,0.4725,RTX 5090 post-fusion physical worker services: refreshed attention/projection/shared/endpoint/reduction plus exact grouped top-16 experts,RTX 5090 SM120
8,4,mla_worker_ms,4,0.4742,RTX 5090 post-fusion physical worker services: refreshed attention/projection/shared/endpoint/reduction plus exact grouped top-16 experts,RTX 5090 SM120
8,4,mla_worker_ms,5,0.4751,RTX 5090 post-fusion physical worker services: refreshed attention/projection/shared/endpoint/reduction plus exact grouped top-16 experts,RTX 5090 SM120
8,4,mla_worker_ms,6,0.4718,RTX 5090 post-fusion physical worker services: refreshed attention/projection/shared/endpoint/reduction plus exact grouped top-16 experts,RTX 5090 SM120
8,4,mla_worker_ms,7,0.4791,RTX 5090 post-fusion physical worker services: refreshed attention/projection/shared/endpoint/reduction plus exact grouped top-16 experts,RTX 5090 SM120
8,4,moe_pre_ms,shared,0.5488,RTX 5090 post-fusion physical worker services: refreshed attention/projection/shared/endpoint/reduction plus exact grouped top-16 experts,RTX 5090 SM120
8,4,latent_down_worker_ms,0,0.0619,RTX 5090 post-fusion physical worker services: refreshed attention/projection/shared/endpoint/reduction plus exact grouped top-16 experts,RTX 5090 SM120
8,4,latent_down_worker_ms,1,0.0777,RTX 5090 post-fusion physical worker services: refreshed attention/projection/shared/endpoint/reduction plus exact grouped top-16 experts,RTX 5090 SM120
8,4,latent_down_worker_ms,2,0.0794,RTX 5090 post-fusion physical worker services: refreshed attention/projection/shared/endpoint/reduction plus exact grouped top-16 experts,RTX 5090 SM120
8,4,latent_down_worker_ms,3,0.0785,RTX 5090 post-fusion physical worker services: refreshed attention/projection/shared/endpoint/reduction plus exact grouped top-16 experts,RTX 5090 SM120
8,4,latent_down_worker_ms,4,0.0773,RTX 5090 post-fusion physical worker services: refreshed attention/projection/shared/endpoint/reduction plus exact grouped top-16 experts,RTX 5090 SM120
8,4,latent_down_worker_ms,5,0.0822,RTX 5090 post-fusion physical worker services: refreshed attention/projection/shared/endpoint/reduction plus exact grouped top-16 experts,RTX 5090 SM120
8,4,latent_down_worker_ms,6,0.0779,RTX 5090 post-fusion physical worker services: refreshed attention/projection/shared/endpoint/reduction plus exact grouped top-16 experts,RTX 5090 SM120
8,4,latent_down_worker_ms,7,0.0779,RTX 5090 post-fusion physical worker services: refreshed attention/projection/shared/endpoint/reduction plus exact grouped top-16 experts,RTX 5090 SM120
8,4,expert_worker_ms,0,0.5367,RTX 5090 post-fusion physical worker services: refreshed attention/projection/shared/endpoint/reduction plus exact grouped top-16 experts,RTX 5090 SM120
8,4,expert_worker_ms,1,0.5729,RTX 5090 post-fusion physical worker services: refreshed attention/projection/shared/endpoint/reduction plus exact grouped top-16 experts,RTX 5090 SM120
8,4,expert_worker_ms,2,0.5377,RTX 5090 post-fusion physical worker services: refreshed attention/projection/shared/endpoint/reduction plus exact grouped top-16 experts,RTX 5090 SM120
8,4,expert_worker_ms,3,0.5437,RTX 5090 post-fusion physical worker services: refreshed attention/projection/shared/endpoint/reduction plus exact grouped top-16 experts,RTX 5090 SM120
8,4,expert_worker_ms,4,0.5394,RTX 5090 post-fusion physical worker services: refreshed attention/projection/shared/endpoint/reduction plus exact grouped top-16 experts,RTX 5090 SM120
8,4,expert_worker_ms,5,0.5394,RTX 5090 post-fusion physical worker services: refreshed attention/projection/shared/endpoint/reduction plus exact grouped top-16 experts,RTX 5090 SM120
8,4,expert_worker_ms,6,0.5383,RTX 5090 post-fusion physical worker services: refreshed attention/projection/shared/endpoint/reduction plus exact grouped top-16 experts,RTX 5090 SM120
8,4,expert_worker_ms,7,0.5362,RTX 5090 post-fusion physical worker services: refreshed attention/projection/shared/endpoint/reduction plus exact grouped top-16 experts,RTX 5090 SM120
8,4,routed_norm_ms,shared,0.0313,RTX 5090 post-fusion physical worker services: refreshed attention/projection/shared/endpoint/reduction plus exact grouped top-16 experts,RTX 5090 SM120
8,4,latent_up_shared_worker_ms,0,0.275,RTX 5090 post-fusion physical worker services: refreshed attention/projection/shared/endpoint/reduction plus exact grouped top-16 experts,RTX 5090 SM120
8,4,latent_up_shared_worker_ms,1,0.2777,RTX 5090 post-fusion physical worker services: refreshed attention/projection/shared/endpoint/reduction plus exact grouped top-16 experts,RTX 5090 SM120
8,4,latent_up_shared_worker_ms,2,0.2766,RTX 5090 post-fusion physical worker services: refreshed attention/projection/shared/endpoint/reduction plus exact grouped top-16 experts,RTX 5090 SM120
8,4,latent_up_shared_worker_ms,3,0.2773,RTX 5090 post-fusion physical worker services: refreshed attention/projection/shared/endpoint/reduction plus exact grouped top-16 experts,RTX 5090 SM120
8,4,latent_up_shared_worker_ms,4,0.2738,RTX 5090 post-fusion physical worker services: refreshed attention/projection/shared/endpoint/reduction plus exact grouped top-16 experts,RTX 5090 SM120
8,4,latent_up_shared_worker_ms,5,0.2669,RTX 5090 post-fusion physical worker services: refreshed attention/projection/shared/endpoint/reduction plus exact grouped top-16 experts,RTX 5090 SM120
8,4,latent_up_shared_worker_ms,6,0.2641,RTX 5090 post-fusion physical worker services: refreshed attention/projection/shared/endpoint/reduction plus exact grouped top-16 experts,RTX 5090 SM120
8,4,latent_up_shared_worker_ms,7,0.2683,RTX 5090 post-fusion physical worker services: refreshed attention/projection/shared/endpoint/reduction plus exact grouped top-16 experts,RTX 5090 SM120
8,4,dense_worker_ms,0,0.6649,RTX 5090 post-fusion physical worker services: refreshed attention/projection/shared/endpoint/reduction plus exact grouped top-16 experts,RTX 5090 SM120
8,4,dense_worker_ms,1,0.6686,RTX 5090 post-fusion physical worker services: refreshed attention/projection/shared/endpoint/reduction plus exact grouped top-16 experts,RTX 5090 SM120
8,4,dense_worker_ms,2,0.6606,RTX 5090 post-fusion physical worker services: refreshed attention/projection/shared/endpoint/reduction plus exact grouped top-16 experts,RTX 5090 SM120
8,4,dense_worker_ms,3,0.666,RTX 5090 post-fusion physical worker services: refreshed attention/projection/shared/endpoint/reduction plus exact grouped top-16 experts,RTX 5090 SM120
8,4,dense_worker_ms,4,0.6692,RTX 5090 post-fusion physical worker services: refreshed attention/projection/shared/endpoint/reduction plus exact grouped top-16 experts,RTX 5090 SM120
8,4,dense_worker_ms,5,0.6676,RTX 5090 post-fusion physical worker services: refreshed attention/projection/shared/endpoint/reduction plus exact grouped top-16 experts,RTX 5090 SM120
8,4,dense_worker_ms,6,0.671,RTX 5090 post-fusion physical worker services: refreshed attention/projection/shared/endpoint/reduction plus exact grouped top-16 experts,RTX 5090 SM120
8,4,dense_worker_ms,7,0.6642,RTX 5090 post-fusion physical worker services: refreshed attention/projection/shared/endpoint/reduction plus exact grouped top-16 experts,RTX 5090 SM120
8,4,layer_finalize_ms,shared,0.00805,RTX 5090 post-fusion physical worker services: refreshed attention/projection/shared/endpoint/reduction plus exact grouped top-16 experts,RTX 5090 SM120
8,4,endpoint_worker_ms,0,1.7416,RTX 5090 post-fusion physical worker services: refreshed attention/projection/shared/endpoint/reduction plus exact grouped top-16 experts,RTX 5090 SM120
8,4,endpoint_worker_ms,1,1.7363,RTX 5090 post-fusion physical worker services: refreshed attention/projection/shared/endpoint/reduction plus exact grouped top-16 experts,RTX 5090 SM120
8,4,endpoint_worker_ms,2,1.7228,RTX 5090 post-fusion physical worker services: refreshed attention/projection/shared/endpoint/reduction plus exact grouped top-16 experts,RTX 5090 SM120
8,4,endpoint_worker_ms,3,1.7268,RTX 5090 post-fusion physical worker services: refreshed attention/projection/shared/endpoint/reduction plus exact grouped top-16 experts,RTX 5090 SM120
8,4,endpoint_worker_ms,4,1.727,RTX 5090 post-fusion physical worker services: refreshed attention/projection/shared/endpoint/reduction plus exact grouped top-16 experts,RTX 5090 SM120
8,4,endpoint_worker_ms,5,1.7197,RTX 5090 post-fusion physical worker services: refreshed attention/projection/shared/endpoint/reduction plus exact grouped top-16 experts,RTX 5090 SM120
8,4,endpoint_worker_ms,6,1.7391,RTX 5090 post-fusion physical worker services: refreshed attention/projection/shared/endpoint/reduction plus exact grouped top-16 experts,RTX 5090 SM120
8,4,endpoint_worker_ms,7,1.7163,RTX 5090 post-fusion physical worker services: refreshed attention/projection/shared/endpoint/reduction plus exact grouped top-16 experts,RTX 5090 SM120
8,4,embedding_ms,shared,0.0092,RTX 5090 post-fusion physical worker services: refreshed attention/projection/shared/endpoint/reduction plus exact grouped top-16 experts,RTX 5090 SM120
8,4,hidden_pair_reduce_ms,shared,0.0161,RTX 5090 post-fusion physical worker services: refreshed attention/projection/shared/endpoint/reduction plus exact grouped top-16 experts,RTX 5090 SM120
8,4,latent_pair_reduce_ms,shared,0.0155,RTX 5090 post-fusion physical worker services: refreshed attention/projection/shared/endpoint/reduction plus exact grouped top-16 experts,RTX 5090 SM120
16,1,degree,shared,16,RTX 5090 post-fusion physical worker services: refreshed attention/projection/shared/endpoint/reduction plus exact grouped top-16 experts,RTX 5090 SM120
16,1,rows,shared,1,RTX 5090 post-fusion physical worker services: refreshed attention/projection/shared/endpoint/reduction plus exact grouped top-16 experts,RTX 5090 SM120
16,1,kda_common_ms,shared,0.09609999999999999,RTX 5090 post-fusion physical worker services: refreshed attention/projection/shared/endpoint/reduction plus exact grouped top-16 experts,RTX 5090 SM120
16,1,kda_worker_ms,0,0.2521,RTX 5090 post-fusion physical worker services: refreshed attention/projection/shared/endpoint/reduction plus exact grouped top-16 experts,RTX 5090 SM120
16,1,kda_worker_ms,1,0.2513,RTX 5090 post-fusion physical worker services: refreshed attention/projection/shared/endpoint/reduction plus exact grouped top-16 experts,RTX 5090 SM120
16,1,kda_worker_ms,2,0.255,RTX 5090 post-fusion physical worker services: refreshed attention/projection/shared/endpoint/reduction plus exact grouped top-16 experts,RTX 5090 SM120
16,1,kda_worker_ms,3,0.2364,RTX 5090 post-fusion physical worker services: refreshed attention/projection/shared/endpoint/reduction plus exact grouped top-16 experts,RTX 5090 SM120
16,1,kda_worker_ms,4,0.2447,RTX 5090 post-fusion physical worker services: refreshed attention/projection/shared/endpoint/reduction plus exact grouped top-16 experts,RTX 5090 SM120
16,1,kda_worker_ms,5,0.2374,RTX 5090 post-fusion physical worker services: refreshed attention/projection/shared/endpoint/reduction plus exact grouped top-16 experts,RTX 5090 SM120
16,1,kda_worker_ms,6,0.2639,RTX 5090 post-fusion physical worker services: refreshed attention/projection/shared/endpoint/reduction plus exact grouped top-16 experts,RTX 5090 SM120
16,1,kda_worker_ms,7,0.235,RTX 5090 post-fusion physical worker services: refreshed attention/projection/shared/endpoint/reduction plus exact grouped top-16 experts,RTX 5090 SM120
16,1,kda_worker_ms,8,0.2435,RTX 5090 post-fusion physical worker services: refreshed attention/projection/shared/endpoint/reduction plus exact grouped top-16 experts,RTX 5090 SM120
16,1,kda_worker_ms,9,0.2533,RTX 5090 post-fusion physical worker services: refreshed attention/projection/shared/endpoint/reduction plus exact grouped top-16 experts,RTX 5090 SM120
16,1,kda_worker_ms,10,0.2569,RTX 5090 post-fusion physical worker services: refreshed attention/projection/shared/endpoint/reduction plus exact grouped top-16 experts,RTX 5090 SM120
16,1,kda_worker_ms,11,0.256,RTX 5090 post-fusion physical worker services: refreshed attention/projection/shared/endpoint/reduction plus exact grouped top-16 experts,RTX 5090 SM120
16,1,kda_worker_ms,12,0.2352,RTX 5090 post-fusion physical worker services: refreshed attention/projection/shared/endpoint/reduction plus exact grouped top-16 experts,RTX 5090 SM120
16,1,kda_worker_ms,13,0.2429,RTX 5090 post-fusion physical worker services: refreshed attention/projection/shared/endpoint/reduction plus exact grouped top-16 experts,RTX 5090 SM120
16,1,kda_worker_ms,14,0.2578,RTX 5090 post-fusion physical worker services: refreshed attention/projection/shared/endpoint/reduction plus exact grouped top-16 experts,RTX 5090 SM120
16,1,kda_worker_ms,15,0.2517,RTX 5090 post-fusion physical worker services: refreshed attention/projection/shared/endpoint/reduction plus exact grouped top-16 experts,RTX 5090 SM120
16,1,mla_common_ms,shared,0.1127,RTX 5090 post-fusion physical worker services: refreshed attention/projection/shared/endpoint/reduction plus exact grouped top-16 experts,RTX 5090 SM120
16,1,mla_worker_ms,0,0.1977,RTX 5090 post-fusion physical worker services: refreshed attention/projection/shared/endpoint/reduction plus exact grouped top-16 experts,RTX 5090 SM120
16,1,mla_worker_ms,1,0.2024,RTX 5090 post-fusion physical worker services: refreshed attention/projection/shared/endpoint/reduction plus exact grouped top-16 experts,RTX 5090 SM120
16,1,mla_worker_ms,2,0.2015,RTX 5090 post-fusion physical worker services: refreshed attention/projection/shared/endpoint/reduction plus exact grouped top-16 experts,RTX 5090 SM120
16,1,mla_worker_ms,3,0.1953,RTX 5090 post-fusion physical worker services: refreshed attention/projection/shared/endpoint/reduction plus exact grouped top-16 experts,RTX 5090 SM120
16,1,mla_worker_ms,4,0.1947,RTX 5090 post-fusion physical worker services: refreshed attention/projection/shared/endpoint/reduction plus exact grouped top-16 experts,RTX 5090 SM120
16,1,mla_worker_ms,5,0.1958,RTX 5090 post-fusion physical worker services: refreshed attention/projection/shared/endpoint/reduction plus exact grouped top-16 experts,RTX 5090 SM120
16,1,mla_worker_ms,6,0.1962,RTX 5090 post-fusion physical worker services: refreshed attention/projection/shared/endpoint/reduction plus exact grouped top-16 experts,RTX 5090 SM120
16,1,mla_worker_ms,7,0.1964,RTX 5090 post-fusion physical worker services: refreshed attention/projection/shared/endpoint/reduction plus exact grouped top-16 experts,RTX 5090 SM120
16,1,mla_worker_ms,8,0.1958,RTX 5090 post-fusion physical worker services: refreshed attention/projection/shared/endpoint/reduction plus exact grouped top-16 experts,RTX 5090 SM120
16,1,mla_worker_ms,9,0.1983,RTX 5090 post-fusion physical worker services: refreshed attention/projection/shared/endpoint/reduction plus exact grouped top-16 experts,RTX 5090 SM120
16,1,mla_worker_ms,10,0.1955,RTX 5090 post-fusion physical worker services: refreshed attention/projection/shared/endpoint/reduction plus exact grouped top-16 experts,RTX 5090 SM120
16,1,mla_worker_ms,11,0.1855,RTX 5090 post-fusion physical worker services: refreshed attention/projection/shared/endpoint/reduction plus exact grouped top-16 experts,RTX 5090 SM120
16,1,mla_worker_ms,12,0.1953,RTX 5090 post-fusion physical worker services: refreshed attention/projection/shared/endpoint/reduction plus exact grouped top-16 experts,RTX 5090 SM120
16,1,mla_worker_ms,13,0.1834,RTX 5090 post-fusion physical worker services: refreshed attention/projection/shared/endpoint/reduction plus exact grouped top-16 experts,RTX 5090 SM120
16,1,mla_worker_ms,14,0.1929,RTX 5090 post-fusion physical worker services: refreshed attention/projection/shared/endpoint/reduction plus exact grouped top-16 experts,RTX 5090 SM120
16,1,mla_worker_ms,15,0.1971,RTX 5090 post-fusion physical worker services: refreshed attention/projection/shared/endpoint/reduction plus exact grouped top-16 experts,RTX 5090 SM120
16,1,moe_pre_ms,shared,0.4812,RTX 5090 post-fusion physical worker services: refreshed attention/projection/shared/endpoint/reduction plus exact grouped top-16 experts,RTX 5090 SM120
16,1,latent_down_worker_ms,0,0.0418,RTX 5090 post-fusion physical worker services: refreshed attention/projection/shared/endpoint/reduction plus exact grouped top-16 experts,RTX 5090 SM120
16,1,latent_down_worker_ms,1,0.0411,RTX 5090 post-fusion physical worker services: refreshed attention/projection/shared/endpoint/reduction plus exact grouped top-16 experts,RTX 5090 SM120
16,1,latent_down_worker_ms,2,0.0388,RTX 5090 post-fusion physical worker services: refreshed attention/projection/shared/endpoint/reduction plus exact grouped top-16 experts,RTX 5090 SM120
16,1,latent_down_worker_ms,3,0.0395,RTX 5090 post-fusion physical worker services: refreshed attention/projection/shared/endpoint/reduction plus exact grouped top-16 experts,RTX 5090 SM120
16,1,latent_down_worker_ms,4,0.0412,RTX 5090 post-fusion physical worker services: refreshed attention/projection/shared/endpoint/reduction plus exact grouped top-16 experts,RTX 5090 SM120
16,1,latent_down_worker_ms,5,0.0399,RTX 5090 post-fusion physical worker services: refreshed attention/projection/shared/endpoint/reduction plus exact grouped top-16 experts,RTX 5090 SM120
16,1,latent_down_worker_ms,6,0.0415,RTX 5090 post-fusion physical worker services: refreshed attention/projection/shared/endpoint/reduction plus exact grouped top-16 experts,RTX 5090 SM120
16,1,latent_down_worker_ms,7,0.0373,RTX 5090 post-fusion physical worker services: refreshed attention/projection/shared/endpoint/reduction plus exact grouped top-16 experts,RTX 5090 SM120
16,1,latent_down_worker_ms,8,0.0381,RTX 5090 post-fusion physical worker services: refreshed attention/projection/shared/endpoint/reduction plus exact grouped top-16 experts,RTX 5090 SM120
16,1,latent_down_worker_ms,9,0.039,RTX 5090 post-fusion physical worker services: refreshed attention/projection/shared/endpoint/reduction plus exact grouped top-16 experts,RTX 5090 SM120
16,1,latent_down_worker_ms,10,0.0378,RTX 5090 post-fusion physical worker services: refreshed attention/projection/shared/endpoint/reduction plus exact grouped top-16 experts,RTX 5090 SM120
16,1,latent_down_worker_ms,11,0.0526,RTX 5090 post-fusion physical worker services: refreshed attention/projection/shared/endpoint/reduction plus exact grouped top-16 experts,RTX 5090 SM120
16,1,latent_down_worker_ms,12,0.043,RTX 5090 post-fusion physical worker services: refreshed attention/projection/shared/endpoint/reduction plus exact grouped top-16 experts,RTX 5090 SM120
16,1,latent_down_worker_ms,13,0.052,RTX 5090 post-fusion physical worker services: refreshed attention/projection/shared/endpoint/reduction plus exact grouped top-16 experts,RTX 5090 SM120
16,1,latent_down_worker_ms,14,0.0413,RTX 5090 post-fusion physical worker services: refreshed attention/projection/shared/endpoint/reduction plus exact grouped top-16 experts,RTX 5090 SM120
16,1,latent_down_worker_ms,15,0.0365,RTX 5090 post-fusion physical worker services: refreshed attention/projection/shared/endpoint/reduction plus exact grouped top-16 experts,RTX 5090 SM120
16,1,expert_worker_ms,0,0.109,RTX 5090 post-fusion physical worker services: refreshed attention/projection/shared/endpoint/reduction plus exact grouped top-16 experts,RTX 5090 SM120
16,1,expert_worker_ms,1,0.1082,RTX 5090 post-fusion physical worker services: refreshed attention/projection/shared/endpoint/reduction plus exact grouped top-16 experts,RTX 5090 SM120
16,1,expert_worker_ms,2,0.1094,RTX 5090 post-fusion physical worker services: refreshed attention/projection/shared/endpoint/reduction plus exact grouped top-16 experts,RTX 5090 SM120
16,1,expert_worker_ms,3,0.109,RTX 5090 post-fusion physical worker services: refreshed attention/projection/shared/endpoint/reduction plus exact grouped top-16 experts,RTX 5090 SM120
16,1,expert_worker_ms,4,0.117,RTX 5090 post-fusion physical worker services: refreshed attention/projection/shared/endpoint/reduction plus exact grouped top-16 experts,RTX 5090 SM120
16,1,expert_worker_ms,5,0.1145,RTX 5090 post-fusion physical worker services: refreshed attention/projection/shared/endpoint/reduction plus exact grouped top-16 experts,RTX 5090 SM120
16,1,expert_worker_ms,6,0.1157,RTX 5090 post-fusion physical worker services: refreshed attention/projection/shared/endpoint/reduction plus exact grouped top-16 experts,RTX 5090 SM120
16,1,expert_worker_ms,7,0.1148,RTX 5090 post-fusion physical worker services: refreshed attention/projection/shared/endpoint/reduction plus exact grouped top-16 experts,RTX 5090 SM120
16,1,expert_worker_ms,8,0.1124,RTX 5090 post-fusion physical worker services: refreshed attention/projection/shared/endpoint/reduction plus exact grouped top-16 experts,RTX 5090 SM120
16,1,expert_worker_ms,9,0.1148,RTX 5090 post-fusion physical worker services: refreshed attention/projection/shared/endpoint/reduction plus exact grouped top-16 experts,RTX 5090 SM120
16,1,expert_worker_ms,10,0.1143,RTX 5090 post-fusion physical worker services: refreshed attention/projection/shared/endpoint/reduction plus exact grouped top-16 experts,RTX 5090 SM120
16,1,expert_worker_ms,11,0.1146,RTX 5090 post-fusion physical worker services: refreshed attention/projection/shared/endpoint/reduction plus exact grouped top-16 experts,RTX 5090 SM120
16,1,expert_worker_ms,12,0.1145,RTX 5090 post-fusion physical worker services: refreshed attention/projection/shared/endpoint/reduction plus exact grouped top-16 experts,RTX 5090 SM120
16,1,expert_worker_ms,13,0.1154,RTX 5090 post-fusion physical worker services: refreshed attention/projection/shared/endpoint/reduction plus exact grouped top-16 experts,RTX 5090 SM120
16,1,expert_worker_ms,14,0.1146,RTX 5090 post-fusion physical worker services: refreshed attention/projection/shared/endpoint/reduction plus exact grouped top-16 experts,RTX 5090 SM120
16,1,expert_worker_ms,15,0.116,RTX 5090 post-fusion physical worker services: refreshed attention/projection/shared/endpoint/reduction plus exact grouped top-16 experts,RTX 5090 SM120
16,1,routed_norm_ms,shared,0.0309,RTX 5090 post-fusion physical worker services: refreshed attention/projection/shared/endpoint/reduction plus exact grouped top-16 experts,RTX 5090 SM120
16,1,latent_up_shared_worker_ms,0,0.1325,RTX 5090 post-fusion physical worker services: refreshed attention/projection/shared/endpoint/reduction plus exact grouped top-16 experts,RTX 5090 SM120
16,1,latent_up_shared_worker_ms,1,0.1338,RTX 5090 post-fusion physical worker services: refreshed attention/projection/shared/endpoint/reduction plus exact grouped top-16 experts,RTX 5090 SM120
16,1,latent_up_shared_worker_ms,2,0.1397,RTX 5090 post-fusion physical worker services: refreshed attention/projection/shared/endpoint/reduction plus exact grouped top-16 experts,RTX 5090 SM120
16,1,latent_up_shared_worker_ms,3,0.1401,RTX 5090 post-fusion physical worker services: refreshed attention/projection/shared/endpoint/reduction plus exact grouped top-16 experts,RTX 5090 SM120
16,1,latent_up_shared_worker_ms,4,0.1457,RTX 5090 post-fusion physical worker services: refreshed attention/projection/shared/endpoint/reduction plus exact grouped top-16 experts,RTX 5090 SM120
16,1,latent_up_shared_worker_ms,5,0.1371,RTX 5090 post-fusion physical worker services: refreshed attention/projection/shared/endpoint/reduction plus exact grouped top-16 experts,RTX 5090 SM120
16,1,latent_up_shared_worker_ms,6,0.1355,RTX 5090 post-fusion physical worker services: refreshed attention/projection/shared/endpoint/reduction plus exact grouped top-16 experts,RTX 5090 SM120
16,1,latent_up_shared_worker_ms,7,0.1303,RTX 5090 post-fusion physical worker services: refreshed attention/projection/shared/endpoint/reduction plus exact grouped top-16 experts,RTX 5090 SM120
16,1,latent_up_shared_worker_ms,8,0.1386,RTX 5090 post-fusion physical worker services: refreshed attention/projection/shared/endpoint/reduction plus exact grouped top-16 experts,RTX 5090 SM120
16,1,latent_up_shared_worker_ms,9,0.1354,RTX 5090 post-fusion physical worker services: refreshed attention/projection/shared/endpoint/reduction plus exact grouped top-16 experts,RTX 5090 SM120
16,1,latent_up_shared_worker_ms,10,0.1335,RTX 5090 post-fusion physical worker services: refreshed attention/projection/shared/endpoint/reduction plus exact grouped top-16 experts,RTX 5090 SM120
16,1,latent_up_shared_worker_ms,11,0.1421,RTX 5090 post-fusion physical worker services: refreshed attention/projection/shared/endpoint/reduction plus exact grouped top-16 experts,RTX 5090 SM120
16,1,latent_up_shared_worker_ms,12,0.1491,RTX 5090 post-fusion physical worker services: refreshed attention/projection/shared/endpoint/reduction plus exact grouped top-16 experts,RTX 5090 SM120
16,1,latent_up_shared_worker_ms,13,0.134,RTX 5090 post-fusion physical worker services: refreshed attention/projection/shared/endpoint/reduction plus exact grouped top-16 experts,RTX 5090 SM120
16,1,latent_up_shared_worker_ms,14,0.1353,RTX 5090 post-fusion physical worker services: refreshed attention/projection/shared/endpoint/reduction plus exact grouped top-16 experts,RTX 5090 SM120
16,1,latent_up_shared_worker_ms,15,0.1373,RTX 5090 post-fusion physical worker services: refreshed attention/projection/shared/endpoint/reduction plus exact grouped top-16 experts,RTX 5090 SM120
16,1,dense_worker_ms,0,0.1822,RTX 5090 post-fusion physical worker services: refreshed attention/projection/shared/endpoint/reduction plus exact grouped top-16 experts,RTX 5090 SM120
16,1,dense_worker_ms,1,0.1578,RTX 5090 post-fusion physical worker services: refreshed attention/projection/shared/endpoint/reduction plus exact grouped top-16 experts,RTX 5090 SM120
16,1,dense_worker_ms,2,0.14,RTX 5090 post-fusion physical worker services: refreshed attention/projection/shared/endpoint/reduction plus exact grouped top-16 experts,RTX 5090 SM120
16,1,dense_worker_ms,3,0.1525,RTX 5090 post-fusion physical worker services: refreshed attention/projection/shared/endpoint/reduction plus exact grouped top-16 experts,RTX 5090 SM120
16,1,dense_worker_ms,4,0.1476,RTX 5090 post-fusion physical worker services: refreshed attention/projection/shared/endpoint/reduction plus exact grouped top-16 experts,RTX 5090 SM120
16,1,dense_worker_ms,5,0.1464,RTX 5090 post-fusion physical worker services: refreshed attention/projection/shared/endpoint/reduction plus exact grouped top-16 experts,RTX 5090 SM120
16,1,dense_worker_ms,6,0.1407,RTX 5090 post-fusion physical worker services: refreshed attention/projection/shared/endpoint/reduction plus exact grouped top-16 experts,RTX 5090 SM120
16,1,dense_worker_ms,7,0.152,RTX 5090 post-fusion physical worker services: refreshed attention/projection/shared/endpoint/reduction plus exact grouped top-16 experts,RTX 5090 SM120
16,1,dense_worker_ms,8,0.152,RTX 5090 post-fusion physical worker services: refreshed attention/projection/shared/endpoint/reduction plus exact grouped top-16 experts,RTX 5090 SM120
16,1,dense_worker_ms,9,0.1499,RTX 5090 post-fusion physical worker services: refreshed attention/projection/shared/endpoint/reduction plus exact grouped top-16 experts,RTX 5090 SM120
16,1,dense_worker_ms,10,0.1496,RTX 5090 post-fusion physical worker services: refreshed attention/projection/shared/endpoint/reduction plus exact grouped top-16 experts,RTX 5090 SM120
16,1,dense_worker_ms,11,0.1479,RTX 5090 post-fusion physical worker services: refreshed attention/projection/shared/endpoint/reduction plus exact grouped top-16 experts,RTX 5090 SM120
16,1,dense_worker_ms,12,0.1531,RTX 5090 post-fusion physical worker services: refreshed attention/projection/shared/endpoint/reduction plus exact grouped top-16 experts,RTX 5090 SM120
16,1,dense_worker_ms,13,0.1888,RTX 5090 post-fusion physical worker services: refreshed attention/projection/shared/endpoint/reduction plus exact grouped top-16 experts,RTX 5090 SM120
16,1,dense_worker_ms,14,0.1515,RTX 5090 post-fusion physical worker services: refreshed attention/projection/shared/endpoint/reduction plus exact grouped top-16 experts,RTX 5090 SM120
16,1,dense_worker_ms,15,0.1476,RTX 5090 post-fusion physical worker services: refreshed attention/projection/shared/endpoint/reduction plus exact grouped top-16 experts,RTX 5090 SM120
16,1,layer_finalize_ms,shared,0.00755,RTX 5090 post-fusion physical worker services: refreshed attention/projection/shared/endpoint/reduction plus exact grouped top-16 experts,RTX 5090 SM120
16,1,endpoint_worker_ms,0,0.2651,RTX 5090 post-fusion physical worker services: refreshed attention/projection/shared/endpoint/reduction plus exact grouped top-16 experts,RTX 5090 SM120
16,1,endpoint_worker_ms,1,0.3133,RTX 5090 post-fusion physical worker services: refreshed attention/projection/shared/endpoint/reduction plus exact grouped top-16 experts,RTX 5090 SM120
16,1,endpoint_worker_ms,2,0.2685,RTX 5090 post-fusion physical worker services: refreshed attention/projection/shared/endpoint/reduction plus exact grouped top-16 experts,RTX 5090 SM120
16,1,endpoint_worker_ms,3,0.2844,RTX 5090 post-fusion physical worker services: refreshed attention/projection/shared/endpoint/reduction plus exact grouped top-16 experts,RTX 5090 SM120
16,1,endpoint_worker_ms,4,0.2649,RTX 5090 post-fusion physical worker services: refreshed attention/projection/shared/endpoint/reduction plus exact grouped top-16 experts,RTX 5090 SM120
16,1,endpoint_worker_ms,5,0.2701,RTX 5090 post-fusion physical worker services: refreshed attention/projection/shared/endpoint/reduction plus exact grouped top-16 experts,RTX 5090 SM120
16,1,endpoint_worker_ms,6,0.2609,RTX 5090 post-fusion physical worker services: refreshed attention/projection/shared/endpoint/reduction plus exact grouped top-16 experts,RTX 5090 SM120
16,1,endpoint_worker_ms,7,0.3091,RTX 5090 post-fusion physical worker services: refreshed attention/projection/shared/endpoint/reduction plus exact grouped top-16 experts,RTX 5090 SM120
16,1,endpoint_worker_ms,8,0.2783,RTX 5090 post-fusion physical worker services: refreshed attention/projection/shared/endpoint/reduction plus exact grouped top-16 experts,RTX 5090 SM120
16,1,endpoint_worker_ms,9,0.2663,RTX 5090 post-fusion physical worker services: refreshed attention/projection/shared/endpoint/reduction plus exact grouped top-16 experts,RTX 5090 SM120
16,1,endpoint_worker_ms,10,0.2659,RTX 5090 post-fusion physical worker services: refreshed attention/projection/shared/endpoint/reduction plus exact grouped top-16 experts,RTX 5090 SM120
16,1,endpoint_worker_ms,11,0.2835,RTX 5090 post-fusion physical worker services: refreshed attention/projection/shared/endpoint/reduction plus exact grouped top-16 experts,RTX 5090 SM120
16,1,endpoint_worker_ms,12,0.2722,RTX 5090 post-fusion physical worker services: refreshed attention/projection/shared/endpoint/reduction plus exact grouped top-16 experts,RTX 5090 SM120
16,1,endpoint_worker_ms,13,0.2583,RTX 5090 post-fusion physical worker services: refreshed attention/projection/shared/endpoint/reduction plus exact grouped top-16 experts,RTX 5090 SM120
16,1,endpoint_worker_ms,14,0.2623,RTX 5090 post-fusion physical worker services: refreshed attention/projection/shared/endpoint/reduction plus exact grouped top-16 experts,RTX 5090 SM120
16,1,endpoint_worker_ms,15,0.2729,RTX 5090 post-fusion physical worker services: refreshed attention/projection/shared/endpoint/reduction plus exact grouped top-16 experts,RTX 5090 SM120
16,1,embedding_ms,shared,0.0089,RTX 5090 post-fusion physical worker services: refreshed attention/projection/shared/endpoint/reduction plus exact grouped top-16 experts,RTX 5090 SM120
16,1,hidden_pair_reduce_ms,shared,0.0151,RTX 5090 post-fusion physical worker services: refreshed attention/projection/shared/endpoint/reduction plus exact grouped top-16 experts,RTX 5090 SM120
16,1,latent_pair_reduce_ms,shared,0.0168,RTX 5090 post-fusion physical worker services: refreshed attention/projection/shared/endpoint/reduction plus exact grouped top-16 experts,RTX 5090 SM120
16,2,degree,shared,16,RTX 5090 post-fusion physical worker services: refreshed attention/projection/shared/endpoint/reduction plus exact grouped top-16 experts,RTX 5090 SM120
16,2,rows,shared,2,RTX 5090 post-fusion physical worker services: refreshed attention/projection/shared/endpoint/reduction plus exact grouped top-16 experts,RTX 5090 SM120
16,2,kda_common_ms,shared,0.10930000000000001,RTX 5090 post-fusion physical worker services: refreshed attention/projection/shared/endpoint/reduction plus exact grouped top-16 experts,RTX 5090 SM120
16,2,kda_worker_ms,0,0.3254,RTX 5090 post-fusion physical worker services: refreshed attention/projection/shared/endpoint/reduction plus exact grouped top-16 experts,RTX 5090 SM120
16,2,kda_worker_ms,1,0.3225,RTX 5090 post-fusion physical worker services: refreshed attention/projection/shared/endpoint/reduction plus exact grouped top-16 experts,RTX 5090 SM120
16,2,kda_worker_ms,2,0.3227,RTX 5090 post-fusion physical worker services: refreshed attention/projection/shared/endpoint/reduction plus exact grouped top-16 experts,RTX 5090 SM120
16,2,kda_worker_ms,3,0.3182,RTX 5090 post-fusion physical worker services: refreshed attention/projection/shared/endpoint/reduction plus exact grouped top-16 experts,RTX 5090 SM120
16,2,kda_worker_ms,4,0.3186,RTX 5090 post-fusion physical worker services: refreshed attention/projection/shared/endpoint/reduction plus exact grouped top-16 experts,RTX 5090 SM120
16,2,kda_worker_ms,5,0.3241,RTX 5090 post-fusion physical worker services: refreshed attention/projection/shared/endpoint/reduction plus exact grouped top-16 experts,RTX 5090 SM120
16,2,kda_worker_ms,6,0.3213,RTX 5090 post-fusion physical worker services: refreshed attention/projection/shared/endpoint/reduction plus exact grouped top-16 experts,RTX 5090 SM120
16,2,kda_worker_ms,7,0.3221,RTX 5090 post-fusion physical worker services: refreshed attention/projection/shared/endpoint/reduction plus exact grouped top-16 experts,RTX 5090 SM120
16,2,kda_worker_ms,8,0.3208,RTX 5090 post-fusion physical worker services: refreshed attention/projection/shared/endpoint/reduction plus exact grouped top-16 experts,RTX 5090 SM120
16,2,kda_worker_ms,9,0.3209,RTX 5090 post-fusion physical worker services: refreshed attention/projection/shared/endpoint/reduction plus exact grouped top-16 experts,RTX 5090 SM120
16,2,kda_worker_ms,10,0.3242,RTX 5090 post-fusion physical worker services: refreshed attention/projection/shared/endpoint/reduction plus exact grouped top-16 experts,RTX 5090 SM120
16,2,kda_worker_ms,11,0.3224,RTX 5090 post-fusion physical worker services: refreshed attention/projection/shared/endpoint/reduction plus exact grouped top-16 experts,RTX 5090 SM120
16,2,kda_worker_ms,12,0.3218,RTX 5090 post-fusion physical worker services: refreshed attention/projection/shared/endpoint/reduction plus exact grouped top-16 experts,RTX 5090 SM120
16,2,kda_worker_ms,13,0.3204,RTX 5090 post-fusion physical worker services: refreshed attention/projection/shared/endpoint/reduction plus exact grouped top-16 experts,RTX 5090 SM120
16,2,kda_worker_ms,14,0.3222,RTX 5090 post-fusion physical worker services: refreshed attention/projection/shared/endpoint/reduction plus exact grouped top-16 experts,RTX 5090 SM120
16,2,kda_worker_ms,15,0.3249,RTX 5090 post-fusion physical worker services: refreshed attention/projection/shared/endpoint/reduction plus exact grouped top-16 experts,RTX 5090 SM120
16,2,mla_common_ms,shared,0.1516,RTX 5090 post-fusion physical worker services: refreshed attention/projection/shared/endpoint/reduction plus exact grouped top-16 experts,RTX 5090 SM120
16,2,mla_worker_ms,0,0.2614,RTX 5090 post-fusion physical worker services: refreshed attention/projection/shared/endpoint/reduction plus exact grouped top-16 experts,RTX 5090 SM120
16,2,mla_worker_ms,1,0.2633,RTX 5090 post-fusion physical worker services: refreshed attention/projection/shared/endpoint/reduction plus exact grouped top-16 experts,RTX 5090 SM120
16,2,mla_worker_ms,2,0.2652,RTX 5090 post-fusion physical worker services: refreshed attention/projection/shared/endpoint/reduction plus exact grouped top-16 experts,RTX 5090 SM120
16,2,mla_worker_ms,3,0.2633,RTX 5090 post-fusion physical worker services: refreshed attention/projection/shared/endpoint/reduction plus exact grouped top-16 experts,RTX 5090 SM120
16,2,mla_worker_ms,4,0.2651,RTX 5090 post-fusion physical worker services: refreshed attention/projection/shared/endpoint/reduction plus exact grouped top-16 experts,RTX 5090 SM120
16,2,mla_worker_ms,5,0.2625,RTX 5090 post-fusion physical worker services: refreshed attention/projection/shared/endpoint/reduction plus exact grouped top-16 experts,RTX 5090 SM120
16,2,mla_worker_ms,6,0.2629,RTX 5090 post-fusion physical worker services: refreshed attention/projection/shared/endpoint/reduction plus exact grouped top-16 experts,RTX 5090 SM120
16,2,mla_worker_ms,7,0.2654,RTX 5090 post-fusion physical worker services: refreshed attention/projection/shared/endpoint/reduction plus exact grouped top-16 experts,RTX 5090 SM120
16,2,mla_worker_ms,8,0.2668,RTX 5090 post-fusion physical worker services: refreshed attention/projection/shared/endpoint/reduction plus exact grouped top-16 experts,RTX 5090 SM120
16,2,mla_worker_ms,9,0.2643,RTX 5090 post-fusion physical worker services: refreshed attention/projection/shared/endpoint/reduction plus exact grouped top-16 experts,RTX 5090 SM120
16,2,mla_worker_ms,10,0.2616,RTX 5090 post-fusion physical worker services: refreshed attention/projection/shared/endpoint/reduction plus exact grouped top-16 experts,RTX 5090 SM120
16,2,mla_worker_ms,11,0.2633,RTX 5090 post-fusion physical worker services: refreshed attention/projection/shared/endpoint/reduction plus exact grouped top-16 experts,RTX 5090 SM120
16,2,mla_worker_ms,12,0.2632,RTX 5090 post-fusion physical worker services: refreshed attention/projection/shared/endpoint/reduction plus exact grouped top-16 experts,RTX 5090 SM120
16,2,mla_worker_ms,13,0.2642,RTX 5090 post-fusion physical worker services: refreshed attention/projection/shared/endpoint/reduction plus exact grouped top-16 experts,RTX 5090 SM120
16,2,mla_worker_ms,14,0.2622,RTX 5090 post-fusion physical worker services: refreshed attention/projection/shared/endpoint/reduction plus exact grouped top-16 experts,RTX 5090 SM120
16,2,mla_worker_ms,15,0.2633,RTX 5090 post-fusion physical worker services: refreshed attention/projection/shared/endpoint/reduction plus exact grouped top-16 experts,RTX 5090 SM120
16,2,moe_pre_ms,shared,0.5018,RTX 5090 post-fusion physical worker services: refreshed attention/projection/shared/endpoint/reduction plus exact grouped top-16 experts,RTX 5090 SM120
16,2,latent_down_worker_ms,0,0.051,RTX 5090 post-fusion physical worker services: refreshed attention/projection/shared/endpoint/reduction plus exact grouped top-16 experts,RTX 5090 SM120
16,2,latent_down_worker_ms,1,0.049,RTX 5090 post-fusion physical worker services: refreshed attention/projection/shared/endpoint/reduction plus exact grouped top-16 experts,RTX 5090 SM120
16,2,latent_down_worker_ms,2,0.0398,RTX 5090 post-fusion physical worker services: refreshed attention/projection/shared/endpoint/reduction plus exact grouped top-16 experts,RTX 5090 SM120
16,2,latent_down_worker_ms,3,0.0491,RTX 5090 post-fusion physical worker services: refreshed attention/projection/shared/endpoint/reduction plus exact grouped top-16 experts,RTX 5090 SM120
16,2,latent_down_worker_ms,4,0.0501,RTX 5090 post-fusion physical worker services: refreshed attention/projection/shared/endpoint/reduction plus exact grouped top-16 experts,RTX 5090 SM120
16,2,latent_down_worker_ms,5,0.0492,RTX 5090 post-fusion physical worker services: refreshed attention/projection/shared/endpoint/reduction plus exact grouped top-16 experts,RTX 5090 SM120
16,2,latent_down_worker_ms,6,0.0511,RTX 5090 post-fusion physical worker services: refreshed attention/projection/shared/endpoint/reduction plus exact grouped top-16 experts,RTX 5090 SM120
16,2,latent_down_worker_ms,7,0.0477,RTX 5090 post-fusion physical worker services: refreshed attention/projection/shared/endpoint/reduction plus exact grouped top-16 experts,RTX 5090 SM120
16,2,latent_down_worker_ms,8,0.0394,RTX 5090 post-fusion physical worker services: refreshed attention/projection/shared/endpoint/reduction plus exact grouped top-16 experts,RTX 5090 SM120
16,2,latent_down_worker_ms,9,0.0374,RTX 5090 post-fusion physical worker services: refreshed attention/projection/shared/endpoint/reduction plus exact grouped top-16 experts,RTX 5090 SM120
16,2,latent_down_worker_ms,10,0.0353,RTX 5090 post-fusion physical worker services: refreshed attention/projection/shared/endpoint/reduction plus exact grouped top-16 experts,RTX 5090 SM120
16,2,latent_down_worker_ms,11,0.037,RTX 5090 post-fusion physical worker services: refreshed attention/projection/shared/endpoint/reduction plus exact grouped top-16 experts,RTX 5090 SM120
16,2,latent_down_worker_ms,12,0.0376,RTX 5090 post-fusion physical worker services: refreshed attention/projection/shared/endpoint/reduction plus exact grouped top-16 experts,RTX 5090 SM120
16,2,latent_down_worker_ms,13,0.0505,RTX 5090 post-fusion physical worker services: refreshed attention/projection/shared/endpoint/reduction plus exact grouped top-16 experts,RTX 5090 SM120
16,2,latent_down_worker_ms,14,0.0364,RTX 5090 post-fusion physical worker services: refreshed attention/projection/shared/endpoint/reduction plus exact grouped top-16 experts,RTX 5090 SM120
16,2,latent_down_worker_ms,15,0.037,RTX 5090 post-fusion physical worker services: refreshed attention/projection/shared/endpoint/reduction plus exact grouped top-16 experts,RTX 5090 SM120
16,2,expert_worker_ms,0,0.1842,RTX 5090 post-fusion physical worker services: refreshed attention/projection/shared/endpoint/reduction plus exact grouped top-16 experts,RTX 5090 SM120
16,2,expert_worker_ms,1,0.1868,RTX 5090 post-fusion physical worker services: refreshed attention/projection/shared/endpoint/reduction plus exact grouped top-16 experts,RTX 5090 SM120
16,2,expert_worker_ms,2,0.1868,RTX 5090 post-fusion physical worker services: refreshed attention/projection/shared/endpoint/reduction plus exact grouped top-16 experts,RTX 5090 SM120
16,2,expert_worker_ms,3,0.1826,RTX 5090 post-fusion physical worker services: refreshed attention/projection/shared/endpoint/reduction plus exact grouped top-16 experts,RTX 5090 SM120
16,2,expert_worker_ms,4,0.1829,RTX 5090 post-fusion physical worker services: refreshed attention/projection/shared/endpoint/reduction plus exact grouped top-16 experts,RTX 5090 SM120
16,2,expert_worker_ms,5,0.1811,RTX 5090 post-fusion physical worker services: refreshed attention/projection/shared/endpoint/reduction plus exact grouped top-16 experts,RTX 5090 SM120
16,2,expert_worker_ms,6,0.1808,RTX 5090 post-fusion physical worker services: refreshed attention/projection/shared/endpoint/reduction plus exact grouped top-16 experts,RTX 5090 SM120
16,2,expert_worker_ms,7,0.1821,RTX 5090 post-fusion physical worker services: refreshed attention/projection/shared/endpoint/reduction plus exact grouped top-16 experts,RTX 5090 SM120
16,2,expert_worker_ms,8,0.1811,RTX 5090 post-fusion physical worker services: refreshed attention/projection/shared/endpoint/reduction plus exact grouped top-16 experts,RTX 5090 SM120
16,2,expert_worker_ms,9,0.1823,RTX 5090 post-fusion physical worker services: refreshed attention/projection/shared/endpoint/reduction plus exact grouped top-16 experts,RTX 5090 SM120
16,2,expert_worker_ms,10,0.1871,RTX 5090 post-fusion physical worker services: refreshed attention/projection/shared/endpoint/reduction plus exact grouped top-16 experts,RTX 5090 SM120
16,2,expert_worker_ms,11,0.1809,RTX 5090 post-fusion physical worker services: refreshed attention/projection/shared/endpoint/reduction plus exact grouped top-16 experts,RTX 5090 SM120
16,2,expert_worker_ms,12,0.1862,RTX 5090 post-fusion physical worker services: refreshed attention/projection/shared/endpoint/reduction plus exact grouped top-16 experts,RTX 5090 SM120
16,2,expert_worker_ms,13,0.1819,RTX 5090 post-fusion physical worker services: refreshed attention/projection/shared/endpoint/reduction plus exact grouped top-16 experts,RTX 5090 SM120
16,2,expert_worker_ms,14,0.1807,RTX 5090 post-fusion physical worker services: refreshed attention/projection/shared/endpoint/reduction plus exact grouped top-16 experts,RTX 5090 SM120
16,2,expert_worker_ms,15,0.1836,RTX 5090 post-fusion physical worker services: refreshed attention/projection/shared/endpoint/reduction plus exact grouped top-16 experts,RTX 5090 SM120
16,2,routed_norm_ms,shared,0.0311,RTX 5090 post-fusion physical worker services: refreshed attention/projection/shared/endpoint/reduction plus exact grouped top-16 experts,RTX 5090 SM120
16,2,latent_up_shared_worker_ms,0,0.177,RTX 5090 post-fusion physical worker services: refreshed attention/projection/shared/endpoint/reduction plus exact grouped top-16 experts,RTX 5090 SM120
16,2,latent_up_shared_worker_ms,1,0.176,RTX 5090 post-fusion physical worker services: refreshed attention/projection/shared/endpoint/reduction plus exact grouped top-16 experts,RTX 5090 SM120
16,2,latent_up_shared_worker_ms,2,0.17470000000000002,RTX 5090 post-fusion physical worker services: refreshed attention/projection/shared/endpoint/reduction plus exact grouped top-16 experts,RTX 5090 SM120
16,2,latent_up_shared_worker_ms,3,0.17709999999999998,RTX 5090 post-fusion physical worker services: refreshed attention/projection/shared/endpoint/reduction plus exact grouped top-16 experts,RTX 5090 SM120
16,2,latent_up_shared_worker_ms,4,0.1604,RTX 5090 post-fusion physical worker services: refreshed attention/projection/shared/endpoint/reduction plus exact grouped top-16 experts,RTX 5090 SM120
16,2,latent_up_shared_worker_ms,5,0.1733,RTX 5090 post-fusion physical worker services: refreshed attention/projection/shared/endpoint/reduction plus exact grouped top-16 experts,RTX 5090 SM120
16,2,latent_up_shared_worker_ms,6,0.1627,RTX 5090 post-fusion physical worker services: refreshed attention/projection/shared/endpoint/reduction plus exact grouped top-16 experts,RTX 5090 SM120
16,2,latent_up_shared_worker_ms,7,0.1686,RTX 5090 post-fusion physical worker services: refreshed attention/projection/shared/endpoint/reduction plus exact grouped top-16 experts,RTX 5090 SM120
16,2,latent_up_shared_worker_ms,8,0.1998,RTX 5090 post-fusion physical worker services: refreshed attention/projection/shared/endpoint/reduction plus exact grouped top-16 experts,RTX 5090 SM120
16,2,latent_up_shared_worker_ms,9,0.1659,RTX 5090 post-fusion physical worker services: refreshed attention/projection/shared/endpoint/reduction plus exact grouped top-16 experts,RTX 5090 SM120
16,2,latent_up_shared_worker_ms,10,0.1774,RTX 5090 post-fusion physical worker services: refreshed attention/projection/shared/endpoint/reduction plus exact grouped top-16 experts,RTX 5090 SM120
16,2,latent_up_shared_worker_ms,11,0.1676,RTX 5090 post-fusion physical worker services: refreshed attention/projection/shared/endpoint/reduction plus exact grouped top-16 experts,RTX 5090 SM120
16,2,latent_up_shared_worker_ms,12,0.1684,RTX 5090 post-fusion physical worker services: refreshed attention/projection/shared/endpoint/reduction plus exact grouped top-16 experts,RTX 5090 SM120
16,2,latent_up_shared_worker_ms,13,0.18020000000000003,RTX 5090 post-fusion physical worker services: refreshed attention/projection/shared/endpoint/reduction plus exact grouped top-16 experts,RTX 5090 SM120
16,2,latent_up_shared_worker_ms,14,0.1659,RTX 5090 post-fusion physical worker services: refreshed attention/projection/shared/endpoint/reduction plus exact grouped top-16 experts,RTX 5090 SM120
16,2,latent_up_shared_worker_ms,15,0.1689,RTX 5090 post-fusion physical worker services: refreshed attention/projection/shared/endpoint/reduction plus exact grouped top-16 experts,RTX 5090 SM120
16,2,dense_worker_ms,0,0.2332,RTX 5090 post-fusion physical worker services: refreshed attention/projection/shared/endpoint/reduction plus exact grouped top-16 experts,RTX 5090 SM120
16,2,dense_worker_ms,1,0.203,RTX 5090 post-fusion physical worker services: refreshed attention/projection/shared/endpoint/reduction plus exact grouped top-16 experts,RTX 5090 SM120
16,2,dense_worker_ms,2,0.212,RTX 5090 post-fusion physical worker services: refreshed attention/projection/shared/endpoint/reduction plus exact grouped top-16 experts,RTX 5090 SM120
16,2,dense_worker_ms,3,0.2169,RTX 5090 post-fusion physical worker services: refreshed attention/projection/shared/endpoint/reduction plus exact grouped top-16 experts,RTX 5090 SM120
16,2,dense_worker_ms,4,0.2069,RTX 5090 post-fusion physical worker services: refreshed attention/projection/shared/endpoint/reduction plus exact grouped top-16 experts,RTX 5090 SM120
16,2,dense_worker_ms,5,0.2108,RTX 5090 post-fusion physical worker services: refreshed attention/projection/shared/endpoint/reduction plus exact grouped top-16 experts,RTX 5090 SM120
16,2,dense_worker_ms,6,0.2126,RTX 5090 post-fusion physical worker services: refreshed attention/projection/shared/endpoint/reduction plus exact grouped top-16 experts,RTX 5090 SM120
16,2,dense_worker_ms,7,0.2165,RTX 5090 post-fusion physical worker services: refreshed attention/projection/shared/endpoint/reduction plus exact grouped top-16 experts,RTX 5090 SM120
16,2,dense_worker_ms,8,0.2087,RTX 5090 post-fusion physical worker services: refreshed attention/projection/shared/endpoint/reduction plus exact grouped top-16 experts,RTX 5090 SM120
16,2,dense_worker_ms,9,0.2071,RTX 5090 post-fusion physical worker services: refreshed attention/projection/shared/endpoint/reduction plus exact grouped top-16 experts,RTX 5090 SM120
16,2,dense_worker_ms,10,0.2133,RTX 5090 post-fusion physical worker services: refreshed attention/projection/shared/endpoint/reduction plus exact grouped top-16 experts,RTX 5090 SM120
16,2,dense_worker_ms,11,0.213,RTX 5090 post-fusion physical worker services: refreshed attention/projection/shared/endpoint/reduction plus exact grouped top-16 experts,RTX 5090 SM120
16,2,dense_worker_ms,12,0.2088,RTX 5090 post-fusion physical worker services: refreshed attention/projection/shared/endpoint/reduction plus exact grouped top-16 experts,RTX 5090 SM120
16,2,dense_worker_ms,13,0.2088,RTX 5090 post-fusion physical worker services: refreshed attention/projection/shared/endpoint/reduction plus exact grouped top-16 experts,RTX 5090 SM120
16,2,dense_worker_ms,14,0.2011,RTX 5090 post-fusion physical worker services: refreshed attention/projection/shared/endpoint/reduction plus exact grouped top-16 experts,RTX 5090 SM120
16,2,dense_worker_ms,15,0.2147,RTX 5090 post-fusion physical worker services: refreshed attention/projection/shared/endpoint/reduction plus exact grouped top-16 experts,RTX 5090 SM120
16,2,layer_finalize_ms,shared,0.0073,RTX 5090 post-fusion physical worker services: refreshed attention/projection/shared/endpoint/reduction plus exact grouped top-16 experts,RTX 5090 SM120
16,2,endpoint_worker_ms,0,0.3521,RTX 5090 post-fusion physical worker services: refreshed attention/projection/shared/endpoint/reduction plus exact grouped top-16 experts,RTX 5090 SM120
16,2,endpoint_worker_ms,1,0.3382,RTX 5090 post-fusion physical worker services: refreshed attention/projection/shared/endpoint/reduction plus exact grouped top-16 experts,RTX 5090 SM120
16,2,endpoint_worker_ms,2,0.3471,RTX 5090 post-fusion physical worker services: refreshed attention/projection/shared/endpoint/reduction plus exact grouped top-16 experts,RTX 5090 SM120
16,2,endpoint_worker_ms,3,0.3223,RTX 5090 post-fusion physical worker services: refreshed attention/projection/shared/endpoint/reduction plus exact grouped top-16 experts,RTX 5090 SM120
16,2,endpoint_worker_ms,4,0.3428,RTX 5090 post-fusion physical worker services: refreshed attention/projection/shared/endpoint/reduction plus exact grouped top-16 experts,RTX 5090 SM120
16,2,endpoint_worker_ms,5,0.3433,RTX 5090 post-fusion physical worker services: refreshed attention/projection/shared/endpoint/reduction plus exact grouped top-16 experts,RTX 5090 SM120
16,2,endpoint_worker_ms,6,0.3425,RTX 5090 post-fusion physical worker services: refreshed attention/projection/shared/endpoint/reduction plus exact grouped top-16 experts,RTX 5090 SM120
16,2,endpoint_worker_ms,7,0.3281,RTX 5090 post-fusion physical worker services: refreshed attention/projection/shared/endpoint/reduction plus exact grouped top-16 experts,RTX 5090 SM120
16,2,endpoint_worker_ms,8,0.3439,RTX 5090 post-fusion physical worker services: refreshed attention/projection/shared/endpoint/reduction plus exact grouped top-16 experts,RTX 5090 SM120
16,2,endpoint_worker_ms,9,0.337,RTX 5090 post-fusion physical worker services: refreshed attention/projection/shared/endpoint/reduction plus exact grouped top-16 experts,RTX 5090 SM120
16,2,endpoint_worker_ms,10,0.3277,RTX 5090 post-fusion physical worker services: refreshed attention/projection/shared/endpoint/reduction plus exact grouped top-16 experts,RTX 5090 SM120
16,2,endpoint_worker_ms,11,0.3517,RTX 5090 post-fusion physical worker services: refreshed attention/projection/shared/endpoint/reduction plus exact grouped top-16 experts,RTX 5090 SM120
16,2,endpoint_worker_ms,12,0.3292,RTX 5090 post-fusion physical worker services: refreshed attention/projection/shared/endpoint/reduction plus exact grouped top-16 experts,RTX 5090 SM120
16,2,endpoint_worker_ms,13,0.3356,RTX 5090 post-fusion physical worker services: refreshed attention/projection/shared/endpoint/reduction plus exact grouped top-16 experts,RTX 5090 SM120
16,2,endpoint_worker_ms,14,0.3314,RTX 5090 post-fusion physical worker services: refreshed attention/projection/shared/endpoint/reduction plus exact grouped top-16 experts,RTX 5090 SM120
16,2,endpoint_worker_ms,15,0.329,RTX 5090 post-fusion physical worker services: refreshed attention/projection/shared/endpoint/reduction plus exact grouped top-16 experts,RTX 5090 SM120
16,2,embedding_ms,shared,0.0089,RTX 5090 post-fusion physical worker services: refreshed attention/projection/shared/endpoint/reduction plus exact grouped top-16 experts,RTX 5090 SM120
16,2,hidden_pair_reduce_ms,shared,0.0146,RTX 5090 post-fusion physical worker services: refreshed attention/projection/shared/endpoint/reduction plus exact grouped top-16 experts,RTX 5090 SM120
16,2,latent_pair_reduce_ms,shared,0.015,RTX 5090 post-fusion physical worker services: refreshed attention/projection/shared/endpoint/reduction plus exact grouped top-16 experts,RTX 5090 SM120
16,4,degree,shared,16,RTX 5090 post-fusion physical worker services: refreshed attention/projection/shared/endpoint/reduction plus exact grouped top-16 experts,RTX 5090 SM120
16,4,rows,shared,4,RTX 5090 post-fusion physical worker services: refreshed attention/projection/shared/endpoint/reduction plus exact grouped top-16 experts,RTX 5090 SM120
16,4,kda_common_ms,shared,0.15660000000000002,RTX 5090 post-fusion physical worker services: refreshed attention/projection/shared/endpoint/reduction plus exact grouped top-16 experts,RTX 5090 SM120
16,4,kda_worker_ms,0,0.4861,RTX 5090 post-fusion physical worker services: refreshed attention/projection/shared/endpoint/reduction plus exact grouped top-16 experts,RTX 5090 SM120
16,4,kda_worker_ms,1,0.4841,RTX 5090 post-fusion physical worker services: refreshed attention/projection/shared/endpoint/reduction plus exact grouped top-16 experts,RTX 5090 SM120
16,4,kda_worker_ms,2,0.4872,RTX 5090 post-fusion physical worker services: refreshed attention/projection/shared/endpoint/reduction plus exact grouped top-16 experts,RTX 5090 SM120
16,4,kda_worker_ms,3,0.487,RTX 5090 post-fusion physical worker services: refreshed attention/projection/shared/endpoint/reduction plus exact grouped top-16 experts,RTX 5090 SM120
16,4,kda_worker_ms,4,0.4856,RTX 5090 post-fusion physical worker services: refreshed attention/projection/shared/endpoint/reduction plus exact grouped top-16 experts,RTX 5090 SM120
16,4,kda_worker_ms,5,0.486,RTX 5090 post-fusion physical worker services: refreshed attention/projection/shared/endpoint/reduction plus exact grouped top-16 experts,RTX 5090 SM120
16,4,kda_worker_ms,6,0.4862,RTX 5090 post-fusion physical worker services: refreshed attention/projection/shared/endpoint/reduction plus exact grouped top-16 experts,RTX 5090 SM120
16,4,kda_worker_ms,7,0.4986,RTX 5090 post-fusion physical worker services: refreshed attention/projection/shared/endpoint/reduction plus exact grouped top-16 experts,RTX 5090 SM120
16,4,kda_worker_ms,8,0.4843,RTX 5090 post-fusion physical worker services: refreshed attention/projection/shared/endpoint/reduction plus exact grouped top-16 experts,RTX 5090 SM120
16,4,kda_worker_ms,9,0.4835,RTX 5090 post-fusion physical worker services: refreshed attention/projection/shared/endpoint/reduction plus exact grouped top-16 experts,RTX 5090 SM120
16,4,kda_worker_ms,10,0.486,RTX 5090 post-fusion physical worker services: refreshed attention/projection/shared/endpoint/reduction plus exact grouped top-16 experts,RTX 5090 SM120
16,4,kda_worker_ms,11,0.482,RTX 5090 post-fusion physical worker services: refreshed attention/projection/shared/endpoint/reduction plus exact grouped top-16 experts,RTX 5090 SM120
16,4,kda_worker_ms,12,0.486,RTX 5090 post-fusion physical worker services: refreshed attention/projection/shared/endpoint/reduction plus exact grouped top-16 experts,RTX 5090 SM120
16,4,kda_worker_ms,13,0.485,RTX 5090 post-fusion physical worker services: refreshed attention/projection/shared/endpoint/reduction plus exact grouped top-16 experts,RTX 5090 SM120
16,4,kda_worker_ms,14,0.4831,RTX 5090 post-fusion physical worker services: refreshed attention/projection/shared/endpoint/reduction plus exact grouped top-16 experts,RTX 5090 SM120
16,4,kda_worker_ms,15,0.4864,RTX 5090 post-fusion physical worker services: refreshed attention/projection/shared/endpoint/reduction plus exact grouped top-16 experts,RTX 5090 SM120
16,4,mla_common_ms,shared,0.22560000000000002,RTX 5090 post-fusion physical worker services: refreshed attention/projection/shared/endpoint/reduction plus exact grouped top-16 experts,RTX 5090 SM120
16,4,mla_worker_ms,0,0.4209,RTX 5090 post-fusion physical worker services: refreshed attention/projection/shared/endpoint/reduction plus exact grouped top-16 experts,RTX 5090 SM120
16,4,mla_worker_ms,1,0.4269,RTX 5090 post-fusion physical worker services: refreshed attention/projection/shared/endpoint/reduction plus exact grouped top-16 experts,RTX 5090 SM120
16,4,mla_worker_ms,2,0.4229,RTX 5090 post-fusion physical worker services: refreshed attention/projection/shared/endpoint/reduction plus exact grouped top-16 experts,RTX 5090 SM120
16,4,mla_worker_ms,3,0.4291,RTX 5090 post-fusion physical worker services: refreshed attention/projection/shared/endpoint/reduction plus exact grouped top-16 experts,RTX 5090 SM120
16,4,mla_worker_ms,4,0.4242,RTX 5090 post-fusion physical worker services: refreshed attention/projection/shared/endpoint/reduction plus exact grouped top-16 experts,RTX 5090 SM120
16,4,mla_worker_ms,5,0.4209,RTX 5090 post-fusion physical worker services: refreshed attention/projection/shared/endpoint/reduction plus exact grouped top-16 experts,RTX 5090 SM120
16,4,mla_worker_ms,6,0.4251,RTX 5090 post-fusion physical worker services: refreshed attention/projection/shared/endpoint/reduction plus exact grouped top-16 experts,RTX 5090 SM120
16,4,mla_worker_ms,7,0.4211,RTX 5090 post-fusion physical worker services: refreshed attention/projection/shared/endpoint/reduction plus exact grouped top-16 experts,RTX 5090 SM120
16,4,mla_worker_ms,8,0.4221,RTX 5090 post-fusion physical worker services: refreshed attention/projection/shared/endpoint/reduction plus exact grouped top-16 experts,RTX 5090 SM120
16,4,mla_worker_ms,9,0.4221,RTX 5090 post-fusion physical worker services: refreshed attention/projection/shared/endpoint/reduction plus exact grouped top-16 experts,RTX 5090 SM120
16,4,mla_worker_ms,10,0.4212,RTX 5090 post-fusion physical worker services: refreshed attention/projection/shared/endpoint/reduction plus exact grouped top-16 experts,RTX 5090 SM120
16,4,mla_worker_ms,11,0.4231,RTX 5090 post-fusion physical worker services: refreshed attention/projection/shared/endpoint/reduction plus exact grouped top-16 experts,RTX 5090 SM120
16,4,mla_worker_ms,12,0.4216,RTX 5090 post-fusion physical worker services: refreshed attention/projection/shared/endpoint/reduction plus exact grouped top-16 experts,RTX 5090 SM120
16,4,mla_worker_ms,13,0.4217,RTX 5090 post-fusion physical worker services: refreshed attention/projection/shared/endpoint/reduction plus exact grouped top-16 experts,RTX 5090 SM120
16,4,mla_worker_ms,14,0.4206,RTX 5090 post-fusion physical worker services: refreshed attention/projection/shared/endpoint/reduction plus exact grouped top-16 experts,RTX 5090 SM120
16,4,mla_worker_ms,15,0.4226,RTX 5090 post-fusion physical worker services: refreshed attention/projection/shared/endpoint/reduction plus exact grouped top-16 experts,RTX 5090 SM120
16,4,moe_pre_ms,shared,0.5479,RTX 5090 post-fusion physical worker services: refreshed attention/projection/shared/endpoint/reduction plus exact grouped top-16 experts,RTX 5090 SM120
16,4,latent_down_worker_ms,0,0.054,RTX 5090 post-fusion physical worker services: refreshed attention/projection/shared/endpoint/reduction plus exact grouped top-16 experts,RTX 5090 SM120
16,4,latent_down_worker_ms,1,0.0775,RTX 5090 post-fusion physical worker services: refreshed attention/projection/shared/endpoint/reduction plus exact grouped top-16 experts,RTX 5090 SM120
16,4,latent_down_worker_ms,2,0.0545,RTX 5090 post-fusion physical worker services: refreshed attention/projection/shared/endpoint/reduction plus exact grouped top-16 experts,RTX 5090 SM120
16,4,latent_down_worker_ms,3,0.0552,RTX 5090 post-fusion physical worker services: refreshed attention/projection/shared/endpoint/reduction plus exact grouped top-16 experts,RTX 5090 SM120
16,4,latent_down_worker_ms,4,0.0555,RTX 5090 post-fusion physical worker services: refreshed attention/projection/shared/endpoint/reduction plus exact grouped top-16 experts,RTX 5090 SM120
16,4,latent_down_worker_ms,5,0.0568,RTX 5090 post-fusion physical worker services: refreshed attention/projection/shared/endpoint/reduction plus exact grouped top-16 experts,RTX 5090 SM120
16,4,latent_down_worker_ms,6,0.0423,RTX 5090 post-fusion physical worker services: refreshed attention/projection/shared/endpoint/reduction plus exact grouped top-16 experts,RTX 5090 SM120
16,4,latent_down_worker_ms,7,0.0515,RTX 5090 post-fusion physical worker services: refreshed attention/projection/shared/endpoint/reduction plus exact grouped top-16 experts,RTX 5090 SM120
16,4,latent_down_worker_ms,8,0.0445,RTX 5090 post-fusion physical worker services: refreshed attention/projection/shared/endpoint/reduction plus exact grouped top-16 experts,RTX 5090 SM120
16,4,latent_down_worker_ms,9,0.0538,RTX 5090 post-fusion physical worker services: refreshed attention/projection/shared/endpoint/reduction plus exact grouped top-16 experts,RTX 5090 SM120
16,4,latent_down_worker_ms,10,0.0758,RTX 5090 post-fusion physical worker services: refreshed attention/projection/shared/endpoint/reduction plus exact grouped top-16 experts,RTX 5090 SM120
16,4,latent_down_worker_ms,11,0.0559,RTX 5090 post-fusion physical worker services: refreshed attention/projection/shared/endpoint/reduction plus exact grouped top-16 experts,RTX 5090 SM120
16,4,latent_down_worker_ms,12,0.073,RTX 5090 post-fusion physical worker services: refreshed attention/projection/shared/endpoint/reduction plus exact grouped top-16 experts,RTX 5090 SM120
16,4,latent_down_worker_ms,13,0.0552,RTX 5090 post-fusion physical worker services: refreshed attention/projection/shared/endpoint/reduction plus exact grouped top-16 experts,RTX 5090 SM120
16,4,latent_down_worker_ms,14,0.0531,RTX 5090 post-fusion physical worker services: refreshed attention/projection/shared/endpoint/reduction plus exact grouped top-16 experts,RTX 5090 SM120
16,4,latent_down_worker_ms,15,0.0761,RTX 5090 post-fusion physical worker services: refreshed attention/projection/shared/endpoint/reduction plus exact grouped top-16 experts,RTX 5090 SM120
16,4,expert_worker_ms,0,0.3336,RTX 5090 post-fusion physical worker services: refreshed attention/projection/shared/endpoint/reduction plus exact grouped top-16 experts,RTX 5090 SM120
16,4,expert_worker_ms,1,0.3386,RTX 5090 post-fusion physical worker services: refreshed attention/projection/shared/endpoint/reduction plus exact grouped top-16 experts,RTX 5090 SM120
16,4,expert_worker_ms,2,0.3373,RTX 5090 post-fusion physical worker services: refreshed attention/projection/shared/endpoint/reduction plus exact grouped top-16 experts,RTX 5090 SM120
16,4,expert_worker_ms,3,0.3361,RTX 5090 post-fusion physical worker services: refreshed attention/projection/shared/endpoint/reduction plus exact grouped top-16 experts,RTX 5090 SM120
16,4,expert_worker_ms,4,0.3332,RTX 5090 post-fusion physical worker services: refreshed attention/projection/shared/endpoint/reduction plus exact grouped top-16 experts,RTX 5090 SM120
16,4,expert_worker_ms,5,0.335,RTX 5090 post-fusion physical worker services: refreshed attention/projection/shared/endpoint/reduction plus exact grouped top-16 experts,RTX 5090 SM120
16,4,expert_worker_ms,6,0.3384,RTX 5090 post-fusion physical worker services: refreshed attention/projection/shared/endpoint/reduction plus exact grouped top-16 experts,RTX 5090 SM120
16,4,expert_worker_ms,7,0.3322,RTX 5090 post-fusion physical worker services: refreshed attention/projection/shared/endpoint/reduction plus exact grouped top-16 experts,RTX 5090 SM120
16,4,expert_worker_ms,8,0.333,RTX 5090 post-fusion physical worker services: refreshed attention/projection/shared/endpoint/reduction plus exact grouped top-16 experts,RTX 5090 SM120
16,4,expert_worker_ms,9,0.3382,RTX 5090 post-fusion physical worker services: refreshed attention/projection/shared/endpoint/reduction plus exact grouped top-16 experts,RTX 5090 SM120
16,4,expert_worker_ms,10,0.3424,RTX 5090 post-fusion physical worker services: refreshed attention/projection/shared/endpoint/reduction plus exact grouped top-16 experts,RTX 5090 SM120
16,4,expert_worker_ms,11,0.3379,RTX 5090 post-fusion physical worker services: refreshed attention/projection/shared/endpoint/reduction plus exact grouped top-16 experts,RTX 5090 SM120
16,4,expert_worker_ms,12,0.3335,RTX 5090 post-fusion physical worker services: refreshed attention/projection/shared/endpoint/reduction plus exact grouped top-16 experts,RTX 5090 SM120
16,4,expert_worker_ms,13,0.3408,RTX 5090 post-fusion physical worker services: refreshed attention/projection/shared/endpoint/reduction plus exact grouped top-16 experts,RTX 5090 SM120
16,4,expert_worker_ms,14,0.3347,RTX 5090 post-fusion physical worker services: refreshed attention/projection/shared/endpoint/reduction plus exact grouped top-16 experts,RTX 5090 SM120
16,4,expert_worker_ms,15,0.3398,RTX 5090 post-fusion physical worker services: refreshed attention/projection/shared/endpoint/reduction plus exact grouped top-16 experts,RTX 5090 SM120
16,4,routed_norm_ms,shared,0.0313,RTX 5090 post-fusion physical worker services: refreshed attention/projection/shared/endpoint/reduction plus exact grouped top-16 experts,RTX 5090 SM120
16,4,latent_up_shared_worker_ms,0,0.2262,RTX 5090 post-fusion physical worker services: refreshed attention/projection/shared/endpoint/reduction plus exact grouped top-16 experts,RTX 5090 SM120
16,4,latent_up_shared_worker_ms,1,0.2162,RTX 5090 post-fusion physical worker services: refreshed attention/projection/shared/endpoint/reduction plus exact grouped top-16 experts,RTX 5090 SM120
16,4,latent_up_shared_worker_ms,2,0.2131,RTX 5090 post-fusion physical worker services: refreshed attention/projection/shared/endpoint/reduction plus exact grouped top-16 experts,RTX 5090 SM120
16,4,latent_up_shared_worker_ms,3,0.2311,RTX 5090 post-fusion physical worker services: refreshed attention/projection/shared/endpoint/reduction plus exact grouped top-16 experts,RTX 5090 SM120
16,4,latent_up_shared_worker_ms,4,0.2198,RTX 5090 post-fusion physical worker services: refreshed attention/projection/shared/endpoint/reduction plus exact grouped top-16 experts,RTX 5090 SM120
16,4,latent_up_shared_worker_ms,5,0.2991,RTX 5090 post-fusion physical worker services: refreshed attention/projection/shared/endpoint/reduction plus exact grouped top-16 experts,RTX 5090 SM120
16,4,latent_up_shared_worker_ms,6,0.2222,RTX 5090 post-fusion physical worker services: refreshed attention/projection/shared/endpoint/reduction plus exact grouped top-16 experts,RTX 5090 SM120
16,4,latent_up_shared_worker_ms,7,0.21439999999999998,RTX 5090 post-fusion physical worker services: refreshed attention/projection/shared/endpoint/reduction plus exact grouped top-16 experts,RTX 5090 SM120
16,4,latent_up_shared_worker_ms,8,0.2223,RTX 5090 post-fusion physical worker services: refreshed attention/projection/shared/endpoint/reduction plus exact grouped top-16 experts,RTX 5090 SM120
16,4,latent_up_shared_worker_ms,9,0.2174,RTX 5090 post-fusion physical worker services: refreshed attention/projection/shared/endpoint/reduction plus exact grouped top-16 experts,RTX 5090 SM120
16,4,latent_up_shared_worker_ms,10,0.2276,RTX 5090 post-fusion physical worker services: refreshed attention/projection/shared/endpoint/reduction plus exact grouped top-16 experts,RTX 5090 SM120
16,4,latent_up_shared_worker_ms,11,0.2234,RTX 5090 post-fusion physical worker services: refreshed attention/projection/shared/endpoint/reduction plus exact grouped top-16 experts,RTX 5090 SM120
16,4,latent_up_shared_worker_ms,12,0.22,RTX 5090 post-fusion physical worker services: refreshed attention/projection/shared/endpoint/reduction plus exact grouped top-16 experts,RTX 5090 SM120
16,4,latent_up_shared_worker_ms,13,0.23420000000000002,RTX 5090 post-fusion physical worker services: refreshed attention/projection/shared/endpoint/reduction plus exact grouped top-16 experts,RTX 5090 SM120
16,4,latent_up_shared_worker_ms,14,0.2268,RTX 5090 post-fusion physical worker services: refreshed attention/projection/shared/endpoint/reduction plus exact grouped top-16 experts,RTX 5090 SM120
16,4,latent_up_shared_worker_ms,15,0.2212,RTX 5090 post-fusion physical worker services: refreshed attention/projection/shared/endpoint/reduction plus exact grouped top-16 experts,RTX 5090 SM120
16,4,dense_worker_ms,0,0.349,RTX 5090 post-fusion physical worker services: refreshed attention/projection/shared/endpoint/reduction plus exact grouped top-16 experts,RTX 5090 SM120
16,4,dense_worker_ms,1,0.3397,RTX 5090 post-fusion physical worker services: refreshed attention/projection/shared/endpoint/reduction plus exact grouped top-16 experts,RTX 5090 SM120
16,4,dense_worker_ms,2,0.3438,RTX 5090 post-fusion physical worker services: refreshed attention/projection/shared/endpoint/reduction plus exact grouped top-16 experts,RTX 5090 SM120
16,4,dense_worker_ms,3,0.3408,RTX 5090 post-fusion physical worker services: refreshed attention/projection/shared/endpoint/reduction plus exact grouped top-16 experts,RTX 5090 SM120
16,4,dense_worker_ms,4,0.3317,RTX 5090 post-fusion physical worker services: refreshed attention/projection/shared/endpoint/reduction plus exact grouped top-16 experts,RTX 5090 SM120
16,4,dense_worker_ms,5,0.3402,RTX 5090 post-fusion physical worker services: refreshed attention/projection/shared/endpoint/reduction plus exact grouped top-16 experts,RTX 5090 SM120
16,4,dense_worker_ms,6,0.3364,RTX 5090 post-fusion physical worker services: refreshed attention/projection/shared/endpoint/reduction plus exact grouped top-16 experts,RTX 5090 SM120
16,4,dense_worker_ms,7,0.363,RTX 5090 post-fusion physical worker services: refreshed attention/projection/shared/endpoint/reduction plus exact grouped top-16 experts,RTX 5090 SM120
16,4,dense_worker_ms,8,0.3413,RTX 5090 post-fusion physical worker services: refreshed attention/projection/shared/endpoint/reduction plus exact grouped top-16 experts,RTX 5090 SM120
16,4,dense_worker_ms,9,0.3406,RTX 5090 post-fusion physical worker services: refreshed attention/projection/shared/endpoint/reduction plus exact grouped top-16 experts,RTX 5090 SM120
16,4,dense_worker_ms,10,0.3339,RTX 5090 post-fusion physical worker services: refreshed attention/projection/shared/endpoint/reduction plus exact grouped top-16 experts,RTX 5090 SM120
16,4,dense_worker_ms,11,0.3393,RTX 5090 post-fusion physical worker services: refreshed attention/projection/shared/endpoint/reduction plus exact grouped top-16 experts,RTX 5090 SM120
16,4,dense_worker_ms,12,0.3435,RTX 5090 post-fusion physical worker services: refreshed attention/projection/shared/endpoint/reduction plus exact grouped top-16 experts,RTX 5090 SM120
16,4,dense_worker_ms,13,0.3278,RTX 5090 post-fusion physical worker services: refreshed attention/projection/shared/endpoint/reduction plus exact grouped top-16 experts,RTX 5090 SM120
16,4,dense_worker_ms,14,0.3354,RTX 5090 post-fusion physical worker services: refreshed attention/projection/shared/endpoint/reduction plus exact grouped top-16 experts,RTX 5090 SM120
16,4,dense_worker_ms,15,0.3321,RTX 5090 post-fusion physical worker services: refreshed attention/projection/shared/endpoint/reduction plus exact grouped top-16 experts,RTX 5090 SM120
16,4,layer_finalize_ms,shared,0.00805,RTX 5090 post-fusion physical worker services: refreshed attention/projection/shared/endpoint/reduction plus exact grouped top-16 experts,RTX 5090 SM120
16,4,endpoint_worker_ms,0,0.5169,RTX 5090 post-fusion physical worker services: refreshed attention/projection/shared/endpoint/reduction plus exact grouped top-16 experts,RTX 5090 SM120
16,4,endpoint_worker_ms,1,0.5327,RTX 5090 post-fusion physical worker services: refreshed attention/projection/shared/endpoint/reduction plus exact grouped top-16 experts,RTX 5090 SM120
16,4,endpoint_worker_ms,2,0.5436,RTX 5090 post-fusion physical worker services: refreshed attention/projection/shared/endpoint/reduction plus exact grouped top-16 experts,RTX 5090 SM120
16,4,endpoint_worker_ms,3,0.5215,RTX 5090 post-fusion physical worker services: refreshed attention/projection/shared/endpoint/reduction plus exact grouped top-16 experts,RTX 5090 SM120
16,4,endpoint_worker_ms,4,0.5243,RTX 5090 post-fusion physical worker services: refreshed attention/projection/shared/endpoint/reduction plus exact grouped top-16 experts,RTX 5090 SM120
16,4,endpoint_worker_ms,5,0.5251,RTX 5090 post-fusion physical worker services: refreshed attention/projection/shared/endpoint/reduction plus exact grouped top-16 experts,RTX 5090 SM120
16,4,endpoint_worker_ms,6,0.5229,RTX 5090 post-fusion physical worker services: refreshed attention/projection/shared/endpoint/reduction plus exact grouped top-16 experts,RTX 5090 SM120
16,4,endpoint_worker_ms,7,0.5186,RTX 5090 post-fusion physical worker services: refreshed attention/projection/shared/endpoint/reduction plus exact grouped top-16 experts,RTX 5090 SM120
16,4,endpoint_worker_ms,8,0.5185,RTX 5090 post-fusion physical worker services: refreshed attention/projection/shared/endpoint/reduction plus exact grouped top-16 experts,RTX 5090 SM120
16,4,endpoint_worker_ms,9,0.5176,RTX 5090 post-fusion physical worker services: refreshed attention/projection/shared/endpoint/reduction plus exact grouped top-16 experts,RTX 5090 SM120
16,4,endpoint_worker_ms,10,0.5085,RTX 5090 post-fusion physical worker services: refreshed attention/projection/shared/endpoint/reduction plus exact grouped top-16 experts,RTX 5090 SM120
16,4,endpoint_worker_ms,11,0.5366,RTX 5090 post-fusion physical worker services: refreshed attention/projection/shared/endpoint/reduction plus exact grouped top-16 experts,RTX 5090 SM120
16,4,endpoint_worker_ms,12,0.5244,RTX 5090 post-fusion physical worker services: refreshed attention/projection/shared/endpoint/reduction plus exact grouped top-16 experts,RTX 5090 SM120
16,4,endpoint_worker_ms,13,0.514,RTX 5090 post-fusion physical worker services: refreshed attention/projection/shared/endpoint/reduction plus exact grouped top-16 experts,RTX 5090 SM120
16,4,endpoint_worker_ms,14,0.6015,RTX 5090 post-fusion physical worker services: refreshed attention/projection/shared/endpoint/reduction plus exact grouped top-16 experts,RTX 5090 SM120
16,4,endpoint_worker_ms,15,0.5,RTX 5090 post-fusion physical worker services: refreshed attention/projection/shared/endpoint/reduction plus exact grouped top-16 experts,RTX 5090 SM120
16,4,embedding_ms,shared,0.0089,RTX 5090 post-fusion physical worker services: refreshed attention/projection/shared/endpoint/reduction plus exact grouped top-16 experts,RTX 5090 SM120
16,4,hidden_pair_reduce_ms,shared,0.0161,RTX 5090 post-fusion physical worker services: refreshed attention/projection/shared/endpoint/reduction plus exact grouped top-16 experts,RTX 5090 SM120
16,4,latent_pair_reduce_ms,shared,0.0155,RTX 5090 post-fusion physical worker services: refreshed attention/projection/shared/endpoint/reduction plus exact grouped top-16 experts,RTX 5090 SM120
