"path","size_bytes","sha256"
"experiment-026/acquisition/binaries.jsonl","669","b6502bf868e8f1dcd66087fb4d3bb5a8f921fd534e7d52d6b557a79f6a514d86"
"experiment-026/acquisition/mtp-Qwen3.8-27B-Q8_0.gguf.json","775","ed822e5be2878ae0a6b6bed3f22516910615da7c3f06a49a6d2187a7012f3fa8"
"experiment-026/acquisition/mtp-Qwen3.8-27B-Q8_0.gguf.ranges.jsonl","59867","4482bfbc847627b6c9b543f684d6f08fce3333e19151c650de77e4c8f9407a0f"
"experiment-026/acquisition/Qwen3.8-27B-Q4_K_M.gguf.json","722","e066dc4df561c42d6b0bc644c556de137645ef73d9264fec57012b9b8b9f242a"
"experiment-026/acquisition/remote-stage-a-001.json","12536","1059e6269c1e89e834e9e1a1447292d380304d047a6f6ab9c5131ee0c4675432"
"experiment-026/acquisition/remote-stage-a-all-002.json","28284","f1c6d02ae637a7d54531e152563190c3f49f727358d6dfcba1566c90a701e796"
"experiment-026/acquisition/remote-stage-b-001.json","11175","0933c0e723c5871b31c995edab24b60c7aa2209649d13cb4c7ba3f1b38cadff5"
"experiment-026/acquisition/remote-stage-b-all-002.json","25129","31abfb6788576a5c9f82a3590c46398019445c39f6eb74b8adc9d33645b1e508"
"experiment-026/acquisition/shard-a-all-upgrade-002-launch.json","476","8937b319cf7100f97ecbde17b65e3ce8aa859bdd0ea4105e691ad3437d9332e7"
"experiment-026/acquisition/shard-a-cold-001-launch.json","433","b79789b19d3cbba2a7666f33d568f9e27c95ea2127ccb06a4168421c347aca66"
"experiment-026/acquisition/shard-b-all-upgrade-002-launch.json","476","bd17a2d0e23f2fb61f40b8e8810a849ebb5e13040864817ec0186e9692741dd2"
"experiment-026/acquisition/shard-b-cold-001-launch.json","433","4045fd497af74ef0d9e74758839a19918d09473a120271288240e12bc36481bb"
"experiment-026/acquisition/standby-a-cache-001-launch.json","468","73284a1acda9957f61be2cc51460773fdfaab2bc61aed50adee802718658e1fe"
"experiment-026/acquisition/standby-a-cache-verify-002-launch.json","489","e8ff9afe30465d5e81f5ef4950c4fc464c601854e954f5124d5d0d687649c2ef"
"experiment-026/analysis/final-wan-sealed-001-partial.json","1730","2c02497425ae24e8d7ea11ba50fd1a3dd872b66188d53dc7496173a28f909960"
"experiment-026/analysis/final-wan-sealed-001-partial-logits.json","3673","93a2261cd51940afd39c054bcb6d3a681e82dcd8c20d67fdc2af9a3bc5bd8b8d"
"experiment-026/analysis/final-wan-sealed-001-partial-logits-trace.json","112063","5ca6c1c68daa1c92207191483961bba8000291fbdcc5c71c84bb9357f75dfcbb"
"experiment-026/analysis/local-mtp-k0-001.json","721","a9deeb3297325afd89140d1fd8ab72eb5db035dce31168a47793529203037a5b"
"experiment-026/analysis/local-mtp-k3-001.json","4373","0b0825c4a80d078de6c3db9cdd840237110922f4bd845c282c4528e93e5c7ba9"
"experiment-026/analysis/local-routed-async-001.json","73757","d8fa64f98c54017269e024bd679a63cb3b073baf28bb992e1eb51510aec990a7"
"experiment-026/analysis/local-routed-cas-001.json","73757","1b641216473ab580116dc63db198948eb10a7d966f8c6024d0ab7a11ef72b9d7"
"experiment-026/analysis/logical-rpc-control-001.json","66903","e1468e33eac2b36e5a2bdc90f18da822e29c2f6e55158740e6d9516f0036099b"
"experiment-026/analysis/logical-rpc-mtp-k3-002.json","3704","a520086ade1413a9b2bf6a1162545e284a6c94ded6d009269e4b1fa6d920f05b"
"experiment-026/analysis/logical-rpc-replica-kill-001.json","133304","26c34586480f28a9ce89983348dd7877543ea8c112920bf4115ff6c3851f7ae6"
"experiment-026/analysis/wan-direct-cache-pipeline-mtp-k3-001.json","1877","00691fcc8ee48641e817e832f824bf5cfc7aa902703c1647df9b4491fdcd7722"
"experiment-026/analysis/wan-direct-cache-pipeline-no-checkpoints-001.json","13083","b0b6da83be723039611c42912ad00aacfbd81f20e48b824ef0e909ea99db245c"
"experiment-026/analysis/wan-ordinary-profile-001.json","23162","b6058bfd0f393922ec0c1dd12d1e3e3c8e764162963fa02b613f7bcc0dfa6b66"
"experiment-026/analysis/wan-routed-async-cas-profile-002.json","50216","7bbc2b5e58827c132c0560beb5431f7f9811a6c49e87ece31e742cc7159708cd"
"experiment-026/analysis/wan-routed-async-no-checkpoints-001.json","25516","7b5595f5916270e66792ac70e141b7e0b5ffc08e2d1e76aeee54006e86bbf38d"
"experiment-026/analysis/wan-routed-cache-pipeline-mtp-k3-001.json","1867","130dbc55b0f4a3154742210ed43b6b0f99a65f2873e3881d988276f70b8ab740"
"experiment-026/analysis/wan-routed-cache-pipeline-mtp-k8-001.json","1854","b0af3de75b8a521f936b320a5815bfe3dff808b032a5fa1575b4e9f9215b73f5"
"experiment-026/corpus/development.json","36397","281feb6a2d75a6366a4d8079f2be62089cba91bbbccd3fe55a8619c3e1122b89"
"experiment-026/corpus/sealed.json","26644","b2782a82c486b6bce5186a2357573eb3cc73bf94f0f1533c955d5e819037e219"
"experiment-026/cost/final-provider-snapshot.json","505","cdc5dd1219fa94b2fac958956e897e1f68cf77bda1f7d68b34a1bacaf5818113"
"experiment-026/cost/heartbeat.jsonl","26230","ab4abd1acc712e0f3aede344198fc59d57895065eb6ed5850c51cbe7f9302e7c"
"experiment-026/cost/leases/e026-a-1789033081.json","4009","206e53cf789b36a2c890604d31c3e5517fc3371f23c6e10088544d112607d30b"
"experiment-026/cost/leases/e026-a-1789033163.json","3937","67da028e89d3c8ef40cae7e6a773aa03c178bcb9a9b3047eed2c6fb30c2dea0f"
"experiment-026/cost/leases/e026-b-1789033167.json","3909","d403f5f13abee6e39216ac9965ceebe5ad97519b45e88edd38810026da9c3804"
"experiment-026/cost/ledger.jsonl","1029706","62954ed4a35c08107e3eea8d22925ea8cbdbbc2c39cc834d932b3b9298be0967"
"experiment-026/cost/opening.json","497","ba9f81e57ad1c64e2d297ac7a953b81a0f769102dad8add7d9c939bfd2698cb8"
"experiment-026/cost/post-report-provider-snapshot.json","505","efd337729b974f05daae35dcce26ef15616ead46fb7b0e6fb7929883ded72165"
"experiment-026/cost/watchdog.log","0","e3b0c44298fc1c149afbf4c8996fb92427ae41e4649b934ca495991b7852b855"
"experiment-026/diagnostics/target-batch-numerics-001/commands.jsonl","224336","9b8b4552e2547c3f8fac742df4c1ed0fb968d667f693b7b7c7676861174b3870"
"experiment-026/diagnostics/target-batch-numerics-001/comparison.json","9067","b9a7b41c797264b7addfffc7de949b426312fbad8855cdb65e97c3dae1854df8"
"experiment-026/diagnostics/target-batch-numerics-001/config.json","225","ff2dca539048bb57d6efe46cf7853fc3f061f69e077169146d7bc4a20ef0a5c3"
"experiment-026/diagnostics/target-batch-numerics-001/development-01-factual-block.f32","993280","d95c0936ef58318681f35cfc57d9f412d4d9047a27d91e098912e051557b85c1"
"experiment-026/diagnostics/target-batch-numerics-001/development-01-factual-serial.f32","993280","c0a5dcc76edf632c0795089de2769a651d3271ba29cdfae3675b1fcfb02daa8a"
"experiment-026/diagnostics/target-batch-numerics-001/development-02-code-block.f32","993280","2623ab777be054d7da04c46bbbf3f1da603a5c7397817b12a338c2285d0e1483"
"experiment-026/diagnostics/target-batch-numerics-001/development-02-code-serial.f32","993280","8370f1e828da6c422b318533c991383bed8223d75cbcc43d34af3406a1a3c960"
"experiment-026/diagnostics/target-batch-numerics-001/development-03-reasoning-block.f32","993280","6f44caf42b7df7b160b5022f6db203e36be318759ce1c846b9a64adbe7d13b4e"
"experiment-026/diagnostics/target-batch-numerics-001/development-03-reasoning-serial.f32","993280","5912c62445fd80c1c05f52f90544a19529a8b7448a86f6ff67819b39651f9db8"
"experiment-026/diagnostics/target-batch-numerics-001/development-05-generation-block.f32","993280","a8dd4a04767df72b8ecf008162ac0db7ed2c50c62c2b5fecfa689e695f9f5d80"
"experiment-026/diagnostics/target-batch-numerics-001/development-05-generation-serial.f32","993280","637ab1fda18bbca3e261fe832e617f7833231311fb8fe8c8c17751585c042aaa"
"experiment-026/diagnostics/target-batch-numerics-001/probe.stderr.log","135682","c0ed3affeda3b98e568c22afded07ae698663f61c604e3ecf7892f10af15e012"
"experiment-026/diagnostics/target-batch-numerics-001/ready.json","123","d8ec189217d6c559e4ce7e048291c1544d00636e77731593f87014177e8a1fab"
"experiment-026/diagnostics/target-snapshots-3-matched-prefill-003/commands.jsonl","1013531","b7e443c7aad03059e4bb5f1e53f4e3695821226aad6facbbc645943530923aaa"
"experiment-026/diagnostics/target-snapshots-3-matched-prefill-003/comparison.json","21777","8f8be4293464890288f86751d90e8220dbf4a7c7526598d5f237b10c8967e8ff"
"experiment-026/diagnostics/target-snapshots-3-matched-prefill-003/config.json","311","cb685b3c1eab18a8e8d6e607258e28d1cd8b101db66427fdba24e5518edbd796"
"experiment-026/diagnostics/target-snapshots-3-matched-prefill-003/probe.stderr.log","166963","1d83e2e9658c920dc02aed60f891fa88ff85c790384ff0e7fc1707326353615c"
"experiment-026/diagnostics/target-snapshots-3-matched-prefill-003/ready.json","123","b577b1b954963a5d1061bcd43f2a200680143c1a13f352e4e8bec1f3c0fb0360"
"experiment-026/diagnostics/target-snapshots-4/commands.jsonl","1009897","451f1c7fc8d068cec408e4d1451a60e1cc7d8fd0d4a26ed501a7312e8b879415"
"experiment-026/diagnostics/target-snapshots-4/comparison.json","21806","6ac200972fb2f14bef592b7d70a0cff74d92d6244559b52e6e11a30105d630e4"
"experiment-026/diagnostics/target-snapshots-4/config.json","225","e696f214a6473b7fa6222a3aa45c49def53866c2f7ecc88df2f4fd493aa46540"
"experiment-026/diagnostics/target-snapshots-4/invalidation.json","296","d00751ebbd1429ceccc264caacf0da45158478fbd5fbc0bf43235723f28a5e1e"
"experiment-026/diagnostics/target-snapshots-4/probe.stderr.log","166776","3643630bbd47fada24f6f63b0ec64f906d657ccb15ccc14f5a3507c56fb7d7ae"
"experiment-026/diagnostics/target-snapshots-4/ready.json","120","dd5f68fedcdd67545b5e7219d7b7150632cb3c4c8182a6c0c44aa894499c06ee"
"experiment-026/diagnostics/target-snapshots-4-002/commands.jsonl","1009864","10061a4b44dda17632daeec57a4ca6197dc3582f41d312416e7d7c115f30fc24"
"experiment-026/diagnostics/target-snapshots-4-002/comparison.json","21806","6ac200972fb2f14bef592b7d70a0cff74d92d6244559b52e6e11a30105d630e4"
"experiment-026/diagnostics/target-snapshots-4-002/config.json","311","8dde4f5a70ff10f5ce4f44064595283ace41bd9674750710e322a7f429f69178"
"experiment-026/diagnostics/target-snapshots-4-002/probe.stderr.log","166821","8c3c42362f5e5e6cf6e769aeaa0c4240160d443e62bebf9e1731363503a41aba"
"experiment-026/diagnostics/target-snapshots-4-002/ready.json","123","986ab66f17a3da80acbfc54aecfd12d7a4f45732bcff2d0a62fb215bf4d42522"
"experiment-026/final-manifest.json","3824","8ce8ca3bc13e88d8d27c9e0f4fa29921164990d95eea544da182758e7d2bc75e"
"experiment-026/final-receipt.json","16038","250278504dc1785b5647de84ba3ff7cf5a30bdef34407707928fd82e5a19f49d"
"experiment-026/final-receipt-canonical.json","16555","646079379738a27a7fcee763d869c677ee87a571a090bbc2950094e1e795c276"
"experiment-026/final-receipt-canonical-v2.json","17440","c15e6d3a87ffc378f9aa32839be405c506995acbd8e9e2cb3342a688d5850393"
"experiment-026/final-receipt-canonical-v3.json","17223","1fa2da74b5d83df8a7ec7c00aff78f0a333f516b7c76020d65016ed686e7533b"
"experiment-026/local-rpc/local-routed-async-001/benchmark.log","1950","1d003bf4b280cc7e962839f58f14a62ad5d205c7766dee08f981958ad23b3f6a"
"experiment-026/local-rpc/local-routed-async-001/frontend.json","455","e46b9e9b5d7d912ffe4773baf3844e33dbab5040f362ce8d02d78dfa07753cfc"
"experiment-026/local-rpc/local-routed-async-001/frontend.jsonl","601682","a3ee269ae506701197acc9d618ac67507d6fde7937d9c00d3ed9243d8900a0ed"
"experiment-026/local-rpc/local-routed-async-001/frontend.log","0","e3b0c44298fc1c149afbf4c8996fb92427ae41e4649b934ca495991b7852b855"
"experiment-026/local-rpc/local-routed-async-001/result.json","124","f93a9c11e2daf45e610ce3c2c9a0a31bab77636984525402349e3a8dc6d0e338"
"experiment-026/local-rpc/local-routed-async-001/router.json","449","2600824420843dea60a47a00c6b64b53a9d3d7fc23156ce75a4485bf17eac33d"
"experiment-026/local-rpc/local-routed-async-001/router.log","0","e3b0c44298fc1c149afbf4c8996fb92427ae41e4649b934ca495991b7852b855"
"experiment-026/local-rpc/local-routed-async-001/routing.jsonl","719758","04fd5e6a9dd9774c073368541840d768b1a2b1c3bd98225f88e7df4235bab77c"
"experiment-026/local-rpc/local-routed-async-001/worker-0.json","313","51c6b5f6894fa777f5bbf4de8fc20056fc5305fa7d4071e5715cf8545440ac9a"
"experiment-026/local-rpc/local-routed-async-001/worker-0.log","17204","9b64677a9ebcb6f0304ec7583e033a3c774d3b972e49e1164a09d822987db96c"
"experiment-026/local-rpc/local-routed-async-001/worker-1.json","313","f64406a5b95b72c9a6967afde05ab89f8e6e84bb0a3ba4e4271d219cd0fa416b"
"experiment-026/local-rpc/local-routed-async-001/worker-1.log","24518","4262ed902280e821405d839f5798d081cb86af61e2aaa261a1b62746f56f96d6"
"experiment-026/local-rpc/local-routed-cas-001/benchmark.log","1951","28fb15f7f45812911e10a1e83c7f466232d129259a7fdeedca9866f0fe9b8851"
"experiment-026/local-rpc/local-routed-cas-001/frontend.json","615","1b00f546292d966c5a7097110332456a21d3b091dcd2b8504e5c5b9679c5ca3e"
"experiment-026/local-rpc/local-routed-cas-001/frontend.jsonl","760251","9840dda0fa0ebaf4c66a693b3655e71c9d40f210d5652093e555e1a115f5b561"
"experiment-026/local-rpc/local-routed-cas-001/frontend.log","0","e3b0c44298fc1c149afbf4c8996fb92427ae41e4649b934ca495991b7852b855"
"experiment-026/local-rpc/local-routed-cas-001/result.json","150","037cd541907d07ca63770f6e735c3ca477310af22863173d4ace817402f0c20f"
"experiment-026/local-rpc/local-routed-cas-001/router.json","446","f5816b0034ee9c76c252634d643d7a083f6d66171ab11e4bff98ce8677b6cd00"
"experiment-026/local-rpc/local-routed-cas-001/router.log","0","e3b0c44298fc1c149afbf4c8996fb92427ae41e4649b934ca495991b7852b855"
"experiment-026/local-rpc/local-routed-cas-001/routing.jsonl","731362","6d6e4c614035c6a5e14846fea623d72142fbcc81222a4dea7c096f94d778ce69"
"experiment-026/local-rpc/local-routed-cas-001/worker-0.json","312","e55ac7396c81a55ce6ba7cda37bffb0f75f1fd6c4bef6081a9678ababa103f8e"
"experiment-026/local-rpc/local-routed-cas-001/worker-0.log","17204","23c4d8bb020a1be0235af4c4cf3a4aa03c0970da1578f6fbcb0db2a9f3824c32"
"experiment-026/local-rpc/local-routed-cas-001/worker-1.json","313","cfe909d78682e6d59ccb23f9dc878da8d08cadde461442ffea08a1b656016ba7"
"experiment-026/local-rpc/local-routed-cas-001/worker-1.log","17204","dac0a105b7d2b5bc369659edccb9112c16f59fec62824f80284e8f09692bc5b4"
"experiment-026/local-rpc/logical-rpc-control-001/result.json","133","9779560aa11b58d3617cad10425ee448c3deacb44eb385d882f8237483353447"
"experiment-026/local-rpc/logical-rpc-control-001/worker-0.json","496","fb88b935399f2c39b91fc59ca2b800d3bbd544011d69349c7b6edc4f2e295d81"
"experiment-026/local-rpc/logical-rpc-control-001/worker-0.log","37437","162972af9ccded794562d270672dacb27393f7ac5d3a3ca164156ff4ac56001e"
"experiment-026/local-rpc/logical-rpc-control-001/worker-1.json","496","5f49b0e7201052d69c5c65826830aa245baad95f327340267716b60b8bb13cf0"
"experiment-026/local-rpc/logical-rpc-control-001/worker-1.log","37278","4642349f9ce6d228b5ddaa801354b4bbe75f7760274a2576f8dc140d0b0339ab"
"experiment-026/local-rpc/logical-rpc-mtp-k3-001/result.json","134","66bf15eb43017a06c9ec73147e2741b1b28c0df28cf82c906a2d05709ee6dfac"
"experiment-026/local-rpc/logical-rpc-mtp-k3-001/worker-0.json","496","b752066b5682a70e33a60a577d3eafdeb392857eb558ead1020226f4c49a109d"
"experiment-026/local-rpc/logical-rpc-mtp-k3-001/worker-0.log","504","43c3d54d9ccbee5a96233407f364b10aa791495e7c5e72a8b94f5644e6c2e07e"
"experiment-026/local-rpc/logical-rpc-mtp-k3-001/worker-1.json","495","8f0f47974d767b75c0008dc4750b408c1d0d1cf0b24a2525177764284a3af739"
"experiment-026/local-rpc/logical-rpc-mtp-k3-001/worker-1.log","504","bb38c9bf0dda7d1a0736aa2a39103625e3f00dfe77a45986e97ab06616520970"
"experiment-026/local-rpc/logical-rpc-mtp-k3-002/result.json","133","ea8da9ac3734c504b92f88c6df8d453a411df197dd507c58fc2be66dec9a503a"
"experiment-026/local-rpc/logical-rpc-mtp-k3-002/worker-0.json","496","53334d5464d1f60b9208bc7793acc949324930eda2154e9972bab6a2754d86c6"
"experiment-026/local-rpc/logical-rpc-mtp-k3-002/worker-0.log","7944","4916c50ee9cfb9d43be45c131a476f125781ea7afff13dc5f51385c51b71e037"
"experiment-026/local-rpc/logical-rpc-mtp-k3-002/worker-1.json","496","2f4fc8e9b7456a4847b722eb2461e405a8db710a6ad793ca45d8237ea2b8d3ff"
"experiment-026/local-rpc/logical-rpc-mtp-k3-002/worker-1.log","7944","0c05814bab163246688048eadb75b466bb448df0e58c276ba35bfe91f4e77623"
"experiment-026/local-rpc/logical-rpc-replica-kill-001/kill.json","175","6735d4ed375444dbfdd8ef1ed7d3a2afaad088fcc2e3f8d732ec83e3374fb31d"
"experiment-026/local-rpc/logical-rpc-replica-kill-001/replica-proxy.log","0","e3b0c44298fc1c149afbf4c8996fb92427ae41e4649b934ca495991b7852b855"
"experiment-026/local-rpc/logical-rpc-replica-kill-001/replication.jsonl","1128186","1208320379c5e30c61bbebcd4b394d0783f929496a1e97b5ac4d081278f9fe49"
"experiment-026/local-rpc/logical-rpc-replica-kill-001/result.json","133","1c6b25d6fa40f342a8655c9c7ede339e00fc3dceaf5c5def645a575095d95bf2"
"experiment-026/local-rpc/logical-rpc-replica-kill-001/worker-0.json","496","062ea81a0cd91656b772570f2be604b8ea26f953767bfb1de6935e348de9b13f"
"experiment-026/local-rpc/logical-rpc-replica-kill-001/worker-0.log","18343","62afcc6ad8205ce2de891eca872c6c349d4ea7a29c06f4b2842331fe56ad5e66"
"experiment-026/local-rpc/logical-rpc-replica-kill-001/worker-1.json","496","11cf975c44eb04effdf1d0d03128102b11c18e4fa824594c5a3c49d205241e33"
"experiment-026/local-rpc/logical-rpc-replica-kill-001/worker-1.log","35851","431b9267b12c35c601c305e65d8bf8fff7d2c3a44388a5dead537e3dbe469c13"
"experiment-026/local-rpc/logical-rpc-replica-kill-001/worker-2.json","496","07aecd9012ff3e0d5f219ccdda78d42d0ed6a5f68480fd23b564ec425654526c"
"experiment-026/local-rpc/logical-rpc-replica-kill-001/worker-2.log","47182","6e47941a4ebeb00d8c06336f1a11878af1c661ecafef3d153e9df0e1a6e60bca"
"experiment-026/metrics.invalid.json","446","5594d8e494c87d82ba64e326768be2b78d6cd1431bfbf4e45c9e744c2cde5136"
"experiment-026/metrics.jsonl","654158","129a0760d813bd41262a284c10bc9d14f9a30e8719137f9cf95ee88981b7d12b"
"experiment-026/metrics-canonical.jsonl","659544","1d459c5be1c9b34eb66597400f5fc6d75ca199c3410b24e48d156f34b84afb0f"
"experiment-026/metrics-canonical-v2.jsonl","668296","ffa4bfb0c090750ff2c577818c79aa53205f83429a31100325d197e372088f1a"
"experiment-026/metrics-canonical-v3.jsonl","668679","f00b54562c10674114ec70ca5495d5d0fa9e6eb9b9b4eeb5acdb296a59554152"
"experiment-026/network/direct-wan-preflight-001/50478198.json","2253","e5e7a6b3a6026c67dc7e7755276c39c5c8cd1c10fbeb96cb0ba3597b58567399"
"experiment-026/network/direct-wan-preflight-001/50478198.stderr.log","119","d706517e218d8f674357eaa851b4ff69b5b9ee1eb6dca2df554ba92f1731c306"
"experiment-026/network/direct-wan-preflight-001/50478207.json","2251","105100d4027c74c85aabfe9b7d4ff8b93fa34d7a5617a18ddc8eb85792fe9bbf"
"experiment-026/network/direct-wan-preflight-001/50478207.stderr.log","119","d706517e218d8f674357eaa851b4ff69b5b9ee1eb6dca2df554ba92f1731c306"
"experiment-026/network/direct-wan-preflight-001/peer-a-b.json","1782","a2c2e5da5f4e6856cd19fbe0b86567500961ee99c4f448abc4bad026c6ce622c"
"experiment-026/preflight/account.json","385","4ad0662695cfd75dfad2b3bc48cc8187295aba0bb1c96fff0058fc62478976cf"
"experiment-026/preflight/instrumented-build.log","6010","b6402e42fee18c552c21eb638931b352d8384482b2b5a6d393e075520f5a8134"
"experiment-026/preflight/llama-release.json","61048","7dc2ce4dd3306a212345acfb913db20a180960f5c0f4feb00ff68b658853ba9a"
"experiment-026/preflight/local.json","5376","25d44ec43f1e29fc79a250728bd48ef6dfbd29c6561fc0ecfd6b5e50f75ba2b5"
"experiment-026/preflight/model-source.json","13713","04c0ff23f15206cdb3729f281b88aa0a37a1a36696d36104d0c65a5929e62560"
"experiment-026/preflight/offers-001.json","118078","04de1ece414985cf23447132d69d5b8ba7222e929e0b04811b219da16416265b"
"experiment-026/preflight/offers-002.json","33260","891dc471d3ef444fcb5b8c94ac190b42c37217557975ee356a9cb29e69c020e1"
"experiment-026/preflight/offers-003.json","143295","e9800d169181020fc2b4f3631660ae6f67c4dab9f6ca4cdd1907f426e0584757"
"experiment-026/preflight/remote-bundle-001.json","323","b01e14dbbe9fffe5ca38e195651aafa109ad9438f2ee2166cb389702b534d322"
"experiment-026/preflight/ssh-registration.json","601","cd1a85a20389bb9d3b29a1a583a963805b35f3d60f0a9e18f68fbafed41799f6"
"experiment-026/recovery/development-kill-plan.json","159","71c0dfb0106f6d4851411fa4dcb9f7c63920a062f097cdd29c0a8b3767ad40df"
"experiment-026/recovery/wan-replica-kill-001.json","2380","c8044294fa2b2197749ef5cbaf9c73a902de2e709f0e4c0f68a58d924c6a54ff"
"experiment-026/remote/50478198/bootstrap-launched.json","170","96bdcf48baa031562cc534283d91c7c63c0616f17b98d384658762bee50802a6"
"experiment-026/remote/50478198/node.json","837","efea457c1990d57b8340cb3b73398bdf265c40cf5ca7b67b0d462ae156c405bc"
"experiment-026/remote/50478198/ssh.jsonl","57058","34f07e8fe09e1bf025c67539220a9e243c7ef501e4a1ae69d169911295322436"
"experiment-026/remote/50478198/transfers.jsonl","8170","665a8d10c20f421b7a04ee9d758391b68f06087cef87bc6b860962dfa3435709"
"experiment-026/remote/50478207/bootstrap-launched.json","170","c23dff507efc8c3e0aacf63b7c1ea004a0907cc9c714026b463a6576efc170fe"
"experiment-026/remote/50478207/node.json","894","76c5060060b7999f2cac6ec076cccd26217bb0d297462c9e89736b2175f48491"
"experiment-026/remote/50478207/ssh.jsonl","31471","11f3a3f99fa22acba4928e46c95d3a4ef6ebdcb3bf9eeeb6c481612984552b7f"
"experiment-026/remote/50478207/ssh-fault-provider-log-001.json","13420","df546d5a8dab040979a1d39a03a5530fe8a66461f8763ad62eca43d6c4361c43"
"experiment-026/remote/50478207/transfers.jsonl","4522","9d1ea4ab76aa27ab6475dcc83fe4e9c89b4f814ac9386460248e98449dc71cb9"
"experiment-026/remote-collected/a/bootstrap.log","2850","164a8596d0a783eba7c6a83711c0140a1b1d08191c6264c7c3bcd8b8a78959ee"
"experiment-026/remote-collected/a/compile.log","18695","5d6af2ca624b50a5e03ee18d1830b49d3179d992a9c13c178547c1c4cd853b64"
"experiment-026/remote-collected/a/configure.log","2545","865bf3f03e6ed3b899fd17b07b8c30ae32531a47a7b23286b9d07af4ae2b79b0"
"experiment-026/remote-collected/a/shard-a-all-upgrade-002.jsonl","22893","97501e08323b8043e49a40198cacc5d886d4c86f5635224516b5aca1533b0286"
"experiment-026/remote-collected/a/shard-a-cold-001.jsonl","14152","e5e15cca13438244bea2c90ea06e6c05ac523f47c65c2cbf4f0c980df7c86b23"
"experiment-026/remote-collected/a/wan-services-001-gpu.csv","4964352","1a308f8a4d67d4207006a5fe27da57840ce52c32df8a77954fc39012945fe2c3"
"experiment-026/remote-collected/a/wan-services-001-stage.log","58555","de3e45f020e73e95d638577fe54b180c55cf6fc60d6ca7e488afd8c611bb3e43"
"experiment-026/remote-collected-final-002/a/bootstrap.log","2850","164a8596d0a783eba7c6a83711c0140a1b1d08191c6264c7c3bcd8b8a78959ee"
"experiment-026/remote-collected-final-002/a/compile.log","18695","5d6af2ca624b50a5e03ee18d1830b49d3179d992a9c13c178547c1c4cd853b64"
"experiment-026/remote-collected-final-002/a/configure.log","2545","865bf3f03e6ed3b899fd17b07b8c30ae32531a47a7b23286b9d07af4ae2b79b0"
"experiment-026/remote-collected-final-002/a/shard-a-all-upgrade-002.jsonl","22893","97501e08323b8043e49a40198cacc5d886d4c86f5635224516b5aca1533b0286"
"experiment-026/remote-collected-final-002/a/shard-a-cold-001.jsonl","14152","e5e15cca13438244bea2c90ea06e6c05ac523f47c65c2cbf4f0c980df7c86b23"
"experiment-026/remote-collected-final-002/a/wan-router-services-001-peer-tunnel.log","164","26f20b6aa99fe338b3e4970ea180c15a17d50430bfcb4be52ea26e611d8fa103"
"experiment-026/remote-collected-final-002/a/wan-router-services-001-routing.jsonl","235226","b5ea00d96e5cf072e98c53b598c8995c69e715602fbf60e78465f5656a21e6f7"
"experiment-026/remote-collected-final-002/a/wan-router-services-002-peer-tunnel.log","160","659a23970c535d389aeddf1024cb496d63c18f016e82effa74f87300fb7abb52"
"experiment-026/remote-collected-final-002/a/wan-router-services-002-routing.jsonl","140102","90afa4eb70cf0a468e56d6434d350722df4ff03fa1262a404af120c742a6173c"
"experiment-026/remote-collected-final-002/a/wan-router-services-003-peer-tunnel.log","168","fb76dfcffc179533c87bc6449d7e885e0b556fb8ee47e5918316c74e2761029d"
"experiment-026/remote-collected-final-002/a/wan-router-services-003-routing.jsonl","786090","1ca581477ca1638dc7c48d48d9ab977fa21aab6f22795944518159909f3239fb"
"experiment-026/remote-collected-final-002/a/wan-router-services-004-peer-tunnel.log","117","b480c7ebd32cfb6a73350317b4232710dbcd5ea463b2b573cf3e92e8df56cca0"
"experiment-026/remote-collected-final-002/a/wan-router-services-004-routing.jsonl","481952","bd990159a1bd04de9c7b1c2146bfde2126d4436c739d99f1ed1b40b861071550"
"experiment-026/remote-collected-final-002/a/wan-router-services-005-peer-tunnel.log","117","b480c7ebd32cfb6a73350317b4232710dbcd5ea463b2b573cf3e92e8df56cca0"
"experiment-026/remote-collected-final-002/a/wan-router-services-005-routing.jsonl","169865","24436f6b81256efbade494f162b88c95dc03406ce48d80f701767bec874b0b3b"
"experiment-026/remote-collected-final-002/a/wan-router-services-006-peer-tunnel.log","117","b480c7ebd32cfb6a73350317b4232710dbcd5ea463b2b573cf3e92e8df56cca0"
"experiment-026/remote-collected-final-002/a/wan-router-services-006-routing.jsonl","156766","cbdaec7c3b75085fb80b1ca785cd4c7e92603da16016f40ba4b26259d6810535"
"experiment-026/remote-collected-final-002/a/wan-router-services-final-001-peer-tunnel.log","168","fb76dfcffc179533c87bc6449d7e885e0b556fb8ee47e5918316c74e2761029d"
"experiment-026/remote-collected-final-002/a/wan-router-services-final-001-routing.jsonl","889696","4810e103e754fc1f5a3b4e57a7da02584818c7d0d5827962e859b51085bdf265"
"experiment-026/remote-collected-final-002/a/wan-services-001-gpu.csv","4997942","aed3920013224e34c7d6e9cf18b451087fc031a9e9bc0935901aef4f1501e531"
"experiment-026/remote-collected-final-002/a/wan-services-001-stage.log","58555","de3e45f020e73e95d638577fe54b180c55cf6fc60d6ca7e488afd8c611bb3e43"
"experiment-026/remote-collected-final-002/a/wan-stage-a-restart-after-kill-001.log","24878","146ba9a77bcefd301c2254fe236128cadd335c925b19802f3e4117949139a5ed"
"experiment-026/remote-collected-final-002/b/bootstrap.log","2850","c808bf18970fec5aca7f427b88eb739201b450d95a4ac41b648ade43055103bf"
"experiment-026/remote-collected-final-002/b/compile.log","22784","a179f86298258666d6ac3ec22326ea693efb8b4a742cebca40dca58d83452793"
"experiment-026/remote-collected-final-002/b/shard-b-all-upgrade-002.jsonl","20317","95543feb898351c66a8d5653152bc8c5dbbc086ef41789581b7b685664ac578b"
"experiment-026/remote-collected-final-002/b/shard-b-cold-001.jsonl","12568","874eed9ffd410cbfeec3a6c2bfedcbf7a78efb270f73b11848f0bfd16d5889bd"
"experiment-026/remote-collected-final-002/b/standby-a-cache-001.jsonl","32610","d0ed6246edfe5f09c6623e8390d49d2a2cb555937fba879ef9d60ba5ca12de7e"
"experiment-026/remote-collected-final-002/b/standby-a-cache-verify-002.jsonl","10677","d5f94c4453b4d5460236937e4164ae3cb5fa2cd4cf6364f8cbaee6ce9333b446"
"experiment-026/remote-collected-final-002/b/wan-services-001-gpu.csv","4765408","c3fcc40b2f24a043fc725ff053a4c3fb2072aff38fd39d2632c657618e272aaa"
"experiment-026/remote-collected-final-002/b/wan-services-001-stage.log","86177","670ea01726367d66058ec40ee6da4d41084113835bb8fe7392b0e8b6d19a4335"
"experiment-026/remote-collected-final-002/b/wan-services-001-standby.log","13683","22d0d17ca6aff8b197f94c4f3f6c65859e3017ef8a9dea81194ea48f4e64ad92"
"experiment-026/remote-collected-final-002/receipt.json","11871","3de85d5807a0ee18e93e350db8e64a4064509bba3603f0f4f0b1973df9e05fd6"
"experiment-026/remote-collected-supplemental/a/wan-router-services-final-001-router.log","0","e3b0c44298fc1c149afbf4c8996fb92427ae41e4649b934ca495991b7852b855"
"experiment-026/report-source-notes.json","3794","34df77b2a3ad52cbe6fd91d2cc7a1d211c0e2b00524b21e0a4cd17043e0cbfdb"
"experiment-026/resource/local-host-post-run-001.json","419","cf1da9259b39d2a797e0d0940496cb2796dc1fff8c07b0e263d9dfe746fb8dba"
"experiment-026/resource/local-vram-post-seal-001/invalid.json","300","87ba290e515c35b28632d41218b05d3c1a84b88708b3fbbe8eaa45db32389531"
"experiment-026/resource/local-vram-post-seal-001/receipt.json","1570","f3e1adcdc48f5efac964a0aa68571f14b04c3994b370265f99ce4ae4920ef465"
"experiment-026/resource/local-vram-post-seal-001/server.stderr.log","826","fa6103964caf3e1010c043a0f83cf1574ce1742f11aeda45904b9a69954b0cdd"
"experiment-026/resource/local-vram-post-seal-001/server.stdout.log","0","e3b0c44298fc1c149afbf4c8996fb92427ae41e4649b934ca495991b7852b855"
"experiment-026/resource/local-vram-post-seal-002/receipt.json","1610","bfcc2c1d7f1d967aff6d4266dcdd3df255dd5732cff3698db8c4a54c4b04c00b"
"experiment-026/resource/local-vram-post-seal-002/server.stderr.log","1285","2efebece1ac2329b8a312551dec87feed7bdba2ce935ad86d21803b89946ce4a"
"experiment-026/resource/local-vram-post-seal-002/server.stdout.log","0","e3b0c44298fc1c149afbf4c8996fb92427ae41e4649b934ca495991b7852b855"
"experiment-026/runs.jsonl","699791","61f98eaa825a3ee0c7a0290f0f0979fd8bd59e4bd4366e04d74294a5d01f0ff7"
"experiment-026/runs/final-local-sealed-control-001/configuration.json","9345","70216e85499746e309a3d13d96a86c6f384e4b98863da02c767c504409be1211"
"experiment-026/runs/final-local-sealed-control-001/process.json","689","3088748d4fb1602f1085d0baf66ac02ec5fb3cb44d80c3abdac3b999e686b8f7"
"experiment-026/runs/final-local-sealed-control-001/sealed-01-factual/events.jsonl","757407","015fa3a3fe5070f9a7a78e47ab1f84af341d7a48c06e4dae82eeb263c381029d"
"experiment-026/runs/final-local-sealed-control-001/sealed-01-factual/metrics.json","22997","0e218e255f85422c51741837c444210e2750b2020c66f73e1f885f273b47ee1b"
"experiment-026/runs/final-local-sealed-control-001/sealed-01-factual/output.json","10690","6f80e1df255cd866acf163190d22320fa76fc87c99fc27a4ea3ac15230f20434"
"experiment-026/runs/final-local-sealed-control-001/sealed-01-factual/prompt.json","1026","1601e2a0f633c52dd7177705ea078c3e52d1f482b0b1e9a3ab1632717c46f4c2"
"experiment-026/runs/final-local-sealed-control-001/sealed-01-factual/request.json","833","051e814aaf5e190c10f6da6c44fc86342e351d321cdb40555b2ac28add55109b"
"experiment-026/runs/final-local-sealed-control-001/server.stderr.log","45700","01ff19306dc3d4c58a39d19374934dcea453c836757a55d4843a1d53d9b3f7a1"
"experiment-026/runs/final-local-sealed-control-001/server.stdout.log","0","e3b0c44298fc1c149afbf4c8996fb92427ae41e4649b934ca495991b7852b855"
"experiment-026/runs/final-local-sealed-control-001/startup.json","134","5b4d762e10e01e76778fa78db86f65d51d1484bebf47201572fe7f9bd9d3d838"
"experiment-026/runs/final-wan-sealed-001/configuration.json","14765","64a97af876655d63fc9a2aa9e3be7a4a5ac5a26958018436c7550a1592997052"
"experiment-026/runs/final-wan-sealed-001/failure.json","183","d8e87c333c2db66b9719ada418690228b93f1d9ffab9d29901763225dde5dfba"
"experiment-026/runs/final-wan-sealed-001/process.json","793","4a7abadd51e60326012752af52c58248f369e135602066c3825ff8258568480b"
"experiment-026/runs/final-wan-sealed-001/sealed-01-factual/events.jsonl","420458","bf098fa2388bc2cb79e620287415d42446e0ee79dddaa2e16042819edfecbc86"
"experiment-026/runs/final-wan-sealed-001/sealed-01-factual/prompt.json","1026","1601e2a0f633c52dd7177705ea078c3e52d1f482b0b1e9a3ab1632717c46f4c2"
"experiment-026/runs/final-wan-sealed-001/sealed-01-factual/request.json","833","051e814aaf5e190c10f6da6c44fc86342e351d321cdb40555b2ac28add55109b"
"experiment-026/runs/final-wan-sealed-001/server.stderr.log","556744","b79d7641546bf88878fd7a0f4e891d996a882223bd7540512a35965eba37e410"
"experiment-026/runs/final-wan-sealed-001/server.stdout.log","0","e3b0c44298fc1c149afbf4c8996fb92427ae41e4649b934ca495991b7852b855"
"experiment-026/runs/final-wan-sealed-001/startup.json","158","cef7be1a63f21127c5ba3e1eb7896006a1603d462f00198d3f41c2359f0fcf65"
"experiment-026/runs/local-mtp-k0-001/configuration.json","1130","0681c1df2fa647cc74bcd848878f9fce14fc46695fe99ef3888660e77e7db4ee"
"experiment-026/runs/local-mtp-k0-001/development-01-factual/events.jsonl","384","214d2c88d0ee38c9915b56be65e89a0f7afc335c9224640fae86cb421db39e43"
"experiment-026/runs/local-mtp-k0-001/development-01-factual/prompt.json","970","2af3133e606f91b308e3adabbdd1318a7b4330e4aaf7796e4e03abbb6f112ce6"
"experiment-026/runs/local-mtp-k0-001/development-01-factual/request.json","807","ea354a4e9bd641faad43eacee8a0632103628433281892e2b8ceaf799ddcaeb5"
"experiment-026/runs/local-mtp-k0-001/failure.json","183","21107d414e072089ab075d6966347eeef318ed579dd96a6e1964184273471fc2"
"experiment-026/runs/local-mtp-k0-001/process.json","872","66596db27031c7d22b669613534414eba07394d1fb7639d52b91e81407c711ce"
"experiment-026/runs/local-mtp-k0-001/server.stderr.log","2496","8afa50d578d6c0fcf5399bb84939df95fe12f4409005ab2b3fc168a5cb0ce591"
"experiment-026/runs/local-mtp-k0-001/server.stdout.log","0","e3b0c44298fc1c149afbf4c8996fb92427ae41e4649b934ca495991b7852b855"
"experiment-026/runs/local-mtp-k0-001/startup.json","157","77180b0f1bffa23d98a6016a8177b0e5d84cdbf57a6d6af08452319cc845382a"
"experiment-026/runs/local-mtp-k1-001/configuration.json","1130","b3c06c32eaeff497c48e77595b8a0c2ceee8da6314cbcf29f339424b08f10a8d"
"experiment-026/runs/local-mtp-k1-001/development-01-factual/events.jsonl","118434","3cecfb5e846dc692727380b6f72436fc6f0658457df1c150d853dcb824ec0f95"
"experiment-026/runs/local-mtp-k1-001/development-01-factual/metrics.json","8833","ebe85c6cd5cbd6152dc271ed2687bdaf6ec1fd63d77a23fcb929500995956ac6"
"experiment-026/runs/local-mtp-k1-001/development-01-factual/output.json","6797","b6a4e2c1ddda0d426645756eba9cb81bb76c45044eb3913516e0fc3738fbab2b"
"experiment-026/runs/local-mtp-k1-001/development-01-factual/prompt.json","970","2af3133e606f91b308e3adabbdd1318a7b4330e4aaf7796e4e03abbb6f112ce6"
"experiment-026/runs/local-mtp-k1-001/development-01-factual/request.json","807","ea354a4e9bd641faad43eacee8a0632103628433281892e2b8ceaf799ddcaeb5"
"experiment-026/runs/local-mtp-k1-001/development-02-code/events.jsonl","118125","c637fcbc47b5ac472cfc5b2cca94c58200fb34a0d34f4e99ce1bf5c93ed0ddec"
"experiment-026/runs/local-mtp-k1-001/development-02-code/metrics.json","8823","a50171e286ad7b99f564ffc5ef442eb19c2562920bcfccde42a16d730426f94b"
"experiment-026/runs/local-mtp-k1-001/development-02-code/output.json","6520","fba1516fca7be21798521ebfc93490295eeff0a126d489ee3d8de3c24c142fde"
"experiment-026/runs/local-mtp-k1-001/development-02-code/prompt.json","1111","e1d9582e4f48fff28424c0631558033150076fb899b5d7c18622d9fc06255957"
"experiment-026/runs/local-mtp-k1-001/development-02-code/request.json","901","ca471cf30c0bb5cf6cf86393ed11e3303f6df6f1f79e72ec1cd90f646354790f"
"experiment-026/runs/local-mtp-k1-001/development-03-reasoning/events.jsonl","117866","39551540193bb58a8d8abb548dfa40f27dce86b1614e0526a8b32f002a6f7f6e"
"experiment-026/runs/local-mtp-k1-001/development-03-reasoning/metrics.json","8811","35381b68935a2b335a21e3d444560a4f1938855f8f78564f6fcfa97c3d171c13"
"experiment-026/runs/local-mtp-k1-001/development-03-reasoning/output.json","6271","b45162df61934609fd639c8a34fe8b1a5c368ea2bf12044749a86c73064472a4"
"experiment-026/runs/local-mtp-k1-001/development-03-reasoning/prompt.json","1379","346546fde01a2a29297a38da29229240ffab59f099a0143d62de7322c42ff701"
"experiment-026/runs/local-mtp-k1-001/development-03-reasoning/request.json","1086","31641a0baf427cfe810d3222c748e5807ad6f635f1756956b7ea7a4a698be2b7"
"experiment-026/runs/local-mtp-k1-001/development-04-structured/events.jsonl","126856","317b553c8edf3bf8dc02d2bad6409f133bf73bc58d5cffd61034347eefe25106"
"experiment-026/runs/local-mtp-k1-001/development-04-structured/metrics.json","8805","dd4147cf023a91133c33f7ea2e172749082d1948654d794e9c39883ef49b203f"
"experiment-026/runs/local-mtp-k1-001/development-04-structured/output.json","14083","52e14a5373cffff6d79d32c60abb25372b3e5875893eadde4c261e81693fc2e1"
"experiment-026/runs/local-mtp-k1-001/development-04-structured/prompt.json","29076","2681047de43c89baff458c2462597a17dc7e532560f8222b36cb2efa06e4c7f8"
"experiment-026/runs/local-mtp-k1-001/development-04-structured/request.json","20808","a35cf84b1c9b59ab40e2d7d29ab98bf24acd5304ade5854de430f67982cdbf2e"
"experiment-026/runs/local-mtp-k1-001/development-05-generation/events.jsonl","127683","b2cc5b0d872fcaf530d657652c98a60ce70b802d42f5989d00ad6e95215c981a"
"experiment-026/runs/local-mtp-k1-001/development-05-generation/metrics.json","8783","56161f4efcbde5a546a17c64df7119415b6c35eb4fe6e2d0de4983d92082ffda"
"experiment-026/runs/local-mtp-k1-001/development-05-generation/output.json","14611","c465f58ff1e82f68e42a71643adbadd6eb341d480665ce387156a63a2ddbaf2c"
"experiment-026/runs/local-mtp-k1-001/development-05-generation/prompt.json","28885","275e7978d9cfbeebc0643ac2a93bd2cb26ef917decd00c065ba79c36b5fcfd52"
"experiment-026/runs/local-mtp-k1-001/development-05-generation/request.json","20651","59922ac3b3f3e5617e071a06510143802a28019b27d69dd0fc21e80c9e83f73b"
"experiment-026/runs/local-mtp-k1-001/development-06-retrieval/events.jsonl","135601","2fd2fd21eda34ba846ffc693622c75792f2ef5722817ed6e33bbcbe3b4090b52"
"experiment-026/runs/local-mtp-k1-001/development-06-retrieval/metrics.json","8700","1f326bd84b9dd9615843fce2b875e72f6cdd0e28c30421b9760f4dee92ed9d66"
"experiment-026/runs/local-mtp-k1-001/development-06-retrieval/output.json","22328","a4d976d6f48d8b9e8047ada181255d202d7910f3069aee461a3a8b3786132b30"
"experiment-026/runs/local-mtp-k1-001/development-06-retrieval/prompt.json","86510","8ab2298193bae48f18de52d09a9d0d1fe16e47ff0128419e0bf3cb588b4f3036"
"experiment-026/runs/local-mtp-k1-001/development-06-retrieval/request.json","69408","7f967e0027374f90037c7d898a6fc6f716041a7d5cc4f510774cf1fb953dbc11"
"experiment-026/runs/local-mtp-k1-001/process.json","872","124866a8b9ac0995cad87b377a45f61bf167dd24a5f97f4716b02d6de0bbf4a4"
"experiment-026/runs/local-mtp-k1-001/server.stderr.log","6810","77a285321fadeab9e3d2a98ba18804b78e7abd3071a5ba83639ac538ce7504e5"
"experiment-026/runs/local-mtp-k1-001/server.stdout.log","0","e3b0c44298fc1c149afbf4c8996fb92427ae41e4649b934ca495991b7852b855"
"experiment-026/runs/local-mtp-k1-001/startup.json","156","9312e8dc13f85b5444951f01e0cfda365f2935d3e56652a678b87add92065a45"
"experiment-026/runs/local-mtp-k3-001/configuration.json","1130","1102f1bf2d25e12e49eda7ce5f79fdeefea608ab5b764f656834ae3b8fd03def"
"experiment-026/runs/local-mtp-k3-001/development-01-factual/events.jsonl","118260","1bad8ba1a0c06e02ac28eee0174febb799e6b2a7e2d832a046594bcc14c63d0c"
"experiment-026/runs/local-mtp-k3-001/development-01-factual/metrics.json","8835","b7c0761ca706cf2da8f57ce5569ea105a37190cd2a38eebceb09cadc935fcffa"
"experiment-026/runs/local-mtp-k3-001/development-01-factual/output.json","6797","a510525bb609fec8003fe28e8bcb17fb0154d1b4e74229226976a877778bbb31"
"experiment-026/runs/local-mtp-k3-001/development-01-factual/prompt.json","970","2af3133e606f91b308e3adabbdd1318a7b4330e4aaf7796e4e03abbb6f112ce6"
"experiment-026/runs/local-mtp-k3-001/development-01-factual/request.json","807","ea354a4e9bd641faad43eacee8a0632103628433281892e2b8ceaf799ddcaeb5"
"experiment-026/runs/local-mtp-k3-001/development-02-code/events.jsonl","118574","32affd5c7259543e979ae9e89a72a9be23c969f1ddf8c996aba4d9d8b8416baa"
"experiment-026/runs/local-mtp-k3-001/development-02-code/metrics.json","8831","9c11e0adb893f53b572fd07d4a0261837079f62d8f870e1268a6c2c8cc761983"
"experiment-026/runs/local-mtp-k3-001/development-02-code/output.json","6522","fd011504cd411f9be64529e0fc739162b9cfc213783c21763fcecfe7b99fbd94"
"experiment-026/runs/local-mtp-k3-001/development-02-code/prompt.json","1111","e1d9582e4f48fff28424c0631558033150076fb899b5d7c18622d9fc06255957"
"experiment-026/runs/local-mtp-k3-001/development-02-code/request.json","901","ca471cf30c0bb5cf6cf86393ed11e3303f6df6f1f79e72ec1cd90f646354790f"
"experiment-026/runs/local-mtp-k3-001/development-03-reasoning/events.jsonl","117777","f84693d22fbad83a2134580d0d48a0489b87cf69cfd57102b9ed81aa83b5241f"
"experiment-026/runs/local-mtp-k3-001/development-03-reasoning/metrics.json","8836","d979bfaa1632f56c65786fa15938924f573d921cb5473040e651392ad38e8ba6"
"experiment-026/runs/local-mtp-k3-001/development-03-reasoning/output.json","6270","a7edb0be7338e2b64f73a17c4ac9d7b1a6ec050e3a34ec1297f0980013116765"
"experiment-026/runs/local-mtp-k3-001/development-03-reasoning/prompt.json","1379","346546fde01a2a29297a38da29229240ffab59f099a0143d62de7322c42ff701"
"experiment-026/runs/local-mtp-k3-001/development-03-reasoning/request.json","1086","31641a0baf427cfe810d3222c748e5807ad6f635f1756956b7ea7a4a698be2b7"
"experiment-026/runs/local-mtp-k3-001/development-04-structured/events.jsonl","127354","496742b9bbcf43d9fdf88103d999c59479dae00a35a0f2d59d6d800a9840d781"
"experiment-026/runs/local-mtp-k3-001/development-04-structured/metrics.json","8812","5f00b819d5a96c9a8f6fe2ca72be667ec2092351d6340b8b109cc0294ec544f2"
"experiment-026/runs/local-mtp-k3-001/development-04-structured/output.json","14084","908587950dcf8e87055084a7c27239c67c0c72095277c1c39ced3e2ab286f734"
"experiment-026/runs/local-mtp-k3-001/development-04-structured/prompt.json","29076","2681047de43c89baff458c2462597a17dc7e532560f8222b36cb2efa06e4c7f8"
"experiment-026/runs/local-mtp-k3-001/development-04-structured/request.json","20808","a35cf84b1c9b59ab40e2d7d29ab98bf24acd5304ade5854de430f67982cdbf2e"
"experiment-026/runs/local-mtp-k3-001/development-05-generation/events.jsonl","127644","d0f08ad22665853ff1cc74375d6fea2f15fc81549fcb89d010de795627a871e3"
"experiment-026/runs/local-mtp-k3-001/development-05-generation/metrics.json","8802","b7f9fc178ca6e2bfa389a9904505ac3700b950ed32e11668dc9ac27caaabb359"
"experiment-026/runs/local-mtp-k3-001/development-05-generation/output.json","14610","34df8a66cd8c8bfd354d128efa99fa5e72c0e1cd1db359402ef9c59fb7122a49"
"experiment-026/runs/local-mtp-k3-001/development-05-generation/prompt.json","28885","275e7978d9cfbeebc0643ac2a93bd2cb26ef917decd00c065ba79c36b5fcfd52"
"experiment-026/runs/local-mtp-k3-001/development-05-generation/request.json","20651","59922ac3b3f3e5617e071a06510143802a28019b27d69dd0fc21e80c9e83f73b"
"experiment-026/runs/local-mtp-k3-001/development-06-retrieval/events.jsonl","135469","fb0eb0497dd8681c2dd7bcfa1511661eadaa27c1d15089400a8297d312cfb90f"
"experiment-026/runs/local-mtp-k3-001/development-06-retrieval/metrics.json","8713","77f11a1bddcb290a7537041f37bdba3a5fce334e1ef49e8bac7107f47f3a1d92"
"experiment-026/runs/local-mtp-k3-001/development-06-retrieval/output.json","22327","175711ce56a00beaf2cbb6156248f6963d779c8f3d9764bfafd3e3ef255fc744"
"experiment-026/runs/local-mtp-k3-001/development-06-retrieval/prompt.json","86510","8ab2298193bae48f18de52d09a9d0d1fe16e47ff0128419e0bf3cb588b4f3036"
"experiment-026/runs/local-mtp-k3-001/development-06-retrieval/request.json","69408","7f967e0027374f90037c7d898a6fc6f716041a7d5cc4f510774cf1fb953dbc11"
"experiment-026/runs/local-mtp-k3-001/process.json","871","2bd8f04da756e814d829eb248f7912de8f027bdb1925dd0dad622bf4c9a4d6ad"
"experiment-026/runs/local-mtp-k3-001/server.stderr.log","6810","39197c6d0ee0de3a990f838622d18dbb87979dbb8592efb927704c8ab6833e8c"
"experiment-026/runs/local-mtp-k3-001/server.stdout.log","0","e3b0c44298fc1c149afbf4c8996fb92427ae41e4649b934ca495991b7852b855"
"experiment-026/runs/local-mtp-k3-001/startup.json","156","faf4cc4c4808cce2d6cb3a3078a7f3b64870ef6661d8004788fecbc420bf9be7"
"experiment-026/runs/local-mtp-k8-001/configuration.json","6633","40198cb2ac43c1128a98ff4f72d397de3cf7861b17ccde585256212c7568a14b"
"experiment-026/runs/local-mtp-k8-001/development-01-factual/events.jsonl","126086","2ead70680442937d70ad064c9a1d44fc3c5d5bd4c88b4ed002ead78abd6fb156"
"experiment-026/runs/local-mtp-k8-001/development-01-factual/metrics.json","14392","49b80f8f9acc99a9a21daf6f0ada26a1d38fe15b5aca9aec5cb439ad426a7c9b"
"experiment-026/runs/local-mtp-k8-001/development-01-factual/output.json","6913","5f61fbbbad61231b8a1445771f8a7638f0b125fc0ba2d309a4321c0481ce23c6"
"experiment-026/runs/local-mtp-k8-001/development-01-factual/prompt.json","970","2af3133e606f91b308e3adabbdd1318a7b4330e4aaf7796e4e03abbb6f112ce6"
"experiment-026/runs/local-mtp-k8-001/development-01-factual/request.json","807","ea354a4e9bd641faad43eacee8a0632103628433281892e2b8ceaf799ddcaeb5"
"experiment-026/runs/local-mtp-k8-001/development-02-code/events.jsonl","125968","d825d224df840082e19d0d784eedbe0ae8af21b15fafa90357f28c2747cc74e5"
"experiment-026/runs/local-mtp-k8-001/development-02-code/metrics.json","14403","50c107ebf0c80dfc7993dc9a05147a9b2834d469c37cb9b469c530a515c28a07"
"experiment-026/runs/local-mtp-k8-001/development-02-code/output.json","6557","d7dad7955d126735e381be62fd1a94ef30414e5b338eaf05ec7264487c26e1b1"
"experiment-026/runs/local-mtp-k8-001/development-02-code/prompt.json","1111","e1d9582e4f48fff28424c0631558033150076fb899b5d7c18622d9fc06255957"
"experiment-026/runs/local-mtp-k8-001/development-02-code/request.json","901","ca471cf30c0bb5cf6cf86393ed11e3303f6df6f1f79e72ec1cd90f646354790f"
"experiment-026/runs/local-mtp-k8-001/development-03-reasoning/events.jsonl","125427","9ade6f669d8427e545038caf7ac1aa360ce2b49edc4ca2219472071f0af36195"
"experiment-026/runs/local-mtp-k8-001/development-03-reasoning/metrics.json","14414","2fe0b562c819fdefe1097910ef47f93eb68a4d3d807765f55ac9e0f989e5f81d"
"experiment-026/runs/local-mtp-k8-001/development-03-reasoning/output.json","6300","d84f51c8c2a6dff5390137ef6bb7252b46043cbe9adb9180e617756e685b0bc9"
"experiment-026/runs/local-mtp-k8-001/development-03-reasoning/prompt.json","1379","346546fde01a2a29297a38da29229240ffab59f099a0143d62de7322c42ff701"
"experiment-026/runs/local-mtp-k8-001/development-03-reasoning/request.json","1086","31641a0baf427cfe810d3222c748e5807ad6f635f1756956b7ea7a4a698be2b7"
"experiment-026/runs/local-mtp-k8-001/development-04-structured/events.jsonl","134641","a654c9f4f703084b860a742df7654cccce278280119ff8fb3d583a991a5f4dd1"
"experiment-026/runs/local-mtp-k8-001/development-04-structured/metrics.json","14419","7319f8782a9ce16d35614326b25b527089fbaab6eb55d3a34fc2d99291896581"
"experiment-026/runs/local-mtp-k8-001/development-04-structured/output.json","14120","7326efa98f5a005ea54f2df459b2f8df1000d70623df0d637282727c86eeba0a"
"experiment-026/runs/local-mtp-k8-001/development-04-structured/prompt.json","29076","2681047de43c89baff458c2462597a17dc7e532560f8222b36cb2efa06e4c7f8"
"experiment-026/runs/local-mtp-k8-001/development-04-structured/request.json","20808","a35cf84b1c9b59ab40e2d7d29ab98bf24acd5304ade5854de430f67982cdbf2e"
"experiment-026/runs/local-mtp-k8-001/development-05-generation/events.jsonl","134998","56abdf13050eb34180e0883e1f384b021293f848065317cb992e3a152b0d444a"
"experiment-026/runs/local-mtp-k8-001/development-05-generation/metrics.json","14356","6c1a06f3996435ec8d2251c63434e6fdd80d268c820b951f8cc7004bd2eb644b"
"experiment-026/runs/local-mtp-k8-001/development-05-generation/output.json","14606","0fbaa545c6e9deb3c0ae6821e80222001a8e7ebac3cd99c0aef03fc31ba73d56"
"experiment-026/runs/local-mtp-k8-001/development-05-generation/prompt.json","28885","275e7978d9cfbeebc0643ac2a93bd2cb26ef917decd00c065ba79c36b5fcfd52"
"experiment-026/runs/local-mtp-k8-001/development-05-generation/request.json","20651","59922ac3b3f3e5617e071a06510143802a28019b27d69dd0fc21e80c9e83f73b"
"experiment-026/runs/local-mtp-k8-001/development-06-retrieval/events.jsonl","143041","e8e6ef7fc0d113e3d7381efb00e5bcdb68cdabd265b1e2ea095b7ed3f2152768"
"experiment-026/runs/local-mtp-k8-001/development-06-retrieval/metrics.json","14311","0db4b52fcd53672b8406287dbb8acd8f65135e5060e8a6a3000efbc8e5103367"
"experiment-026/runs/local-mtp-k8-001/development-06-retrieval/output.json","22363","93bd2c1497cbe3bf3e64b3d0bee10077d8e59a57967e49512fd089c2837ed07a"
"experiment-026/runs/local-mtp-k8-001/development-06-retrieval/prompt.json","86510","8ab2298193bae48f18de52d09a9d0d1fe16e47ff0128419e0bf3cb588b4f3036"
"experiment-026/runs/local-mtp-k8-001/development-06-retrieval/request.json","69408","7f967e0027374f90037c7d898a6fc6f716041a7d5cc4f510774cf1fb953dbc11"
"experiment-026/runs/local-mtp-k8-001/process.json","872","7d601068a4926217a0f67901116fc98993b550861c8a24c11fbf951b19019bd1"
"experiment-026/runs/local-mtp-k8-001/server.stderr.log","7020","3ce94942560100e1483e56906999007f7ce3a9923f8ef30e7ce9a63d72761384"
"experiment-026/runs/local-mtp-k8-001/server.stdout.log","0","e3b0c44298fc1c149afbf4c8996fb92427ae41e4649b934ca495991b7852b855"
"experiment-026/runs/local-mtp-k8-001/startup.json","156","cdc0c4911a36c9b9c09d9b3ae3240f347ee32c177837f50578c077666317ca25"
"experiment-026/runs/local-mtp-k8-no-prompt-checkpoints-001/configuration.json","9002","fa6237cdda2d8989ad927afe137536cbae3acc1d2007a7db71c26da53ca98227"
"experiment-026/runs/local-mtp-k8-no-prompt-checkpoints-001/development-01-factual/events.jsonl","125878","b88c2c5b01ece6a5bd1aa0e5c16c450a44db3a6e452eca49fd6a0266d00bd0fb"
"experiment-026/runs/local-mtp-k8-no-prompt-checkpoints-001/development-01-factual/metrics.json","16847","5062ca1b25f149dd62802fad9b0c196f2c5de1fbff61ae23576e0e8328e198d6"
"experiment-026/runs/local-mtp-k8-no-prompt-checkpoints-001/development-01-factual/output.json","6846","48b62a168026ec758b879b94bd5a56f388d512bd1783cebf0e75e7f5f9159ad0"
"experiment-026/runs/local-mtp-k8-no-prompt-checkpoints-001/development-01-factual/prompt.json","970","2af3133e606f91b308e3adabbdd1318a7b4330e4aaf7796e4e03abbb6f112ce6"
"experiment-026/runs/local-mtp-k8-no-prompt-checkpoints-001/development-01-factual/request.json","807","ea354a4e9bd641faad43eacee8a0632103628433281892e2b8ceaf799ddcaeb5"
"experiment-026/runs/local-mtp-k8-no-prompt-checkpoints-001/development-02-code/events.jsonl","126116","f8f73239a092e4b79cba139c89bb7eeee60ec8ee53ed3084dfe784db4f4ac32b"
"experiment-026/runs/local-mtp-k8-no-prompt-checkpoints-001/development-02-code/metrics.json","16862","24c2eed475ee1625f776d0c7453c0e23d34a09b3ea5d988cfd81228486956368"
"experiment-026/runs/local-mtp-k8-no-prompt-checkpoints-001/development-02-code/output.json","6595","df4ba853d62d60311b1506b8e0463d94d1037604c377dca512f9950d81fbb374"
"experiment-026/runs/local-mtp-k8-no-prompt-checkpoints-001/development-02-code/prompt.json","1111","e1d9582e4f48fff28424c0631558033150076fb899b5d7c18622d9fc06255957"
"experiment-026/runs/local-mtp-k8-no-prompt-checkpoints-001/development-02-code/request.json","901","ca471cf30c0bb5cf6cf86393ed11e3303f6df6f1f79e72ec1cd90f646354790f"
"experiment-026/runs/local-mtp-k8-no-prompt-checkpoints-001/development-03-reasoning/events.jsonl","125489","25194fa03ab7ba371fcba64975e651cad68f09de108dd79d8607984a3a2383f9"
"experiment-026/runs/local-mtp-k8-no-prompt-checkpoints-001/development-03-reasoning/metrics.json","16870","f4f6dda634f9d24cb989f5a3ce8bcfd05cc3a65efbbe69314b04e84d639e4c21"
"experiment-026/runs/local-mtp-k8-no-prompt-checkpoints-001/development-03-reasoning/output.json","6308","17256483c2d640bbcac0b3f9d7598061553974f5433b1efd45a5e93e9290329b"
"experiment-026/runs/local-mtp-k8-no-prompt-checkpoints-001/development-03-reasoning/prompt.json","1379","346546fde01a2a29297a38da29229240ffab59f099a0143d62de7322c42ff701"
"experiment-026/runs/local-mtp-k8-no-prompt-checkpoints-001/development-03-reasoning/request.json","1086","31641a0baf427cfe810d3222c748e5807ad6f635f1756956b7ea7a4a698be2b7"
"experiment-026/runs/local-mtp-k8-no-prompt-checkpoints-001/development-04-structured/events.jsonl","134574","f23a18e861ec56df8f777f0dd6ec1c0ae7d27747d0e8eb070b1ec7e0040bb8c1"
"experiment-026/runs/local-mtp-k8-no-prompt-checkpoints-001/development-04-structured/metrics.json","16869","a7cbe42a7bc63d7ef5d411e307f34ddc039434733d60fe7c5d96c90d2018b1a5"
"experiment-026/runs/local-mtp-k8-no-prompt-checkpoints-001/development-04-structured/output.json","14120","74817d09c9abb7f68cb53b25df446bdc10c7e22e640c2a61c030623ca253e720"
"experiment-026/runs/local-mtp-k8-no-prompt-checkpoints-001/development-04-structured/prompt.json","29076","2681047de43c89baff458c2462597a17dc7e532560f8222b36cb2efa06e4c7f8"
"experiment-026/runs/local-mtp-k8-no-prompt-checkpoints-001/development-04-structured/request.json","20808","a35cf84b1c9b59ab40e2d7d29ab98bf24acd5304ade5854de430f67982cdbf2e"
"experiment-026/runs/local-mtp-k8-no-prompt-checkpoints-001/development-05-generation/events.jsonl","135053","86938dc10949120878e9434af00724dd441465f38ae99455de2b3e05cad1fb59"
"experiment-026/runs/local-mtp-k8-no-prompt-checkpoints-001/development-05-generation/metrics.json","16777","d39678ae37bfa0f4a2b355a1c706b9d7eb8d96c0b89da56b3c5b0407ad36719b"
"experiment-026/runs/local-mtp-k8-no-prompt-checkpoints-001/development-05-generation/output.json","14633","9f89e5bb3d9b75f7c01b9f1fea6d847ecb527e4f1d541b937258c4a6aeb8e1e9"
"experiment-026/runs/local-mtp-k8-no-prompt-checkpoints-001/development-05-generation/prompt.json","28885","275e7978d9cfbeebc0643ac2a93bd2cb26ef917decd00c065ba79c36b5fcfd52"
"experiment-026/runs/local-mtp-k8-no-prompt-checkpoints-001/development-05-generation/request.json","20651","59922ac3b3f3e5617e071a06510143802a28019b27d69dd0fc21e80c9e83f73b"
"experiment-026/runs/local-mtp-k8-no-prompt-checkpoints-001/development-06-retrieval/events.jsonl","142928","0cfdb3468116544b1fab03ae989b298ba44e62ca0477913c3c2d8760a663cc8f"
"experiment-026/runs/local-mtp-k8-no-prompt-checkpoints-001/development-06-retrieval/metrics.json","16790","ba7a0129e6a170c44e7845199123ed0c70c5b848a6b9f89bf292ec1ad33e1fad"
"experiment-026/runs/local-mtp-k8-no-prompt-checkpoints-001/development-06-retrieval/output.json","22364","b48525c7b8c629ca5afa8060b024ef390e912390cbe65992966544209f0ecaf3"
"experiment-026/runs/local-mtp-k8-no-prompt-checkpoints-001/development-06-retrieval/prompt.json","86510","8ab2298193bae48f18de52d09a9d0d1fe16e47ff0128419e0bf3cb588b4f3036"
"experiment-026/runs/local-mtp-k8-no-prompt-checkpoints-001/development-06-retrieval/request.json","69408","7f967e0027374f90037c7d898a6fc6f716041a7d5cc4f510774cf1fb953dbc11"
"experiment-026/runs/local-mtp-k8-no-prompt-checkpoints-001/process.json","906","24ab03576eef41dc23c79f08934eb3b279c8a3bba6d172944a16fc4904eebbde"
"experiment-026/runs/local-mtp-k8-no-prompt-checkpoints-001/server.stderr.log","7013","953b69c0c836f4f618c2e3ada95cfa8bb00a7cc2d1a4b23d0f4dacff786314e9"
"experiment-026/runs/local-mtp-k8-no-prompt-checkpoints-001/server.stdout.log","0","e3b0c44298fc1c149afbf4c8996fb92427ae41e4649b934ca495991b7852b855"
"experiment-026/runs/local-mtp-k8-no-prompt-checkpoints-001/startup.json","156","4b740a00b9fb36296618eba24991011efa2f6ff0f9b20feee75d3bc112b5bd1c"
"experiment-026/runs/local-routed-async-001/configuration.json","6595","9208cc4632d005aa741759366a4e3ed9d86db24f74e98d176f9696d3f0d22c0b"
"experiment-026/runs/local-routed-async-001/development-01-factual/events.jsonl","28598","cd5c90585d84e06acaf414b77cfc18ad3f8702e51f6d69a74e60ed9955c6fb4c"
"experiment-026/runs/local-routed-async-001/development-01-factual/metrics.json","9746","030b35797666600b8c8cfd8a596c9938732a13a4021f7c8088732fc24fbaefbd"
"experiment-026/runs/local-routed-async-001/development-01-factual/output.json","3844","c777c601d0bc8b802966e81f5a7acc1c46bcf8ae18ca64d54ed3060275e741f2"
"experiment-026/runs/local-routed-async-001/development-01-factual/prompt.json","970","2af3133e606f91b308e3adabbdd1318a7b4330e4aaf7796e4e03abbb6f112ce6"
"experiment-026/runs/local-routed-async-001/development-01-factual/request.json","806","f5970c21e4a928e0d7bfa0a740af7133539f44ca2fab00099f7d2be12e82cce4"
"experiment-026/runs/local-routed-async-001/development-02-code/events.jsonl","28655","5ec39d987cbea26e8e7ebfe82a9082fde518c2d690974cab3e64e4135479bc8a"
"experiment-026/runs/local-routed-async-001/development-02-code/metrics.json","9745","93a1c55a0b5af07d8eb52bce959be048815228047507a47ea89f676c79df46e7"
"experiment-026/runs/local-routed-async-001/development-02-code/output.json","3837","24774a90e794e2ca7f632007ed744e0d56fbb12d32e61844063e671218f795b6"
"experiment-026/runs/local-routed-async-001/development-02-code/prompt.json","1111","e1d9582e4f48fff28424c0631558033150076fb899b5d7c18622d9fc06255957"
"experiment-026/runs/local-routed-async-001/development-02-code/request.json","900","4965083d24d848457db26737b46315c0ce7b34f0f6b1c408be8a26ef240887a6"
"experiment-026/runs/local-routed-async-001/development-06-retrieval/events.jsonl","45550","250a2e2d7cc828c590ae4ddcfa9740e5b15f26652a72c97ed6965f9b60bf7393"
"experiment-026/runs/local-routed-async-001/development-06-retrieval/metrics.json","9713","4892569491b85271adceea33e5ca27b31fd3264c108c581228a7224ef6e4542d"
"experiment-026/runs/local-routed-async-001/development-06-retrieval/output.json","20433","2e5c4474420e0f0c2f68516aba29ee5e3bd4079ac4d76155e931dd04f9dfa4ac"
"experiment-026/runs/local-routed-async-001/development-06-retrieval/prompt.json","86510","8ab2298193bae48f18de52d09a9d0d1fe16e47ff0128419e0bf3cb588b4f3036"
"experiment-026/runs/local-routed-async-001/development-06-retrieval/request.json","69407","9cbe66fcc6bc981e416cb46f91775b08ec59e1e25ad51d37d2a77f2af0eca7a5"
"experiment-026/runs/local-routed-async-001/process.json","759","8b9e5476ea8a791f5920f823bc6ded67984c555598a21bde9c0e84160d63b50a"
"experiment-026/runs/local-routed-async-001/server.stderr.log","467302","53b6ceebaa8d4a7ecea86cc84a332671557881e526a74ebfe4ade1fff166bb87"
"experiment-026/runs/local-routed-async-001/server.stdout.log","0","e3b0c44298fc1c149afbf4c8996fb92427ae41e4649b934ca495991b7852b855"
"experiment-026/runs/local-routed-async-001/startup.json","156","f891d63ff39c1eee226bd3c37acc3479589cab66e8d877f3b9e30cac33b6a3c9"
"experiment-026/runs/local-routed-cas-001/configuration.json","8887","e95ca47a1a531fb50b05a21bfe7a6a6064b501cf45d66621a6f2320905884d35"
"experiment-026/runs/local-routed-cas-001/development-01-factual/events.jsonl","28627","3e511a1e3ed4bf1a1051380ba049b25c87c8a92465f6c32436be51d7ec94ba1b"
"experiment-026/runs/local-routed-cas-001/development-01-factual/metrics.json","12092","5c9c0b1295c0bc9307d9651799a1f17cf0ff8283576c56488dd4f3910e2ab48e"
"experiment-026/runs/local-routed-cas-001/development-01-factual/output.json","3844","86be43dbe132eeea32149b24742db35a16fe40ed0dd7c3cd8c6831661f47994d"
"experiment-026/runs/local-routed-cas-001/development-01-factual/prompt.json","970","2af3133e606f91b308e3adabbdd1318a7b4330e4aaf7796e4e03abbb6f112ce6"
"experiment-026/runs/local-routed-cas-001/development-01-factual/request.json","806","f5970c21e4a928e0d7bfa0a740af7133539f44ca2fab00099f7d2be12e82cce4"
"experiment-026/runs/local-routed-cas-001/development-02-code/events.jsonl","28625","35be3121df979175b160d5242664987bc2d7fb8fec9388d9fc6a182e0f79621e"
"experiment-026/runs/local-routed-cas-001/development-02-code/metrics.json","12088","7b49d146ac52d1730dadfefa6926988edf4b55935289690a5d7b9a9f1ef9b02d"
"experiment-026/runs/local-routed-cas-001/development-02-code/output.json","3837","6fa945017f50d3d7184e96f968416cd8c94b0869f1e4e67a22a2b627dcff5ca3"
"experiment-026/runs/local-routed-cas-001/development-02-code/prompt.json","1111","e1d9582e4f48fff28424c0631558033150076fb899b5d7c18622d9fc06255957"
"experiment-026/runs/local-routed-cas-001/development-02-code/request.json","900","4965083d24d848457db26737b46315c0ce7b34f0f6b1c408be8a26ef240887a6"
"experiment-026/runs/local-routed-cas-001/development-06-retrieval/events.jsonl","45602","914404eba55467d29679a3dfd336330bc61b9779cd6a5a6fce627c8caaf09728"
"experiment-026/runs/local-routed-cas-001/development-06-retrieval/metrics.json","12053","8e5ce906c08a666e3c3834155e7d58db671005adc8c2547b6d8b5a898d955fd3"
"experiment-026/runs/local-routed-cas-001/development-06-retrieval/output.json","20434","fbf7f88350dde460595443e7993d2b271eb75b0f05c7acb3954ab4be3e303ed2"
"experiment-026/runs/local-routed-cas-001/development-06-retrieval/prompt.json","86510","8ab2298193bae48f18de52d09a9d0d1fe16e47ff0128419e0bf3cb588b4f3036"
"experiment-026/runs/local-routed-cas-001/development-06-retrieval/request.json","69407","9cbe66fcc6bc981e416cb46f91775b08ec59e1e25ad51d37d2a77f2af0eca7a5"
"experiment-026/runs/local-routed-cas-001/process.json","759","afc7025c4e5a8216021fdbec97869f4b89d75f647cdf6da3b851cd64e2638cfe"
"experiment-026/runs/local-routed-cas-001/server.stderr.log","462583","b62b62154e6e62fe1989d6512e81717d8bb908998629fea5bf8e3a22401bb942"
"experiment-026/runs/local-routed-cas-001/server.stdout.log","0","e3b0c44298fc1c149afbf4c8996fb92427ae41e4649b934ca495991b7852b855"
"experiment-026/runs/local-routed-cas-001/startup.json","156","8f9de20d107fbcfc40c43971b3b1e59cdd5b7c6b38821f48a067fd36131a27c4"
"experiment-026/runs/local-smoke-001/configuration.json","903","35b06c1d5287dfc14de3e2df21df55452f8c124ffd3840e58aada599dd97471c"
"experiment-026/runs/local-smoke-001/development-01-factual/events.jsonl","25740","ef9ef5174b3efce26e833e8e8be0a1f2c1c4b1b47977d815cf3388a1ad1d6f19"
"experiment-026/runs/local-smoke-001/development-01-factual/metrics.json","2845","7b1f7810ef8ab3e8a97193cd32bdcecb5718ac59bda6308af4d12ce80423d58f"
"experiment-026/runs/local-smoke-001/development-01-factual/output.json","3110","c6b8a8bc6c332ed7fb667b23bd427ab70cb64df53ee5597141ad2223b96851b0"
"experiment-026/runs/local-smoke-001/development-01-factual/prompt.json","970","2af3133e606f91b308e3adabbdd1318a7b4330e4aaf7796e4e03abbb6f112ce6"
"experiment-026/runs/local-smoke-001/development-01-factual/request.json","807","7443d64d8c99e88451352e8773f573903864b6ef58cb6e1bc632cf71a53fa764"
"experiment-026/runs/local-smoke-001/process.json","651","685357a60f0b4d784faeebc6764528f4890ed42cc4df66f27249c41c5edcf925"
"experiment-026/runs/local-smoke-001/server.stderr.log","2028","0e115cf5293b1d54552cb1fc2d4fa90f4b22b16319c630ee01dba06f18eaf1ff"
"experiment-026/runs/local-smoke-001/server.stdout.log","0","e3b0c44298fc1c149afbf4c8996fb92427ae41e4649b934ca495991b7852b855"
"experiment-026/runs/local-smoke-001/startup.json","155","268ec5ba592ff2baafc7d1504d582f0ec79778e20e9af16b4ac8829438bee8cb"
"experiment-026/runs/local-target-001/configuration.json","908","5410d298ae14b6856c22d9304b9b32a393744d41210c74e25e764c574caeef71"
"experiment-026/runs/local-target-001/development-01-factual/events.jsonl","109442","890c97c7943bfaba6823c6969c267010d8ea13012714fdb34325b7d0617e3382"
"experiment-026/runs/local-target-001/development-01-factual/metrics.json","8535","ab1cf9a6f7fe46afadd5330564d7d97475a071401f558322a8adfb7511b61df8"
"experiment-026/runs/local-target-001/development-01-factual/output.json","6749","af0c911111b992b2fdaf0a679a78d08bdbf9998862b3baef578036d2e26c3baf"
"experiment-026/runs/local-target-001/development-01-factual/prompt.json","970","2af3133e606f91b308e3adabbdd1318a7b4330e4aaf7796e4e03abbb6f112ce6"
"experiment-026/runs/local-target-001/development-01-factual/request.json","807","ea354a4e9bd641faad43eacee8a0632103628433281892e2b8ceaf799ddcaeb5"
"experiment-026/runs/local-target-001/development-02-code/events.jsonl","108859","f73456269a0276a1c8443fb7377ca242cc7f59b6759b8d161d0675510b19df08"
"experiment-026/runs/local-target-001/development-02-code/metrics.json","8536","5db67aa09e34ff8a81b859d39eb86d00e1250d25ca9bfcf7b3097fc773d98899"
"experiment-026/runs/local-target-001/development-02-code/output.json","6441","58d4301ef860923254a4cbf2e74261aec1aedcdbf8d8cd82b412b6f35f6fee5f"
"experiment-026/runs/local-target-001/development-02-code/prompt.json","1111","e1d9582e4f48fff28424c0631558033150076fb899b5d7c18622d9fc06255957"
"experiment-026/runs/local-target-001/development-02-code/request.json","901","ca471cf30c0bb5cf6cf86393ed11e3303f6df6f1f79e72ec1cd90f646354790f"
"experiment-026/runs/local-target-001/development-03-reasoning/events.jsonl","108840","214fd562a8d28e0602e60aa1135d5218966ecfe50871596b48f5d936e41316da"
"experiment-026/runs/local-target-001/development-03-reasoning/metrics.json","8513","dcbd3ca2593a8587162636f09c6fcacd6b9cabb8c69ea3e330a1d92c027c20b5"
"experiment-026/runs/local-target-001/development-03-reasoning/output.json","6205","d639733efa0474724d08b83fbc8af735fe302dc70de26a9cb391cfd0610ef9ec"
"experiment-026/runs/local-target-001/development-03-reasoning/prompt.json","1379","346546fde01a2a29297a38da29229240ffab59f099a0143d62de7322c42ff701"
"experiment-026/runs/local-target-001/development-03-reasoning/request.json","1086","31641a0baf427cfe810d3222c748e5807ad6f635f1756956b7ea7a4a698be2b7"
"experiment-026/runs/local-target-001/development-04-structured/events.jsonl","117945","aeabfb1a72aee83e62a7a4bcb7c2aa0a952ae74be41a55fa08630696a3eab87e"
"experiment-026/runs/local-target-001/development-04-structured/metrics.json","8484","44a76d13dde5460de02718de45a4328552498a00ae40351d3c9b3043f067c694"
"experiment-026/runs/local-target-001/development-04-structured/output.json","14025","56ebe81470d5723c85902d51c8e5193cddd3dc4975d4e863d36a32572641a10f"
"experiment-026/runs/local-target-001/development-04-structured/prompt.json","29076","2681047de43c89baff458c2462597a17dc7e532560f8222b36cb2efa06e4c7f8"
"experiment-026/runs/local-target-001/development-04-structured/request.json","20808","a35cf84b1c9b59ab40e2d7d29ab98bf24acd5304ade5854de430f67982cdbf2e"
"experiment-026/runs/local-target-001/development-05-generation/events.jsonl","118221","c9b49a07d1e5c21ca61d044dfc9fd10d46f24888ffdaa62cc6e374ad84a34fae"
"experiment-026/runs/local-target-001/development-05-generation/metrics.json","8462","025627733b7492b4402a98646fd77985be955331a55489cfbbadd398fdf08393"
"experiment-026/runs/local-target-001/development-05-generation/output.json","14545","9e130ec1ad0507d349c1fed4deca688e35066f75ecc4d7f08f81a3ddbe0f43b4"
"experiment-026/runs/local-target-001/development-05-generation/prompt.json","28885","275e7978d9cfbeebc0643ac2a93bd2cb26ef917decd00c065ba79c36b5fcfd52"
"experiment-026/runs/local-target-001/development-05-generation/request.json","20651","59922ac3b3f3e5617e071a06510143802a28019b27d69dd0fc21e80c9e83f73b"
"experiment-026/runs/local-target-001/development-06-retrieval/events.jsonl","126109","a15840cb755bc1c9cd458217a8a4834be401fb39835c11e98cff393349864fa5"
"experiment-026/runs/local-target-001/development-06-retrieval/metrics.json","8387","6d5f6572dae979199c20285eb2e5038f54ef2c8c77bbead02b13f578182fc50c"
"experiment-026/runs/local-target-001/development-06-retrieval/output.json","22266","bff20c0847dc8b79b576a8f8d5e74911dd1b5f27bfb5333627c798d0917592f3"
"experiment-026/runs/local-target-001/development-06-retrieval/prompt.json","86510","8ab2298193bae48f18de52d09a9d0d1fe16e47ff0128419e0bf3cb588b4f3036"
"experiment-026/runs/local-target-001/development-06-retrieval/request.json","69408","7f967e0027374f90037c7d898a6fc6f716041a7d5cc4f510774cf1fb953dbc11"
"experiment-026/runs/local-target-001/process.json","655","900c651648c3252501e6013745bc0352ea446940941f463dfb0f6e379049e563"
"experiment-026/runs/local-target-001/server.stderr.log","6460","fb5615c81787675ffcf47edd1d8e6b06c931e12bbcb38b27b57c7a6f15263197"
"experiment-026/runs/local-target-001/server.stdout.log","0","e3b0c44298fc1c149afbf4c8996fb92427ae41e4649b934ca495991b7852b855"
"experiment-026/runs/local-target-001/startup.json","156","69d4908efec505aad28ce51d0c84d0f6482d35c382eeec6e6af4c1c07c2343ec"
"experiment-026/runs/local-target-current-checkpoints-002/configuration.json","8815","4fd5e7b7d8d46c22297d1016e26e6cbdc2457d074bf99535454524f4a756f5eb"
"experiment-026/runs/local-target-current-checkpoints-002/development-01-factual/events.jsonl","193587","679de0bace82da9662660ad4d73ae037c4080642df7c10b116d3f69d078b88f7"
"experiment-026/runs/local-target-current-checkpoints-002/development-01-factual/metrics.json","13547","10497fbf0d03f7b044b004d73f38d32ac5551624f9d97d260070ce1b3dee3ea0"
"experiment-026/runs/local-target-current-checkpoints-002/development-01-factual/output.json","4844","a51a9b9b3e01e2b7d21dd014cdc2e52d9408229bf21fcc7aa3d8b7b4edacac3c"
"experiment-026/runs/local-target-current-checkpoints-002/development-01-factual/prompt.json","970","2af3133e606f91b308e3adabbdd1318a7b4330e4aaf7796e4e03abbb6f112ce6"
"experiment-026/runs/local-target-current-checkpoints-002/development-01-factual/request.json","808","51a638945f11b0841425acde9cb97a8d56224229d16cfbc40eb107b65dc08a77"
"experiment-026/runs/local-target-current-checkpoints-002/process.json","654","af96ba804cf205c4af3580e3c5bbbc56a61e144f3a804d162d2cfc46d831f19b"
"experiment-026/runs/local-target-current-checkpoints-002/server.stderr.log","12999","448c8d89314527d7dbcad82ee2332ad919fd417ce6bb6a3c64533f1568f7fe71"
"experiment-026/runs/local-target-current-checkpoints-002/server.stdout.log","0","e3b0c44298fc1c149afbf4c8996fb92427ae41e4649b934ca495991b7852b855"
"experiment-026/runs/local-target-current-checkpoints-002/startup.json","135","1216feda569dc07b598ed4789b93a06bfe1656d5ee9d21451e4babc6d93699c2"
"experiment-026/runs/local-target-no-prompt-checkpoints-001/configuration.json","8781","18c440ed6be4469b10d5dfe0fe7f8a2806b323b9523400058941618708323682"
"experiment-026/runs/local-target-no-prompt-checkpoints-001/development-01-factual/events.jsonl","382089","ef21bd746b473fa50bfe0412cdcd89603f1676ecd862f9ea4b104179d598d5be"
"experiment-026/runs/local-target-no-prompt-checkpoints-001/development-01-factual/metrics.json","16519","d443add49c446fb42d2e4c1a6595636174928f4311e788a4cf698520d2e7041b"
"experiment-026/runs/local-target-no-prompt-checkpoints-001/development-01-factual/output.json","6768","42505872bd89266a5c589f8733998745679f4550d98ab9768152f4215f0deb7a"
"experiment-026/runs/local-target-no-prompt-checkpoints-001/development-01-factual/prompt.json","970","2af3133e606f91b308e3adabbdd1318a7b4330e4aaf7796e4e03abbb6f112ce6"
"experiment-026/runs/local-target-no-prompt-checkpoints-001/development-01-factual/request.json","808","2b94bdeaec83321959fdb7733b99f4a36ba3de94131a8022f6e7bddafc6278b0"
"experiment-026/runs/local-target-no-prompt-checkpoints-001/development-02-code/events.jsonl","360174","a01c5ca2de7da9c1ad728c02c6bd7ca248d7b94c95ad4e001e27e8add31a05bc"
"experiment-026/runs/local-target-no-prompt-checkpoints-001/development-02-code/metrics.json","16515","aabcdf50c1361095b7a83e23864aa0b0b75f3021784e67e54b76a1b3efe24206"
"experiment-026/runs/local-target-no-prompt-checkpoints-001/development-02-code/output.json","6519","5e98981f01a35df991889fdfca6fc24180741cd9ddc88f194beddf5bf5ae9774"
"experiment-026/runs/local-target-no-prompt-checkpoints-001/development-02-code/prompt.json","1111","e1d9582e4f48fff28424c0631558033150076fb899b5d7c18622d9fc06255957"
"experiment-026/runs/local-target-no-prompt-checkpoints-001/development-02-code/request.json","902","4ffaf172627206cb18efb2f493bd962bf04dd19dbd4fedfeb42d5186696b7690"
"experiment-026/runs/local-target-no-prompt-checkpoints-001/development-03-reasoning/events.jsonl","348607","3564e11fb5e76bcf436dbed1f3208c7744f7381ba25b8494188ff95a1dfbd271"
"experiment-026/runs/local-target-no-prompt-checkpoints-001/development-03-reasoning/metrics.json","16504","ce0ab8b6ffa18e068adcac003b4c6bf5a5157f5eba215d57df2bc90f7e829ebb"
"experiment-026/runs/local-target-no-prompt-checkpoints-001/development-03-reasoning/output.json","6204","50dcbf4ef51c89940f301899a958afb43213c825b52114ac059c4c2195dbf328"
"experiment-026/runs/local-target-no-prompt-checkpoints-001/development-03-reasoning/prompt.json","1379","346546fde01a2a29297a38da29229240ffab59f099a0143d62de7322c42ff701"
"experiment-026/runs/local-target-no-prompt-checkpoints-001/development-03-reasoning/request.json","1087","cbe57bca15f67da65d76dd6816c84e34b550f26818a0200b2932eb4f953f09a8"
"experiment-026/runs/local-target-no-prompt-checkpoints-001/development-04-structured/events.jsonl","341517","02b704fd5a70f4d5dbf9887a504ff95633cf8c71651466c42039e846201a08c8"
"experiment-026/runs/local-target-no-prompt-checkpoints-001/development-04-structured/metrics.json","16477","21cf02b8438b2eacdf7c20450392d8d570b9b2881d7348aa6ed6ab93d5e7e2f5"
"experiment-026/runs/local-target-no-prompt-checkpoints-001/development-04-structured/output.json","14024","65eb2b92dfc1f2a25aa0133188f2755be2b83df24d596319728bc2b249ec6c50"
"experiment-026/runs/local-target-no-prompt-checkpoints-001/development-04-structured/prompt.json","29076","2681047de43c89baff458c2462597a17dc7e532560f8222b36cb2efa06e4c7f8"
"experiment-026/runs/local-target-no-prompt-checkpoints-001/development-04-structured/request.json","20809","db5e57b35bc0f7127fd05d18dc0bb753a8c8e1d00281f7a06bd0434d0ab7fb4d"
"experiment-026/runs/local-target-no-prompt-checkpoints-001/development-05-generation/events.jsonl","377873","b4be7c43222b5a5171906518657548b21b62af143a4fa0cf46d77196aa89a553"
"experiment-026/runs/local-target-no-prompt-checkpoints-001/development-05-generation/metrics.json","16461","58c7613934df3f5c341f9fefc893ae1c55c77a76087e4503dc1076e9fe284e07"
"experiment-026/runs/local-target-no-prompt-checkpoints-001/development-05-generation/output.json","14546","03447cd85793f3f6de86227ce7fb6fe35fa99eca568bc53e8601547aa013a449"
"experiment-026/runs/local-target-no-prompt-checkpoints-001/development-05-generation/prompt.json","28885","275e7978d9cfbeebc0643ac2a93bd2cb26ef917decd00c065ba79c36b5fcfd52"
"experiment-026/runs/local-target-no-prompt-checkpoints-001/development-05-generation/request.json","20652","d5f79f61969aa97896cce7d66203bb27879b48c5a61955899a7eb6d6e5ec26cc"
"experiment-026/runs/local-target-no-prompt-checkpoints-001/development-06-retrieval/events.jsonl","326125","2eff795710bc2d2739eab2f638410359be16155c6b53c9b113b12bd810a8b9d9"
"experiment-026/runs/local-target-no-prompt-checkpoints-001/development-06-retrieval/metrics.json","16398","64d585f8ec5dac44da36a7f97ab5b524911c5ff9b8e1d3862487563d151285c4"
"experiment-026/runs/local-target-no-prompt-checkpoints-001/development-06-retrieval/output.json","22269","62f18fc88074eaa17b30d3ee7c12fe5624a8e02b2b526a188a09e8ae3145892d"
"experiment-026/runs/local-target-no-prompt-checkpoints-001/development-06-retrieval/prompt.json","86510","8ab2298193bae48f18de52d09a9d0d1fe16e47ff0128419e0bf3cb588b4f3036"
"experiment-026/runs/local-target-no-prompt-checkpoints-001/development-06-retrieval/request.json","69409","8cc012abd3344eaec7546b5b5f850455a8e16b5aeb013bf06f985d5f4236fc9d"
"experiment-026/runs/local-target-no-prompt-checkpoints-001/process.json","688","84e38c39e2b03e2e52d5a9e5ce4860ac0a8529530d0b60caa0f80f6aee72f25a"
"experiment-026/runs/local-target-no-prompt-checkpoints-001/server.stderr.log","6460","f3d29307d09f92488a4e545923c0969195399510b1ff54adce5a0c3605895a7f"
"experiment-026/runs/local-target-no-prompt-checkpoints-001/server.stdout.log","0","e3b0c44298fc1c149afbf4c8996fb92427ae41e4649b934ca495991b7852b855"
"experiment-026/runs/local-target-no-prompt-checkpoints-001/startup.json","156","2e67e19128b9aeed4e4b8a36803f0515dd6a1ede6daa872e0fc95cee0a09c3fa"
"experiment-026/runs/local-target-repeat-001/configuration.json","908","5410d298ae14b6856c22d9304b9b32a393744d41210c74e25e764c574caeef71"
"experiment-026/runs/local-target-repeat-001/development-01-factual/events.jsonl","108889","c5bebb6cd00501efd7e1ffab579b811aa10d2f807b466368df6701084ade5733"
"experiment-026/runs/local-target-repeat-001/development-01-factual/metrics.json","8534","cb58578151e47ca1b3c2a6c8052e8679a846aaa9d6fec7c68aa9b810913eef18"
"experiment-026/runs/local-target-repeat-001/development-01-factual/output.json","6746","0f066a3005ac2da38dfdc3a4927c46eb4d457ab13f3ad328fe0664ce185cd463"
"experiment-026/runs/local-target-repeat-001/development-01-factual/prompt.json","970","2af3133e606f91b308e3adabbdd1318a7b4330e4aaf7796e4e03abbb6f112ce6"
"experiment-026/runs/local-target-repeat-001/development-01-factual/request.json","807","ea354a4e9bd641faad43eacee8a0632103628433281892e2b8ceaf799ddcaeb5"
"experiment-026/runs/local-target-repeat-001/development-02-code/events.jsonl","109085","d0d5bcae88861bb68e9323d3a07694e022890eb8ae8b9ba8e8b516b6b0c3d3b5"
"experiment-026/runs/local-target-repeat-001/development-02-code/metrics.json","8515","58aa2f0791962dcf027a374e1e52995715cf26600c294ade663d32cb77665588"
"experiment-026/runs/local-target-repeat-001/development-02-code/output.json","6443","0b199960f68ceacb369863cd7d2016deac7d527c3b584da355eb40e5c387b0f8"
"experiment-026/runs/local-target-repeat-001/development-02-code/prompt.json","1111","e1d9582e4f48fff28424c0631558033150076fb899b5d7c18622d9fc06255957"
"experiment-026/runs/local-target-repeat-001/development-02-code/request.json","901","ca471cf30c0bb5cf6cf86393ed11e3303f6df6f1f79e72ec1cd90f646354790f"
"experiment-026/runs/local-target-repeat-001/development-03-reasoning/events.jsonl","108864","0a297e59e58e8a90ce96f2e1394552c061ad29421a80dd0e8622bb6088dc4b9f"
"experiment-026/runs/local-target-repeat-001/development-03-reasoning/metrics.json","8523","0fd111307773c916ac23c346d8548400cbc59fc78e6864ae1122e1f721cfa97e"
"experiment-026/runs/local-target-repeat-001/development-03-reasoning/output.json","6204","c5b70e7660fd17de3bb46362cc4e2b6e14de133fcb8cc93bf80fb47c1b50b3ca"
"experiment-026/runs/local-target-repeat-001/development-03-reasoning/prompt.json","1379","346546fde01a2a29297a38da29229240ffab59f099a0143d62de7322c42ff701"
"experiment-026/runs/local-target-repeat-001/development-03-reasoning/request.json","1086","31641a0baf427cfe810d3222c748e5807ad6f635f1756956b7ea7a4a698be2b7"
"experiment-026/runs/local-target-repeat-001/development-04-structured/events.jsonl","118223","f0d17811e73db5201ce32cb448e50cd31f4d78d7246e47b29484f77af955494b"
"experiment-026/runs/local-target-repeat-001/development-04-structured/metrics.json","8488","5645a1a6295dd74df000e1f8cdd2fdd2b4fc579f4058bb2131dd002fef993f48"
"experiment-026/runs/local-target-repeat-001/development-04-structured/output.json","14025","5043bf025f6be3a82f0fa31ba9ae17649c26b07f1e7f56c07e938419b76fb17d"
"experiment-026/runs/local-target-repeat-001/development-04-structured/prompt.json","29076","2681047de43c89baff458c2462597a17dc7e532560f8222b36cb2efa06e4c7f8"
"experiment-026/runs/local-target-repeat-001/development-04-structured/request.json","20808","a35cf84b1c9b59ab40e2d7d29ab98bf24acd5304ade5854de430f67982cdbf2e"
"experiment-026/runs/local-target-repeat-001/development-05-generation/events.jsonl","118213","451a9558dc50b0ad297e26c2314b01c5409c826988cd3a62f54862faca9d4d04"
"experiment-026/runs/local-target-repeat-001/development-05-generation/metrics.json","8471","1a0678fb1f3e69508cb1104f1f27fa979371687decc23d4d542601f799fcd5b3"
"experiment-026/runs/local-target-repeat-001/development-05-generation/output.json","14544","9bc0c8b6ff64a0d171692ac0146d91127244c28d5fb76c077271cb4467991f99"
"experiment-026/runs/local-target-repeat-001/development-05-generation/prompt.json","28885","275e7978d9cfbeebc0643ac2a93bd2cb26ef917decd00c065ba79c36b5fcfd52"
"experiment-026/runs/local-target-repeat-001/development-05-generation/request.json","20651","59922ac3b3f3e5617e071a06510143802a28019b27d69dd0fc21e80c9e83f73b"
"experiment-026/runs/local-target-repeat-001/development-06-retrieval/events.jsonl","126597","a3bb3bdb39a6263bbb5984757ae3e1bb66df5fc01d11bcc5aad4c2591e344f46"
"experiment-026/runs/local-target-repeat-001/development-06-retrieval/metrics.json","8406","1a3e82408695ed85a6bf8c57a9a6d038adccc7b9c31499ea98eb35c2bade12ca"
"experiment-026/runs/local-target-repeat-001/development-06-retrieval/output.json","22270","3030f4fb0f43474dfbd5b6e8c5aa88201d0e0159d70e0e28edc7580001dbe6cc"
"experiment-026/runs/local-target-repeat-001/development-06-retrieval/prompt.json","86510","8ab2298193bae48f18de52d09a9d0d1fe16e47ff0128419e0bf3cb588b4f3036"
"experiment-026/runs/local-target-repeat-001/development-06-retrieval/request.json","69408","7f967e0027374f90037c7d898a6fc6f716041a7d5cc4f510774cf1fb953dbc11"
"experiment-026/runs/local-target-repeat-001/process.json","654","0a4aea6466a38c2ca926afafd07d7984ac2bf9a3fc8221d7a91aa604cf11b73d"
"experiment-026/runs/local-target-repeat-001/server.stderr.log","6460","2375dc60a567dafb6509f13472f84b76b6a919e0171e7d91870ceb64e4156663"
"experiment-026/runs/local-target-repeat-001/server.stdout.log","0","e3b0c44298fc1c149afbf4c8996fb92427ae41e4649b934ca495991b7852b855"
"experiment-026/runs/local-target-repeat-001/startup.json","156","69a58f6b82f587799d3fd72102129cc9a60d5d9a696c68ca2a8378df619e8140"
"experiment-026/runs/logical-rpc-control-001/configuration.json","1057","50562f9e7ac7cb7f86af5f25792c36eae5d73e86ebeb2896050c6a488b7a619d"
"experiment-026/runs/logical-rpc-control-001/development-01-factual/events.jsonl","28581","450491079d12057be86e4330019a3b412a62f9f9c1aaa34c25e9e0cb1dc6ac1a"
"experiment-026/runs/logical-rpc-control-001/development-01-factual/metrics.json","4157","22521fb2e007bd1b49e1111f8b6f99b83e3e01fa2288e45781d9765fa1883c5b"
"experiment-026/runs/logical-rpc-control-001/development-01-factual/output.json","3845","11e37cf4f86342b4a595f3230efb336fbeb934ad1b70bc920e110f93aa65fb69"
"experiment-026/runs/logical-rpc-control-001/development-01-factual/prompt.json","970","2af3133e606f91b308e3adabbdd1318a7b4330e4aaf7796e4e03abbb6f112ce6"
"experiment-026/runs/logical-rpc-control-001/development-01-factual/request.json","806","f5970c21e4a928e0d7bfa0a740af7133539f44ca2fab00099f7d2be12e82cce4"
"experiment-026/runs/logical-rpc-control-001/development-02-code/events.jsonl","28635","4b2b8eecb0163abd78ee278a0b3572a72897d32382bf8a8d9a949b38eb0910b9"
"experiment-026/runs/logical-rpc-control-001/development-02-code/metrics.json","4139","232f55e49fe84013ca553cd712fa463ece49686f34136d38a5204af4f5e9648a"
"experiment-026/runs/logical-rpc-control-001/development-02-code/output.json","3836","8c5cf93ef1061b37984e2625149969c34e3e09ded9379183f6a1969e29569ca0"
"experiment-026/runs/logical-rpc-control-001/development-02-code/prompt.json","1111","e1d9582e4f48fff28424c0631558033150076fb899b5d7c18622d9fc06255957"
"experiment-026/runs/logical-rpc-control-001/development-02-code/request.json","900","4965083d24d848457db26737b46315c0ce7b34f0f6b1c408be8a26ef240887a6"
"experiment-026/runs/logical-rpc-control-001/development-06-retrieval/events.jsonl","45452","cb2c989ee1cd534012c4f14b96a85a208828282b8d47b4438c6fcac50ef6baf1"
"experiment-026/runs/logical-rpc-control-001/development-06-retrieval/metrics.json","4113","1b2a9066f87e01b2094cd3e349810bc484f241f3915f0fc28aec492a211d847f"
"experiment-026/runs/logical-rpc-control-001/development-06-retrieval/output.json","20433","70e4368a0701498ca52f3ca37027c16b69845b6abb02b56d097ec79bcaa872a4"
"experiment-026/runs/logical-rpc-control-001/development-06-retrieval/prompt.json","86510","8ab2298193bae48f18de52d09a9d0d1fe16e47ff0128419e0bf3cb588b4f3036"
"experiment-026/runs/logical-rpc-control-001/development-06-retrieval/request.json","69407","9cbe66fcc6bc981e416cb46f91775b08ec59e1e25ad51d37d2a77f2af0eca7a5"
"experiment-026/runs/logical-rpc-control-001/process.json","775","fd2db1cb48a9ce098ef102621521a924dcda91fae1a2df712404c592543c89f0"
"experiment-026/runs/logical-rpc-control-001/server.stderr.log","609857","83431bbb4f528f2f02f1cd863941e40dd45479098e7ac9a96a0ad55962a740fc"
"experiment-026/runs/logical-rpc-control-001/server.stdout.log","0","e3b0c44298fc1c149afbf4c8996fb92427ae41e4649b934ca495991b7852b855"
"experiment-026/runs/logical-rpc-control-001/startup.json","157","67d0b2baf3c2413eec590268718901de2c17ea7be7862d94e31c0cfb838c77f0"
"experiment-026/runs/logical-rpc-mtp-k3-001/configuration.json","6766","f20757cce172f3b1e0044ba6266db587e266a06896f0b5acea19b1c1b8ba8ce4"
"experiment-026/runs/logical-rpc-mtp-k3-001/failure.json","195","dab317e94a2bd65783abeefc8cfc0e24b364e633cd1f3d41b9ea8921b8aa0130"
"experiment-026/runs/logical-rpc-mtp-k3-001/process.json","986","9c61e665f968b95f55957d76d6998a00679000c059b24ee6ad3deae8bdda8918"
"experiment-026/runs/logical-rpc-mtp-k3-001/server.stderr.log","537","4a45cb431e91d647c730f5b0582f50768921ebd5f48716a7f909f7085cf72d4f"
"experiment-026/runs/logical-rpc-mtp-k3-001/server.stdout.log","0","e3b0c44298fc1c149afbf4c8996fb92427ae41e4649b934ca495991b7852b855"
"experiment-026/runs/logical-rpc-mtp-k3-002/configuration.json","6778","3f041f6e062302119912bece80e8826df291785d3f8f22a861089ec31cba60fe"
"experiment-026/runs/logical-rpc-mtp-k3-002/development-01-factual/events.jsonl","32781","388aeac27664e495cd6fc774f8cbf3eb276300af047df4bcaf7bf06862bc1229"
"experiment-026/runs/logical-rpc-mtp-k3-002/development-01-factual/metrics.json","10006","d4fc490c89b3133472be8e43bee93e5cebbe1dc3d671f2921ec405705f4b7e54"
"experiment-026/runs/logical-rpc-mtp-k3-002/development-01-factual/output.json","3939","e6441e5c3e9b434c867ee9b031889adbf3f9e6d174989d173374f44c710ba9e9"
"experiment-026/runs/logical-rpc-mtp-k3-002/development-01-factual/prompt.json","970","2af3133e606f91b308e3adabbdd1318a7b4330e4aaf7796e4e03abbb6f112ce6"
"experiment-026/runs/logical-rpc-mtp-k3-002/development-01-factual/request.json","806","f5970c21e4a928e0d7bfa0a740af7133539f44ca2fab00099f7d2be12e82cce4"
"experiment-026/runs/logical-rpc-mtp-k3-002/development-02-code/events.jsonl","32759","e5c125a396e712e5fcf4bcdd2195bb8d59252728ddb7bd488a9b977ef37f16d3"
"experiment-026/runs/logical-rpc-mtp-k3-002/development-02-code/metrics.json","10002","f29befdfc70d605c5052e7631db6e6a3ee83f8f111d2d2885a039b305628b8ca"
"experiment-026/runs/logical-rpc-mtp-k3-002/development-02-code/output.json","3911","72ac42fe8057aa1b4b378244b2da43c9d975db47d2fd85d9a4d73db265c0557a"
"experiment-026/runs/logical-rpc-mtp-k3-002/development-02-code/prompt.json","1111","e1d9582e4f48fff28424c0631558033150076fb899b5d7c18622d9fc06255957"
"experiment-026/runs/logical-rpc-mtp-k3-002/development-02-code/request.json","900","4965083d24d848457db26737b46315c0ce7b34f0f6b1c408be8a26ef240887a6"
"experiment-026/runs/logical-rpc-mtp-k3-002/development-06-retrieval/events.jsonl","49736","cdd0eac52b72008e7334c7cd45bc126008fe58256266a086b5db54b54efdb86c"
"experiment-026/runs/logical-rpc-mtp-k3-002/development-06-retrieval/metrics.json","9953","60cd66d0117bc87bfbfcf0e2e1832b70938aa40ab557e2d97f9602c53a6b25b8"
"experiment-026/runs/logical-rpc-mtp-k3-002/development-06-retrieval/output.json","20528","990118a06b3c378eb9623df4fe88b345272d82d651751b1b4716033a24b3e98e"
"experiment-026/runs/logical-rpc-mtp-k3-002/development-06-retrieval/prompt.json","86510","8ab2298193bae48f18de52d09a9d0d1fe16e47ff0128419e0bf3cb588b4f3036"
"experiment-026/runs/logical-rpc-mtp-k3-002/development-06-retrieval/request.json","69407","9cbe66fcc6bc981e416cb46f91775b08ec59e1e25ad51d37d2a77f2af0eca7a5"
"experiment-026/runs/logical-rpc-mtp-k3-002/process.json","992","849a87e408672e419d256043b7da96f8f985750bf64c75cdd7b53b8580cc2bdf"
"experiment-026/runs/logical-rpc-mtp-k3-002/server.stderr.log","388578","27f710091e7c03dab87aa726f9044a52b3f1225c69734cf9507275974c85df7e"
"experiment-026/runs/logical-rpc-mtp-k3-002/server.stdout.log","0","e3b0c44298fc1c149afbf4c8996fb92427ae41e4649b934ca495991b7852b855"
"experiment-026/runs/logical-rpc-mtp-k3-002/startup.json","156","8727e5ac79c4774dc54d99744dafee9eddd9c58bfa54ad7c6e6bb8371cf2baf8"
"experiment-026/runs/logical-rpc-replica-kill-001/configuration.json","1058","21dc441b3c5772bbd1bda9d3b7f00fd29b3dbce586df07bdc1b0a5b640d3d182"
"experiment-026/runs/logical-rpc-replica-kill-001/development-01-factual/events.jsonl","55569","11de052f6727a74193406aef13f6e21b07ea864262b1cfb46084d7985e020c3e"
"experiment-026/runs/logical-rpc-replica-kill-001/development-01-factual/metrics.json","5649","7b0d13edff3ba597b80cfe7db85a12eb2fd896dfdcdc9e09aabb435941bf4f28"
"experiment-026/runs/logical-rpc-replica-kill-001/development-01-factual/output.json","4841","45031858d0206d76d6a8f29b126b788f557fbcd93227f7d6fb273f75d9ea0fc3"
"experiment-026/runs/logical-rpc-replica-kill-001/development-01-factual/prompt.json","970","2af3133e606f91b308e3adabbdd1318a7b4330e4aaf7796e4e03abbb6f112ce6"
"experiment-026/runs/logical-rpc-replica-kill-001/development-01-factual/request.json","807","ff425c9499473f1218f477f1fe322d723af91ce92af86c5e330ff94a34768505"
"experiment-026/runs/logical-rpc-replica-kill-001/development-02-code/events.jsonl","55019","924bbf48fb66677a2b3ab1fb19450b4f0418b390d7bb4f5de18d09437e4c1f58"
"experiment-026/runs/logical-rpc-replica-kill-001/development-02-code/metrics.json","5650","cd50542372433ccdd1165bc09b270ba521d87175ff4e6ba6b4cf07db97cc169c"
"experiment-026/runs/logical-rpc-replica-kill-001/development-02-code/output.json","4674","a05ed0634ad12f2df67ee2e8749288b1e23d7659893f660147840757894d3aff"
"experiment-026/runs/logical-rpc-replica-kill-001/development-02-code/prompt.json","1111","e1d9582e4f48fff28424c0631558033150076fb899b5d7c18622d9fc06255957"
"experiment-026/runs/logical-rpc-replica-kill-001/development-02-code/request.json","901","e0031f904bf0dba94ef5bbb365d2832ef15658419a7e5c3eeb6c3128e22d8e1f"
"experiment-026/runs/logical-rpc-replica-kill-001/development-06-retrieval/events.jsonl","72452","f798076a516c5106e787b47f317b70639d56929b6a407aaa5e5694817d41d650"
"experiment-026/runs/logical-rpc-replica-kill-001/development-06-retrieval/metrics.json","5589","09aa4ef1918f20d3638aed9be8f54ae2ed736b92634b99d5a3649a88f84cdee9"
"experiment-026/runs/logical-rpc-replica-kill-001/development-06-retrieval/output.json","21049","c9b13341923ab039a1f799e19b255a6d6d793405a39c485de70d83e3f145e0f4"
"experiment-026/runs/logical-rpc-replica-kill-001/development-06-retrieval/prompt.json","86510","8ab2298193bae48f18de52d09a9d0d1fe16e47ff0128419e0bf3cb588b4f3036"
"experiment-026/runs/logical-rpc-replica-kill-001/development-06-retrieval/request.json","69408","a988ace0d83291f429ad1e8941dc9511a872ce247bdcb066491585b80b3166b9"
"experiment-026/runs/logical-rpc-replica-kill-001/process.json","775","4dcb1933eacfae43cdfc870eb5694bb0971354487dfb0afeae795c33a5b96088"
"experiment-026/runs/logical-rpc-replica-kill-001/server.stderr.log","901349","4cf42ac51ba957adc3f46005c097e675bc0d76225ac9157eb7b0010cbf7032c1"
"experiment-026/runs/logical-rpc-replica-kill-001/server.stdout.log","0","e3b0c44298fc1c149afbf4c8996fb92427ae41e4649b934ca495991b7852b855"
"experiment-026/runs/logical-rpc-replica-kill-001/startup.json","155","2a1c065881a84ca013fb86845c3a96eb810859de38f4f7b861f3366e1ffb6d72"
"experiment-026/runs/wan-direct-cache-pipeline-mtp-k3-001/configuration.json","14472","086817de045ea05afe802f7d405eb9c66e0d71f8b878ee5f55723ba06534bd81"
"experiment-026/runs/wan-direct-cache-pipeline-mtp-k3-001/development-01-factual/events.jsonl","35065","77bfa3baed6b7ccb505eb11028d5688d2c3966c867d2cdba3d9308f582a617e7"
"experiment-026/runs/wan-direct-cache-pipeline-mtp-k3-001/development-01-factual/metrics.json","18053","f39de7a028a0cb45ca123dc8ce748339e682467cc26c52e9f51f149b3fab61fd"
"experiment-026/runs/wan-direct-cache-pipeline-mtp-k3-001/development-01-factual/output.json","3943","472d7d68cbd566945057029f9f990ed01f2c596c6c39e4dc74a6e27e6e2ad992"
"experiment-026/runs/wan-direct-cache-pipeline-mtp-k3-001/development-01-factual/prompt.json","970","2af3133e606f91b308e3adabbdd1318a7b4330e4aaf7796e4e03abbb6f112ce6"
"experiment-026/runs/wan-direct-cache-pipeline-mtp-k3-001/development-01-factual/request.json","807","5800eaab7185dae9faeb29db00b02b071d04ef87ff22ed2ebc681ddabaf1b040"
"experiment-026/runs/wan-direct-cache-pipeline-mtp-k3-001/process.json","1010","1257837cfbfc5783902f418d472c59d1a1775ab1bc4a8f8a8555953e05dc4264"
"experiment-026/runs/wan-direct-cache-pipeline-mtp-k3-001/server.stderr.log","116234","2c94f871eef40b21fe7474c8873b4647ae2e2924ff185d9c5d4326f5091e73a3"
"experiment-026/runs/wan-direct-cache-pipeline-mtp-k3-001/server.stdout.log","0","e3b0c44298fc1c149afbf4c8996fb92427ae41e4649b934ca495991b7852b855"
"experiment-026/runs/wan-direct-cache-pipeline-mtp-k3-001/startup.json","158","635958dec4ed1eba6140a6932b5da8dce7ba7176c65ccff15e5678d03fbea727"
"experiment-026/runs/wan-direct-cache-pipeline-no-checkpoints-001/configuration.json","14251","454213ec9a27e04451fd7763a546f08d2fb016fb7f250e907713077de7f59960"
"experiment-026/runs/wan-direct-cache-pipeline-no-checkpoints-001/development-01-factual/events.jsonl","49222","02624bc2727e9c8cc48924d9e0c1ee437bacbc912df7c3ce6a93014642385135"
"experiment-026/runs/wan-direct-cache-pipeline-no-checkpoints-001/development-01-factual/metrics.json","17007","0bb037a3698bffe29f49d9fdd00b50553cb3ff653996b591339d1e39f32cf701"
"experiment-026/runs/wan-direct-cache-pipeline-no-checkpoints-001/development-01-factual/output.json","3352","c5b1dce2e6b584fa2c8d598595cec6a8911583613b11290d751755f988364ba3"
"experiment-026/runs/wan-direct-cache-pipeline-no-checkpoints-001/development-01-factual/prompt.json","970","2af3133e606f91b308e3adabbdd1318a7b4330e4aaf7796e4e03abbb6f112ce6"
"experiment-026/runs/wan-direct-cache-pipeline-no-checkpoints-001/development-01-factual/request.json","807","0edc01fa7d0bef08e4521552ae96ea7042a6824492deee71cce727d35f6cd0ed"
"experiment-026/runs/wan-direct-cache-pipeline-no-checkpoints-001/process.json","793","ed4c3c05cdf828f792318490c443eed49e2bf0e43de28072766e47050bff3aef"
"experiment-026/runs/wan-direct-cache-pipeline-no-checkpoints-001/server.stderr.log","112373","fcb52f6663f5457312ddfd08e60eea76ce310ff6c94345b800730f55528fd1ab"
"experiment-026/runs/wan-direct-cache-pipeline-no-checkpoints-001/server.stdout.log","0","e3b0c44298fc1c149afbf4c8996fb92427ae41e4649b934ca495991b7852b855"
"experiment-026/runs/wan-direct-cache-pipeline-no-checkpoints-001/startup.json","160","0a53193bb53f25be8b06add65df16fbff5fece887b489be17b46d25113db93f0"
"experiment-026/runs/wan-ordinary-profile-001/configuration.json","6555","5eda18fa9cd3d71ef263c35ce7b29739e7accc543d4b7d9bb2945a95b044b4db"
"experiment-026/runs/wan-ordinary-profile-001/development-01-factual/events.jsonl","97083","0bc8376c39e02b9ebe9c8b83a01c577af5221bb5b3dea0d85c33354002d8c2cb"
"experiment-026/runs/wan-ordinary-profile-001/development-01-factual/metrics.json","9686","99b46f9715628b4399c90229b07ab277de2c2c2dcca0e80264eaa6ad4d2032fb"
"experiment-026/runs/wan-ordinary-profile-001/development-01-factual/output.json","3852","832fea0824db98ca95acfeb733c67341808cf76ba536d831209f8f3544df8c7b"
"experiment-026/runs/wan-ordinary-profile-001/development-01-factual/prompt.json","970","2af3133e606f91b308e3adabbdd1318a7b4330e4aaf7796e4e03abbb6f112ce6"
"experiment-026/runs/wan-ordinary-profile-001/development-01-factual/request.json","807","5800eaab7185dae9faeb29db00b02b071d04ef87ff22ed2ebc681ddabaf1b040"
"experiment-026/runs/wan-ordinary-profile-001/process.json","775","eeeb79be24093579b537622758c2b3dcbf140fca1435b3e727e715f1cd069768"
"experiment-026/runs/wan-ordinary-profile-001/server.stderr.log","187431","61f14b319f711c929ed9184663d7d2514a0a9c02cd51a32ec8b1c516e6f49b93"
"experiment-026/runs/wan-ordinary-profile-001/server.stdout.log","0","e3b0c44298fc1c149afbf4c8996fb92427ae41e4649b934ca495991b7852b855"
"experiment-026/runs/wan-ordinary-profile-001/startup.json","136","40619b2e2235dbc77ae1ec65d0a0e84f7582b34e86c34bfedd2174e8420ae54c"
"experiment-026/runs/wan-replica-control-001/configuration.json","10354","28369a122618ea2a34c5c5e347f156ff4533de061e6811a6274c1e8dac5cf204"
"experiment-026/runs/wan-replica-control-001/development-01-factual/prompt.json","970","2af3133e606f91b308e3adabbdd1318a7b4330e4aaf7796e4e03abbb6f112ce6"
"experiment-026/runs/wan-replica-control-001/development-01-factual/request.json","807","5800eaab7185dae9faeb29db00b02b071d04ef87ff22ed2ebc681ddabaf1b040"
"experiment-026/runs/wan-replica-control-001/process.json","809","556e47d20d2270c67780329e63ad3ea6974342d9ab246fcbe4577ccc7ff19641"
"experiment-026/runs/wan-replica-control-001/server.stderr.log","60158","61d237bb5dddbfb6cb98e21a7be96230cbf24dcef0202aa15a18336f49c9a8eb"
"experiment-026/runs/wan-replica-control-001/server.stdout.log","0","e3b0c44298fc1c149afbf4c8996fb92427ae41e4649b934ca495991b7852b855"
"experiment-026/runs/wan-replica-control-001/startup.json","170","933efbfc1d7a3986913b8bba7aee8c59889af539dd1cae3dad437b5539e31d90"
"experiment-026/runs/wan-replica-control-002/configuration.json","10354","7d222b81b46d2102af4d3d23d113aaf21b4236f9058cb1ab63a81bdef09eed3d"
"experiment-026/runs/wan-replica-control-002/failure.json","183","2b865c38700561a5c33f26e92c1c49eb6313ef234cb3819a9fd5dcee87973a1d"
"experiment-026/runs/wan-replica-control-002/process.json","809","077fd44fc739c15f05d9816f3afc050e097f433b18f915f892f63fbc61484434"
"experiment-026/runs/wan-replica-control-002/server.stderr.log","28152","9fb8c28d659a2b5b0ab38f6245baca5a6123885d8d5f5ec80574afa9e29301a1"
"experiment-026/runs/wan-replica-control-002/server.stdout.log","0","e3b0c44298fc1c149afbf4c8996fb92427ae41e4649b934ca495991b7852b855"
"experiment-026/runs/wan-replica-control-003/configuration.json","10657","f256987c5010be73d97b987d5f922b9098f1722140a7a5b1fc558f40ef9922bd"
"experiment-026/runs/wan-replica-control-003/development-01-factual/events.jsonl","97011","093df91dd5a0cf9af7319c21e86f0dfaf182352cad253e8124c3322295060243"
"experiment-026/runs/wan-replica-control-003/development-01-factual/metrics.json","13961","76f58ae20f3269c03b5ce51c66d7bdf9d5c5c5b7b9c1bc049586cf4222a9b400"
"experiment-026/runs/wan-replica-control-003/development-01-factual/output.json","3852","7110064e3dc30c76efc7ad8927cbb5a0e8a552795f9409d06c9728fd67279d78"
"experiment-026/runs/wan-replica-control-003/development-01-factual/prompt.json","970","2af3133e606f91b308e3adabbdd1318a7b4330e4aaf7796e4e03abbb6f112ce6"
"experiment-026/runs/wan-replica-control-003/development-01-factual/request.json","807","5800eaab7185dae9faeb29db00b02b071d04ef87ff22ed2ebc681ddabaf1b040"
"experiment-026/runs/wan-replica-control-003/process.json","809","0d5857542c7d768646833180a7a21e629ccf462b15bbb9a7ba137b89975bc11d"
"experiment-026/runs/wan-replica-control-003/server.stderr.log","177134","e8b95cd8f48b83bfaf2f786ee18dba5036c05cb9067a2967e938dd254bfaed05"
"experiment-026/runs/wan-replica-control-003/server.stdout.log","0","e3b0c44298fc1c149afbf4c8996fb92427ae41e4649b934ca495991b7852b855"
"experiment-026/runs/wan-replica-control-003/startup.json","180","be32250ebdf63d74e8e81850dca3720e2e5e53c518c897e40c2e2dd33bcbb463"
"experiment-026/runs/wan-replica-kill-001/configuration.json","10838","130b000028053799eba54744d96fe83c01dfd2f7810bcd432d337ee6b678572b"
"experiment-026/runs/wan-replica-kill-001/development-01-factual/events.jsonl","97118","fbca2298e45c4a7af238552303f53bc931e100c5c97085194b0359d77d7c88b0"
"experiment-026/runs/wan-replica-kill-001/development-01-factual/failure_injection.jsonl","502","f2f197f73424a307cc871766435e16113df739dbff12ff9bff965bee77186e1e"
"experiment-026/runs/wan-replica-kill-001/development-01-factual/metrics.json","14841","e2dd6ae05aafd5d368c9545eac9179d9d0bc0159995846584b85e3419e7fe516"
"experiment-026/runs/wan-replica-kill-001/development-01-factual/output.json","3854","8b22ce2d0f2f5bf38a8eab70301b70336e94cef5c6ad9d52537c8c999a1729bf"
"experiment-026/runs/wan-replica-kill-001/development-01-factual/prompt.json","970","2af3133e606f91b308e3adabbdd1318a7b4330e4aaf7796e4e03abbb6f112ce6"
"experiment-026/runs/wan-replica-kill-001/development-01-factual/request.json","807","5800eaab7185dae9faeb29db00b02b071d04ef87ff22ed2ebc681ddabaf1b040"
"experiment-026/runs/wan-replica-kill-001/process.json","809","78837d89eabf15f101e14244acb6b0ce436ea20b4a270699943e464c45c67462"
"experiment-026/runs/wan-replica-kill-001/server.stderr.log","177074","b0571a7b2c759eae2f1bcab1eb0d453b991b6d74292bc7c128e9f7d7d8444e54"
"experiment-026/runs/wan-replica-kill-001/server.stdout.log","0","e3b0c44298fc1c149afbf4c8996fb92427ae41e4649b934ca495991b7852b855"
"experiment-026/runs/wan-replica-kill-001/startup.json","180","30aa5527b750fbe25117f73707325c8f814626e8b20dfdf7dd1e196c287cc2a1"
"experiment-026/runs/wan-routed-async-cas-profile-001/configuration.json","14032","a95ae36c62a950a1eab8a2ebb656f2f8c58ad592d4e5a930b72139197d3ca104"
"experiment-026/runs/wan-routed-async-cas-profile-001/development-01-factual/events.jsonl","20545","23e2461fbf143162e47b13809a8c9846c965a4f4492eab4e59ef0f45cae4ea84"
"experiment-026/runs/wan-routed-async-cas-profile-001/development-01-factual/prompt.json","970","2af3133e606f91b308e3adabbdd1318a7b4330e4aaf7796e4e03abbb6f112ce6"
"experiment-026/runs/wan-routed-async-cas-profile-001/development-01-factual/request.json","808","51a638945f11b0841425acde9cb97a8d56224229d16cfbc40eb107b65dc08a77"
"experiment-026/runs/wan-routed-async-cas-profile-001/failure.json","183","86971ec8f109cb572c4f18b33c7dfebfb0fdcc2169141784f06a66aa8e622168"
"experiment-026/runs/wan-routed-async-cas-profile-001/process.json","759","f12a5fedc29a3d1c7bbc9a5076d123f0814e12fd42b0da1c20f99a789fc5f826"
"experiment-026/runs/wan-routed-async-cas-profile-001/server.stderr.log","93678","0feb7ee93fe01646d157d4f5a5e38771f5712a936439e2b4ed84edc491c6f20b"
"experiment-026/runs/wan-routed-async-cas-profile-001/server.stdout.log","0","e3b0c44298fc1c149afbf4c8996fb92427ae41e4649b934ca495991b7852b855"
"experiment-026/runs/wan-routed-async-cas-profile-001/startup.json","149","165fe28784757b125b08c467f4ea795beb246c135482b140cc56914f6222ba48"
"experiment-026/runs/wan-routed-async-cas-profile-002/configuration.json","14205","1e76b191ac5d4c36105da72adf04a89fd72f022bf9c259936f284947054b425b"
"experiment-026/runs/wan-routed-async-cas-profile-002/development-01-factual/events.jsonl","194549","b01f1f6c3b664da40d98f21c78f12b8627962a2dabd1993ecd7de8dfbbf4c78f"
"experiment-026/runs/wan-routed-async-cas-profile-002/development-01-factual/metrics.json","19201","74f7122db4dd91adf094c261b241a3fa084627fc68657f692639abc179ee5c0f"
"experiment-026/runs/wan-routed-async-cas-profile-002/development-01-factual/output.json","4852","25bc41085b68fc4686557251277e6d494ecfee4b49f0f321b0c0d8a2c20d625e"
"experiment-026/runs/wan-routed-async-cas-profile-002/development-01-factual/prompt.json","970","2af3133e606f91b308e3adabbdd1318a7b4330e4aaf7796e4e03abbb6f112ce6"
"experiment-026/runs/wan-routed-async-cas-profile-002/development-01-factual/request.json","808","51a638945f11b0841425acde9cb97a8d56224229d16cfbc40eb107b65dc08a77"
"experiment-026/runs/wan-routed-async-cas-profile-002/process.json","759","534d4357f2341cca21614e2cbff668b837066b25245f2f269f36218f5a46efdc"
"experiment-026/runs/wan-routed-async-cas-profile-002/server.stderr.log","291534","4522fb94de6d03f2f6acbf2bd3e46f1e937d22dea08e734e4a0d3d8e06d168c2"
"experiment-026/runs/wan-routed-async-cas-profile-002/server.stdout.log","0","e3b0c44298fc1c149afbf4c8996fb92427ae41e4649b934ca495991b7852b855"
"experiment-026/runs/wan-routed-async-cas-profile-002/startup.json","150","b08d2c99fbc4a36e529c946cc39bdeea6ad1432971b8cf4ee366b1b92bf78d5a"
"experiment-026/runs/wan-routed-async-no-checkpoints-001/configuration.json","14241","8a352240a1fbd6f19883250a822d7e8330176f5906b90af411e638bade64aa62"
"experiment-026/runs/wan-routed-async-no-checkpoints-001/development-01-factual/events.jsonl","97003","4323e2f6133bc627f66789e0786cd5f7e0fd6dd46ecce8dd883e62e41c05c7eb"
"experiment-026/runs/wan-routed-async-no-checkpoints-001/development-01-factual/metrics.json","17727","615a4c22bcaac7488ee6e532e75c3c7add8083bdc52ddd9a845468d1f6ceca73"
"experiment-026/runs/wan-routed-async-no-checkpoints-001/development-01-factual/output.json","3849","cf6ddf60034b94df734d9786ef87a4707d7d89f865e00d4ae41fea5caac8f991"
"experiment-026/runs/wan-routed-async-no-checkpoints-001/development-01-factual/prompt.json","970","2af3133e606f91b308e3adabbdd1318a7b4330e4aaf7796e4e03abbb6f112ce6"
"experiment-026/runs/wan-routed-async-no-checkpoints-001/development-01-factual/request.json","807","5800eaab7185dae9faeb29db00b02b071d04ef87ff22ed2ebc681ddabaf1b040"
"experiment-026/runs/wan-routed-async-no-checkpoints-001/process.json","793","5ef35c202403710c18ab8e719e14a10bc1d37591698dcdea9412d334bd0728e0"
"experiment-026/runs/wan-routed-async-no-checkpoints-001/server.stderr.log","169179","1b8a641914a3d5acbdca4e7c5ea789fe8f10477cad1dc841fea07c898ff33673"
"experiment-026/runs/wan-routed-async-no-checkpoints-001/server.stdout.log","0","e3b0c44298fc1c149afbf4c8996fb92427ae41e4649b934ca495991b7852b855"
"experiment-026/runs/wan-routed-async-no-checkpoints-001/startup.json","153","40d55c2b2b8bf8bb5f4dfd931ba5f3504eaceb4015371dbe51481367162b8e62"
"experiment-026/runs/wan-routed-cache-pipeline-mtp-k3-001/configuration.json","14469","544f1c0e2c27d27de382251554e51b19d3dced50528eaa02c94061579518174a"
"experiment-026/runs/wan-routed-cache-pipeline-mtp-k3-001/development-01-factual/events.jsonl","35131","349b21fa62f4565e5fd8205db681c60eaf35eabecce80923d50a5519bde49282"
"experiment-026/runs/wan-routed-cache-pipeline-mtp-k3-001/development-01-factual/metrics.json","18023","af340bf416d7387193bec1b20d2255929e5342fad4b7612bbbf105c87886396b"
"experiment-026/runs/wan-routed-cache-pipeline-mtp-k3-001/development-01-factual/output.json","3933","045aa9cc76f7bf8b5d36c0ce8153ca8542bf2cc22d0761e497c08981ae950d2d"
"experiment-026/runs/wan-routed-cache-pipeline-mtp-k3-001/development-01-factual/prompt.json","970","2af3133e606f91b308e3adabbdd1318a7b4330e4aaf7796e4e03abbb6f112ce6"
"experiment-026/runs/wan-routed-cache-pipeline-mtp-k3-001/development-01-factual/request.json","807","5800eaab7185dae9faeb29db00b02b071d04ef87ff22ed2ebc681ddabaf1b040"
"experiment-026/runs/wan-routed-cache-pipeline-mtp-k3-001/process.json","1010","ec098dd80f6ee1b65e7b090763618017f1be40c676a46b3fe85baaa27062faf8"
"experiment-026/runs/wan-routed-cache-pipeline-mtp-k3-001/server.stderr.log","116842","f58684e2562964269ee2c7ea03e2a1fc0920e2a9f7b45dcf8e6bc02fe95cbe77"
"experiment-026/runs/wan-routed-cache-pipeline-mtp-k3-001/server.stdout.log","0","e3b0c44298fc1c149afbf4c8996fb92427ae41e4649b934ca495991b7852b855"
"experiment-026/runs/wan-routed-cache-pipeline-mtp-k3-001/startup.json","159","0dc559fb2cb9f84d103d5c6c4de3b9431d2aec5a85fab000e745d3f65e775f41"
"experiment-026/runs/wan-routed-cache-pipeline-mtp-k8-001/configuration.json","14469","3f0956f79d2ed12ba94cf13b2a6b33cc9719cf1a0d862796255e7b26b2b3b66b"
"experiment-026/runs/wan-routed-cache-pipeline-mtp-k8-001/development-01-factual/events.jsonl","35218","a2e508bd3ce80efec921de9ce7c8d088803a31b7d031e70be3b4b0deff765985"
"experiment-026/runs/wan-routed-cache-pipeline-mtp-k8-001/development-01-factual/metrics.json","18045","e633c9dd3ffed43556152bc23387e80d6930285d250f0ff7e3aee164c7323c45"
"experiment-026/runs/wan-routed-cache-pipeline-mtp-k8-001/development-01-factual/output.json","3946","d53b6302470de33f755083b66039f7f33d10720dc470afdd74919f9ff9a011e5"
"experiment-026/runs/wan-routed-cache-pipeline-mtp-k8-001/development-01-factual/prompt.json","970","2af3133e606f91b308e3adabbdd1318a7b4330e4aaf7796e4e03abbb6f112ce6"
"experiment-026/runs/wan-routed-cache-pipeline-mtp-k8-001/development-01-factual/request.json","807","5800eaab7185dae9faeb29db00b02b071d04ef87ff22ed2ebc681ddabaf1b040"
"experiment-026/runs/wan-routed-cache-pipeline-mtp-k8-001/process.json","1009","2f4e623378ab7fbadbf583386714d1399f2ac22f15d301d0a243b24e4b6382c8"
"experiment-026/runs/wan-routed-cache-pipeline-mtp-k8-001/server.stderr.log","129360","6f57110a7c2c8654b429f33917bd19523217f988b4d5fe1ddc65a89b89d03523"
"experiment-026/runs/wan-routed-cache-pipeline-mtp-k8-001/server.stdout.log","0","e3b0c44298fc1c149afbf4c8996fb92427ae41e4649b934ca495991b7852b855"
"experiment-026/runs/wan-routed-cache-pipeline-mtp-k8-001/startup.json","159","394bf8cbca78d51ca46b7fe0c0dfd7312e4eeeacbcab51f844d49fd7a794cdd2"
"experiment-026/runs/wan-routed-cache-pipeline-no-checkpoints-001/configuration.json","14247","65a434899cb67213736ef741c13931a108cffbfa32aad2fb8a5e35a86bce814b"
"experiment-026/runs/wan-routed-cache-pipeline-no-checkpoints-001/development-01-factual/events.jsonl","49210","8335543a3fbb7630aa7dbd10c23bf9dc5bcfe6c8693b43a7b7dcf0166599cdeb"
"experiment-026/runs/wan-routed-cache-pipeline-no-checkpoints-001/development-01-factual/metrics.json","16996","fd5a445df7d4060c3bfc1c21b773156d3d6b23a3bac6ba0ef59de3f23327f7c9"
"experiment-026/runs/wan-routed-cache-pipeline-no-checkpoints-001/development-01-factual/output.json","3352","43542764f3fa519c61c1effaee68b60c3f8711d2460966deca98ac3e88029a57"
"experiment-026/runs/wan-routed-cache-pipeline-no-checkpoints-001/development-01-factual/prompt.json","970","2af3133e606f91b308e3adabbdd1318a7b4330e4aaf7796e4e03abbb6f112ce6"
"experiment-026/runs/wan-routed-cache-pipeline-no-checkpoints-001/development-01-factual/request.json","807","0edc01fa7d0bef08e4521552ae96ea7042a6824492deee71cce727d35f6cd0ed"
"experiment-026/runs/wan-routed-cache-pipeline-no-checkpoints-001/process.json","792","c50adc2aa960e35527e89e297f3e50e69631b0f9b4f7d2bb33c73c606b5df848"
"experiment-026/runs/wan-routed-cache-pipeline-no-checkpoints-001/server.stderr.log","113507","f7eafd38d92c89b7c52efa5a61fe7ca47001651b188644afaf862ac7263e3b6e"
"experiment-026/runs/wan-routed-cache-pipeline-no-checkpoints-001/server.stdout.log","0","e3b0c44298fc1c149afbf4c8996fb92427ae41e4649b934ca495991b7852b855"
"experiment-026/runs/wan-routed-cache-pipeline-no-checkpoints-001/startup.json","159","28feebd9c7d453d77fdc2d1cbf8dc7a3cef25cd13f90448d33889e44cf49c904"
"experiment-026/runs/wan-routed-mtp-k8-no-checkpoints-001/configuration.json","14463","f344b8c0d6df10193406f5c41fde611781b4d063d111f4cd5e02fbc57206aceb"
"experiment-026/runs/wan-routed-mtp-k8-no-checkpoints-001/failure.json","183","3fb181df26a811a14bff717d3d8e3db18efd9b114c1428c0d92463c71c9396a1"
"experiment-026/runs/wan-routed-mtp-k8-no-checkpoints-001/process.json","1010","854d980d70a0d7e5308980c5e12b3001937ee19219c9457beff3d2b752c1ca2f"
"experiment-026/runs/wan-routed-mtp-k8-no-checkpoints-001/server.stderr.log","37298","5560b77dabeb2d4dda192a3c4220bcaf589a08a1d9b6b872ecc8ca5b91e2ed2f"
"experiment-026/runs/wan-routed-mtp-k8-no-checkpoints-001/server.stdout.log","0","e3b0c44298fc1c149afbf4c8996fb92427ae41e4649b934ca495991b7852b855"
"experiment-026/runs/wan-routed-sync-profile-001/configuration.json","6573","f1a773bce8993f1bc42c4b5009f91462216f068e56b494a3e5ec1bd0cb084318"
"experiment-026/runs/wan-routed-sync-profile-001/failure.json","209","cf1359211094232848865c271c9a61e5675f9ba5ae0f2fc56288322996cac589"
"experiment-026/runs/wan-routed-sync-profile-001/process.json","759","a86f3d375f46006b295d057554995b5b69a33774bdaf978a3c78db3c51a6833d"
"experiment-026/runs/wan-routed-sync-profile-001/server.stderr.log","273","5d357b6e30ef285ba7c09c01b522b0da43c82776ec372b2f023a986b34d03f72"
"experiment-026/runs/wan-routed-sync-profile-001/server.stdout.log","0","e3b0c44298fc1c149afbf4c8996fb92427ae41e4649b934ca495991b7852b855"
"experiment-026/runs/wan-routed-sync-profile-002/configuration.json","6573","f1a773bce8993f1bc42c4b5009f91462216f068e56b494a3e5ec1bd0cb084318"
"experiment-026/runs/wan-routed-sync-profile-002/development-01-factual/events.jsonl","79598","67fa42b8551d09fdd8ccca14f50cb2e07b9b25ec0b275102461b26c1384b0e50"
"experiment-026/runs/wan-routed-sync-profile-002/development-01-factual/prompt.json","970","2af3133e606f91b308e3adabbdd1318a7b4330e4aaf7796e4e03abbb6f112ce6"
"experiment-026/runs/wan-routed-sync-profile-002/development-01-factual/request.json","807","5800eaab7185dae9faeb29db00b02b071d04ef87ff22ed2ebc681ddabaf1b040"
"experiment-026/runs/wan-routed-sync-profile-002/failure.json","183","784788beee2b212c884d2d1e915ca68dab9942a75911c8fb3ca8bff9c6aab77a"
"experiment-026/runs/wan-routed-sync-profile-002/process.json","759","a47f03a84e89c2e4a803c2c185de7c38250f11b8eee3b4f3d63bde0679d37f17"
"experiment-026/runs/wan-routed-sync-profile-002/server.stderr.log","163606","f18648b7dd8fcdc90cb3427053b7609fb51f642b76f285b62d3382078bd2dd8a"
"experiment-026/runs/wan-routed-sync-profile-002/server.stdout.log","0","e3b0c44298fc1c149afbf4c8996fb92427ae41e4649b934ca495991b7852b855"
"experiment-026/runs/wan-routed-sync-profile-002/startup.json","137","a6232defeebe4cd83053dab3d8e26de3f25dbe91c269817eaecdf30bc8924bbc"
"experiment-026/seal/configuration.json","9546","c965c8b83f2c7d69de46abb28dbd3eabbb9b2f54af05f8391cb7a3758c286c9c"
"experiment-026/services/wan-recovery-b-tunnel-001/deployment.json","1108","957c15d329fc34f454b12f94acb53f9acc463d121251e9918e722906c3ff9ecd"
"experiment-026/services/wan-recovery-b-tunnel-001/tunnel.log","169","c2515afd8ef688de51d4573fd990fe54be12bdbcd20d4c71d34db5030fb8b1ef"
"experiment-026/services/wan-recovery-b-tunnel-002/deployment.json","1110","de69357096d128c22ca1cb102a521ade77d98abbe8f6b0e6d4feb6da029ea1f2"
"experiment-026/services/wan-recovery-b-tunnel-002/tunnel.log","119","d706517e218d8f674357eaa851b4ff69b5b9ee1eb6dca2df554ba92f1731c306"
"experiment-026/services/wan-recovery-b-tunnel-003/deployment.json","1110","877bbd303fb43c9d0563a0ae60eef135d18d8b459c0b0af4102f5b852dbf424f"
"experiment-026/services/wan-recovery-b-tunnel-003/tunnel.log","119","d706517e218d8f674357eaa851b4ff69b5b9ee1eb6dca2df554ba92f1731c306"
"experiment-026/services/wan-replica-services-001/deployment.json","1018","92aa2b38d740c6c36bf2f152782cad353e0542d18f86ca57a5deaaed52b44bdd"
"experiment-026/services/wan-replica-services-001/process.log","0","e3b0c44298fc1c149afbf4c8996fb92427ae41e4649b934ca495991b7852b855"
"experiment-026/services/wan-replica-services-001/replica.jsonl","58416","9ce65470088686e495a52656f6e2924a24069888fab03aa390e7bfdeb14ea83c"
"experiment-026/services/wan-replica-services-002/deployment.json","1018","19d5a1235ce733c9c08c0f31a5d0ef1fb3b4fcdc327ebc28769ff77c7e180c75"
"experiment-026/services/wan-replica-services-002/process.log","0","e3b0c44298fc1c149afbf4c8996fb92427ae41e4649b934ca495991b7852b855"
"experiment-026/services/wan-replica-services-002/replica.jsonl","18347","1b5913b9b25ced29e6c0751d015f5d61dca86bf34d4b6b53401e3b284368873e"
"experiment-026/services/wan-replica-services-003/deployment.json","1303","738ade18d29533ed88a6228da2b6070850784ee949683743c7a6a74733237dbb"
"experiment-026/services/wan-replica-services-003/process.log","0","e3b0c44298fc1c149afbf4c8996fb92427ae41e4649b934ca495991b7852b855"
"experiment-026/services/wan-replica-services-003/replica.jsonl","212162","800d5f70a1a60ae738c0f852f3561ebea5cc004723010ac633c36ff5ef5f0599"
"experiment-026/services/wan-replica-services-004/deployment.json","1303","0196f8b751a9deadbf85f1282ab040fee4738925d2a984014dccd53ba813836f"
"experiment-026/services/wan-replica-services-004/process.log","0","e3b0c44298fc1c149afbf4c8996fb92427ae41e4649b934ca495991b7852b855"
"experiment-026/services/wan-replica-services-004/replica.jsonl","205574","33cdfe4212b99b3617bc7bd7e8fe47bc4657692412efe9f5e89d79e884cb4cf9"
"experiment-026/services/wan-router-services-001/deployment.json","4575","dd850e404d42c1aa2e8b95abf9d8190607a87e2e09373484df59ef27b7e03460"
"experiment-026/services/wan-router-services-001/frontend.jsonl","198913","6944084c1baf63cce7e26911ac052b669d9cfca680975d9f81d01133cafbe694"
"experiment-026/services/wan-router-services-001/frontend.log","0","e3b0c44298fc1c149afbf4c8996fb92427ae41e4649b934ca495991b7852b855"
"experiment-026/services/wan-router-services-001/stopped.json","156","c7d777d100d365ffad99cb8276c7804e642e4c16a4960d44581c0ea644ea6902"
"experiment-026/services/wan-router-services-001/tunnel.log","119","d706517e218d8f674357eaa851b4ff69b5b9ee1eb6dca2df554ba92f1731c306"
"experiment-026/services/wan-router-services-002/deployment.json","4792","dd4087253bfb9c4017dce93895f2021160643b099f860d1e06875a875a5d750a"
"experiment-026/services/wan-router-services-002/frontend.jsonl","133858","ed36c89e7a853bc3d7fe17669bcd269866aff71057460e5c86248a82381679e7"
"experiment-026/services/wan-router-services-002/frontend.log","0","e3b0c44298fc1c149afbf4c8996fb92427ae41e4649b934ca495991b7852b855"
"experiment-026/services/wan-router-services-002/readiness.json","99","f9184f34d431babae9c8d9fad969a45e17e5ae1900c2021559ce5b2f18d96539"
"experiment-026/services/wan-router-services-002/stopped.json","156","6911969c8ad3dba152a6f31ddc9c3a55aced8ae38fd1623ca407c55770ef6b2d"
"experiment-026/services/wan-router-services-002/tunnel.log","119","d706517e218d8f674357eaa851b4ff69b5b9ee1eb6dca2df554ba92f1731c306"
"experiment-026/services/wan-router-services-003/deployment.json","4953","a4818d7d922531c12e02f004801ad9b842c3ad7b43f99886ff05b9f71866ec35"
"experiment-026/services/wan-router-services-003/frontend.jsonl","796817","44b652bcfa263e2cd9c261513451d1e3c745fcc8d0aba19ecb0782a1721f7a1e"
"experiment-026/services/wan-router-services-003/frontend.log","0","e3b0c44298fc1c149afbf4c8996fb92427ae41e4649b934ca495991b7852b855"
"experiment-026/services/wan-router-services-003/readiness.json","99","a98e8eaaf0d70ddd338b88198ecd1973e984b4be7326f7ae9ff6b33ffee4f246"
"experiment-026/services/wan-router-services-003/stopped.json","156","d840a1ea5ec33ab462b99d256e41fb11d6c0e591745b8b0838a39c5c323bc272"
"experiment-026/services/wan-router-services-003/tunnel.log","119","d706517e218d8f674357eaa851b4ff69b5b9ee1eb6dca2df554ba92f1731c306"
"experiment-026/services/wan-router-services-004/deployment.json","4952","5653d4c35f598cc96b58f73d79f508521f08a4cec1fb647f0d6e76102a94849c"
"experiment-026/services/wan-router-services-004/frontend.jsonl","495072","3fc2addfccdac0f5959df7c178705e214dbef2785271a3ddec85fc79bfbeb152"
"experiment-026/services/wan-router-services-004/frontend.log","0","e3b0c44298fc1c149afbf4c8996fb92427ae41e4649b934ca495991b7852b855"
"experiment-026/services/wan-router-services-004/readiness.json","99","b9e0a92019b423e8f9f0de110c8558972cf82b056a7c8095d535c04897456a3b"
"experiment-026/services/wan-router-services-004/stopped.json","165","374ba4145bf76d1bc68e12224ebd3bd47afa9444216d1d432b4659e397ec933e"
"experiment-026/services/wan-router-services-004/tunnel.log","119","d706517e218d8f674357eaa851b4ff69b5b9ee1eb6dca2df554ba92f1731c306"
"experiment-026/services/wan-router-services-005/deployment.json","4951","7bd80368ab0f431049ed1aa2ee32d1a8a8b97713a156fde9ee8cf5de2e0c3164"
"experiment-026/services/wan-router-services-005/frontend.jsonl","174050","02ee0d874dfeed4074b17f53501048360cd9a991c373e1ea2e5151efa71a4412"
"experiment-026/services/wan-router-services-005/frontend.log","0","e3b0c44298fc1c149afbf4c8996fb92427ae41e4649b934ca495991b7852b855"
"experiment-026/services/wan-router-services-005/readiness.json","99","8ab90933036eb7fe57d3cf2dc0f228fc82fe4f3c991bc90aa71b067300a8fd6b"
"experiment-026/services/wan-router-services-005/stopped.json","166","1cceecd0d10fc5c66bff6bd9afb4660900553c67dc94f4f06d52ff8285a0e727"
"experiment-026/services/wan-router-services-005/tunnel.log","119","d706517e218d8f674357eaa851b4ff69b5b9ee1eb6dca2df554ba92f1731c306"
"experiment-026/services/wan-router-services-006/deployment.json","4950","800f38389ae0e1584bca54c318de605226a35d82f6b94825c02e9f9e1442f22b"
"experiment-026/services/wan-router-services-006/frontend.jsonl","160859","272290e1f6977b62c25723837aafa2d15acbf64db9968b86c7441e0dccf9288d"
"experiment-026/services/wan-router-services-006/frontend.log","0","e3b0c44298fc1c149afbf4c8996fb92427ae41e4649b934ca495991b7852b855"
"experiment-026/services/wan-router-services-006/readiness.json","99","37efd08d7a2e602dcbf08f6f8989937a5848571664ccc3e8d29e8c1eb8c53eb6"
"experiment-026/services/wan-router-services-006/stopped.json","165","c3a14b9ff1a7376e0897343265253e5e76be174d091b4f1649d4e2ef5ea194bd"
"experiment-026/services/wan-router-services-006/tunnel.log","119","d706517e218d8f674357eaa851b4ff69b5b9ee1eb6dca2df554ba92f1731c306"
"experiment-026/services/wan-router-services-final-001/deployment.json","4988","21b94e6e80f6cedc2f92a86de57b49bb0440139fa3e90f012f0107b619136989"
"experiment-026/services/wan-router-services-final-001/frontend.jsonl","931223","711ba0ffd0b1f0d5d98b32f3478abf97fc02d52f974233b939381c6b6233c254"
"experiment-026/services/wan-router-services-final-001/frontend.log","0","e3b0c44298fc1c149afbf4c8996fb92427ae41e4649b934ca495991b7852b855"
"experiment-026/services/wan-router-services-final-001/readiness.json","99","7591c54072bc6457090d67402acd1b95fbfddcb243b17ca2f39b6a3403a771dc"
"experiment-026/services/wan-router-services-final-001/tunnel.log","119","d706517e218d8f674357eaa851b4ff69b5b9ee1eb6dca2df554ba92f1731c306"
"experiment-026/services/wan-services-001/50478198.json","2030","6086261f9b27464860d902b609f47c55436fe85ac260c7fba7f29ff746cd308c"
"experiment-026/services/wan-services-001/50478198-hardware.json","8463","f300ccf130efb5603d797269c203ac7a367150bba3d87f3f2c452c100b7ed5f8"
"experiment-026/services/wan-services-001/50478198-tunnel.log","119","d706517e218d8f674357eaa851b4ff69b5b9ee1eb6dca2df554ba92f1731c306"
"experiment-026/services/wan-services-001/50478207.json","2513","a1798dd3b59858e0fe6e738713ce62053b466d35b5d9d94f7d5c5e4066a160d6"
"experiment-026/services/wan-services-001/50478207-hardware.json","8523","2de3d017e77a6174e212b0b1cf585e367d4df4d12f85eeca710c8ebca2d893ae"
"experiment-026/services/wan-services-001/50478207-tunnel.log","171","a8b606ec78d9ae62c3abbcca8f744eab5a2dd6e22be3b7ba47fa34e57d5b7d73"
"experiment-026/services/wan-stage-a-restart-after-kill-001/deployment.json","684","a2cdf9f8d39cb8e47e595ce10bcabfc9cdafec2fb3f283688627dd074340eb4d"
"experiment-026/state/local-hybrid-restore-001/config.json","206","1e3c20bc3adfbd086a48da6533d42c8d5316313ccea72087da4e325d5b85ae25"
"experiment-026/state/local-hybrid-restore-001/control.json","94090","6399cbbc8917272fdd05f3f2bba136e8b033bc607313459d0917bd72b2f318e7"
"experiment-026/state/local-hybrid-restore-001/control/commands.jsonl","147267","dfb612aa6a0cc01ca4f8afc420708d7023770308a82e78e637d27f2cb45b65f0"
"experiment-026/state/local-hybrid-restore-001/control/probe.stderr.log","131888","7d55f500f71e38d82e3b5b8f61c84f1b6a69feb5fbc4c3d56de7f5e25411ddbd"
"experiment-026/state/local-hybrid-restore-001/control/ready.json","123","9bfe184550a0a8976d00399e98af2e70eadab7ddd6c3091f37ecdb1c291b57a9"
"experiment-026/state/local-hybrid-restore-001/receipt.json","1415","a57d35e4a2efe8990d3cf7b0f90b741ac8e1d9c1e7cdfe96d186a47b7afd34a6"
"experiment-026/state/local-hybrid-restore-001/replacement/commands.jsonl","78339","b9fc29b0b16ea6d2ebf11f3cd63862cd7e4444aa745319d24a95a2c134724ae4"
"experiment-026/state/local-hybrid-restore-001/replacement/probe.stderr.log","130341","eeaa9bfc0b6863c4ee752f96d4f87473d9df99784d9d13c36a27d02b2b5e8c34"
"experiment-026/state/local-hybrid-restore-001/replacement/ready.json","123","36dc6bb1e3ce6c5ae626e2e029726c9d001f4de7d241facb5cd8ddab5b229e83"
"experiment-026/summary.json","9248","ffa746a9e8441ad1d1b62165ff7ec7b3c0e76f63f70ce74058f4e4bf5b3ebbd6"
"experiment-026/summary-canonical.json","9600","26f612ad9e0d3fa4a92e4504294c37e53af6debd5f6444d7ac7d92b6de848dc2"
"experiment-026/summary-canonical-v3.json","10070","cde81c61f37aee359d64ec06ec8efab26a9857f6e3811a0fd6ac6286a9550da8"
"experiment-026/summary-final.json","10092","32bfdeea7286043f0cff86ae50a6b29222f94ea36756d1721634c8c555322673"
"experiment-026/synthesis-lineage.json","2885","75d5d642d4b97232f21c13864e42b3288e6324ec1ae213a24b55e4581de2fb8d"
"experiment-026/validation/final-evidence.json","12261","b6592728785923aa6415c3b56c3b1e84156e0b68a5e3da90c429f5259fb19aa9"
"experiment-026/validation/final-evidence-v2.json","7249","39361a301d76fd989ef2b66f7c94bb2a0a0093445c6bb9c853431d3ee20cef5f"
"experiment-026/validation/final-report.json","3263","71e3cac7399a647d036356dfa740409c9345a9b103274121b9e6b988fca87b01"
"experiment-026/validation/final-report-v2.json","3230","fdfd6562f625175a742cec5b7448d3d8f29a91947c7d5d9fadf3e26bc7e19c2d"
"experiment-026/validation/lineage.json","1160","d3d16a499e6fbbab84f980354ca1edaddbdfc24f19da452e6d264952f31ae1f8"
"experiment-026/validation/model-hashes-final.json","696","0385e23bf1a5f27711349c9924789a03f15b9622351a59c275821e6a3eef1230"
